split,structure_split,variant,seed,K,C,U_symbol,U_cont_log2,U_cont_K,U_random_symbol,mse_symbol,mse_cont_log2,mse_cont_K,mse_random,mse_full,low_signal,usage_entropy,rank_norm,rank_score,trans_pred,future_mi,dyn_score,trans_pred_null,future_mi_null,dyn_score_null,dyn_score_delta
id,train_mixed,original,0,8,0.0,0.852777730911495,0.8509500414343442,0.9715186592144363,-0.0007601347062551527,0.24595758318901062,0.24728769063949585,0.1595434546470642,0.8665695786476135,0.13881605863571167,0,0.938506007194519,0.22610078752040863,0.7247844412922859,0.8063668831766995,0.3713120175711168,0.6758504234950246,0.08706483839025458,0.0027297735384756313,0.061764318934720897,0.6140861045603037
id,train_mixed,original,0,8,0.5,0.8573780257762231,0.842938051238703,0.9713476404747119,-0.0013067509279414415,0.24723106622695923,0.25785309076309204,0.16339518129825592,0.8779171109199524,0.14231854677200317,0,0.9281812906265259,0.2254350781440735,0.7173574268817902,0.8230305688565485,0.35007717320025133,0.6811445501596592,0.10903407419412059,0.0018274473802353704,0.07687208614995503,0.6042724640097042
id,train_mixed,original,0,8,1.0,0.839119835911527,0.8301106807558437,0.966438617129317,-0.0011419831093939178,0.2609236538410187,0.2674860954284668,0.16818220913410187,0.8721546530723572,0.14373545348644257,0,0.9502487182617188,0.2255842536687851,0.7328493788838386,0.8165546481296349,0.3366295698245723,0.672577124638116,0.07342758874518873,0.0014694658105790716,0.05184015186480583,0.6207369727733102
id,train_mixed,original,0,8,2.0,0.8124154081955937,0.7835052522317585,0.9495907531037212,-0.0005028175861521088,0.2764747440814972,0.2945866882801056,0.19053566455841064,0.7854454517364502,0.15895473957061768,0,0.9697265625,0.22410079836845398,0.7460388332605361,0.7345354626663332,0.30234102887401376,0.6048771325286373,0.04621081829819673,0.001684194962004586,0.03285283129733909,0.5720243012312982
id,train_mixed,original,0,8,3.0,0.7517330859189244,0.7360530545952486,0.9291567278975176,-0.0011266788337800362,0.2869895398616791,0.2948235273361206,0.19834592938423157,0.6625670790672302,0.1629515290260315,0,0.936152458190918,0.22963128983974457,0.7241961076855659,0.7367556726976465,0.22301644523867398,0.5826339044599548,0.07378577127938568,0.0025101421828062982,0.052403082550411866,0.530230821909543
id,train_mixed,original,0,8,5.0,0.7348768499807844,0.7304950538084198,0.9044726826864441,-0.0015507732040626067,0.2407320886850357,0.24248968064785004,0.17270512878894806,0.535500168800354,0.13438795506954193,0,0.9276162385940552,0.246110737323761,0.7231645882129669,0.7727531463714274,0.2751359015052452,0.6234679729115727,0.08219526428617474,0.0025415176695378415,0.05829914030118367,0.5651688326103891
id,train_mixed,original,0,8,8.0,0.5362817685570042,0.6465863537425172,0.8395764081216239,6.626220307453488e-06,0.26303938031196594,0.22632725536823273,0.1620953381061554,0.4415273666381836,0.10870235413312912,0,0.9823992848396301,0.284476637840271,0.7730224907398224,0.6376424149707116,0.1465895095725481,0.4903265433512625,0.019445731619920692,0.0019612500334424683,0.014200387143977224,0.4761261562072853
id,train_mixed,original,0,8,12.0,0.2796429238484682,0.3194813657932092,0.7741587293761714,-0.00029779371248035117,0.3656177818775177,0.35246893763542175,0.20240077376365662,0.4579150974750519,0.1278609186410904,0,0.9890056252479553,0.30385974049568176,0.7834618598222732,0.5547202345990547,0.0918596613018694,0.4158620626098991,0.01765699739584692,0.0019342673940953424,0.012940178395321444,0.40292188421457764
id,train_mixed,original,0,8,16.0,0.6707407432719674,0.6741891073523469,0.9270088205567883,-0.0003769153386580084,0.2919057309627533,0.29020652174949646,0.16562756896018982,0.6224186420440674,0.12966057658195496,0,0.9764928221702576,0.27405911684036255,0.765762710571289,0.5514465448398811,0.19001551982362644,0.44301723733500464,0.026048260241644416,0.0011949029568064226,0.018592253056193015,0.42442498427881165
id,train_mixed,original,0,8,24.0,0.20467278995099952,0.19878374253813447,0.6026927781681727,-1.183014747461842e-06,0.48166418075561523,0.4828510284423828,0.4014493227005005,0.522912859916687,0.32137811183929443,0,0.9792250394821167,0.30310067534446716,0.7763877302408219,0.48899310897086257,0.05187073802044058,0.35785639768573596,0.025901387057807645,0.002331034227444722,0.018830281208698767,0.3390261164770372
id,train_mixed,original,0,16,0.0,0.8582796368585641,0.9235423120904581,0.9777594462360105,-0.002731357862181132,0.2419535517692566,0.19445841014385223,0.155001699924469,0.8665695786476135,0.13881605863571167,0,0.9499707818031311,0.22610078752040863,0.7328097835183144,0.7199328099084803,0.32381100192998463,0.6010962675149315,0.08273448722417998,0.003762424408698742,0.0590428683795356,0.5420533991353959
id,train_mixed,original,0,16,0.5,0.8782998762852783,0.9105453957185696,0.9788899601792227,-0.002299353325615073,0.23184098303318024,0.20812122523784637,0.157847061753273,0.8779171109199524,0.14231854677200317,0,0.9235453605651855,0.2254350781440735,0.714112275838852,0.7834460243699468,0.31981192554659876,0.6443557947229424,0.11058914132322217,0.0031281124700443647,0.07835083266726882,0.5660049620556735
id,train_mixed,original,0,16,1.0,0.8646799520941523,0.876189097788543,0.9795084567077341,-0.0013012192179408198,0.24230517446994781,0.23392169177532196,0.158661887049675,0.8721546530723572,0.14373545348644257,0,0.9488966464996338,0.2255842536687851,0.7319029286503791,0.7271597143782177,0.3026966527285283,0.5998207958833108,0.08566756534331976,0.0033341731237884987,0.060967547677460376,0.5388532482058505
id,train_mixed,original,0,16,2.0,0.8367325609826873,0.7860016440279827,0.9761144521286261,-0.0009380854114398849,0.26124027371406555,0.2930227220058441,0.17391881346702576,0.7854454517364502,0.15895473957061768,0,0.9569517374038696,0.22410079836845398,0.7370964556932449,0.7003543049342582,0.30005251968076296,0.5802637693582096,0.06815973148548582,0.0040448349337313646,0.048925262519959475,0.5313385068382501
id,train_mixed,original,0,16,3.0,0.7834166929327746,0.7670878430113105,0.9687314710603164,-0.0008586094416258915,0.27115991711616516,0.27931806445121765,0.17857377231121063,0.6625670790672302,0.1629515290260315,0,0.970718502998352,0.22963128983974457,0.7483923390507697,0.6887230537629123,0.23650876421689765,0.5530587668991078,0.051780705756589995,0.003636379357170382,0.03733740783676411,0.5157213590623437
id,train_mixed,original,0,16,5.0,0.7618258809054177,0.7810823798112688,0.977645632497139,-0.0013341166947177159,0.22992250323295593,0.222198486328125,0.14335456490516663,0.535500168800354,0.13438795506954193,0,0.9583469033241272,0.246110737323761,0.7446760535240173,0.6905558728731573,0.2560834536796086,0.5602141471150928,0.0596680880991346,0.003725712161903857,0.04288537531796537,0.5173287717971274
id,train_mixed,original,0,16,8.0,0.6057974905742576,0.6627732249749317,0.9566179117883078,-0.006060663449860566,0.2399028092622757,0.22093985974788666,0.12314099818468094,0.4415273666381836,0.10870235413312912,0,0.9742702841758728,0.284476637840271,0.7673321902751923,0.6319626735940798,0.15168440125742041,0.4878791918930819,0.04854674398976566,0.0034978020560050664,0.03503206140963748,0.4528471304834444
id,train_mixed,original,0,16,12.0,0.579700247783692,0.4028141234943663,0.9136019896737457,-0.005007413013738737,0.2665826082229614,0.32496461272239685,0.1563769429922104,0.4579150974750519,0.1278609186410904,0,0.9534193873405457,0.30385974049568176,0.7585514932870865,0.6159933965308646,0.12313011237880613,0.468134411285247,0.0695390323454056,0.003609478928438289,0.0497601663203154,0.41837424496493164
id,train_mixed,original,0,16,16.0,0.7140924181653113,0.7009451974653532,0.9412249155796129,-0.002514422061836977,0.2705438435077667,0.27702224254608154,0.15862247347831726,0.6224186420440674,0.12966057658195496,0,0.99330735206604,0.27405911684036255,0.7775328814983367,0.5644331267891827,0.21254073865775697,0.4588654103497549,0.01720410974857489,0.0045252704939626786,0.013400457972191226,0.44546495237756367
id,train_mixed,original,0,16,24.0,0.2702730279735667,0.20474066542213515,1.0,-0.003754888808443886,0.46844345331192017,0.4816505014896393,0.32137811183929443,0.522912859916687,0.32137811183929443,0,0.9794502854347229,0.30310067534446716,0.7765454024076461,0.513007433471801,0.07193610093300787,0.3806860337101631,0.029448500568077907,0.0032083952484906553,0.02157646897220173,0.35910956473796135
id,train_mixed,original,1,8,0.0,0.7703065233550617,0.8464169100084455,0.9752150080901281,-0.0002902414875644052,0.31229129433631897,0.25291216373443604,0.15242759883403778,0.9132622480392456,0.1330910623073578,0,0.9460534453392029,0.23886696994304657,0.7338975027203559,0.756749458446152,0.35413930119763215,0.635966411271596,0.06991163275849976,0.0017390623626713565,0.04945986163975124,0.5865065496318448
id,train_mixed,original,1,8,0.5,0.7970056120945884,0.8439341630775845,0.9771119974968505,-0.00019209099611618196,0.29725974798202515,0.2611614465713501,0.15871861577033997,0.9103310704231262,0.14111274480819702,0,0.9661034941673279,0.23722195625305176,0.7474390327930449,0.7316485905527251,0.34870220203973396,0.6167646739988277,0.0523590260838912,0.0019155854423231215,0.03722599389142077,0.579538680107407
id,train_mixed,original,1,8,1.0,0.7620214298001865,0.8373291182701387,0.9715581796283891,-0.0009745640133763767,0.31954777240753174,0.26432833075523376,0.16590473055839539,0.8783007860183716,0.14504973590373993,0,0.9627035856246948,0.23571079969406128,0.7446057498455048,0.695958320889048,0.3267059147177155,0.5851825990376481,0.057739617971234725,0.002318928026687905,0.04111341098787068,0.5440691880497774
id,train_mixed,original,1,8,2.0,0.704255794651758,0.7858196553203886,0.9574929373470452,-0.001237502909120228,0.3477921187877655,0.29467034339904785,0.18286114931106567,0.8064672946929932,0.15517669916152954,0,0.9419143199920654,0.22963255643844604,0.7282297909259796,0.7054945582329647,0.2805380192374706,0.5780075965343164,0.06137533121047456,0.002505469225148613,0.04371437261487677,0.5342932239194397
id,train_mixed,original,1,8,3.0,0.6066881809181879,0.6899149607404516,0.9332842742705096,-0.000690130924425086,0.35936295986175537,0.31667307019233704,0.1918405443429947,0.6705542802810669,0.15761974453926086,0,0.9686589241027832,0.22745773196220398,0.7462985664606094,0.6326727183000544,0.19665602904906654,0.5018677115247581,0.03778320978551675,0.0021478163137272108,0.027092591743979884,0.4747751197807782
id,train_mixed,original,1,8,5.0,0.5806835330537259,0.6668649445519104,0.8905270707619894,-0.0010572918600188087,0.30940374732017517,0.27339282631874084,0.17993555963039398,0.5520424842834473,0.13419227302074432,0,0.9809231162071228,0.24279476702213287,0.7594846114516257,0.6030880047246578,0.19934381513331406,0.48196474784725474,0.02326741543229338,0.0019918804675373145,0.01688475494286656,0.4650799929043882
id,train_mixed,original,1,8,8.0,0.48882654061022174,0.48839794846409185,0.8659306965536973,0.0002576629116206586,0.2989687919616699,0.29911473393440247,0.17055924236774445,0.4654214680194855,0.12490665912628174,0,0.9887758493423462,0.2646898031234741,0.7715500354766845,0.5872822831624132,0.14934899406993413,0.4559022964346694,0.018256758226955716,0.002044116049065396,0.013392965573588619,0.4425093308610808
id,train_mixed,original,1,8,12.0,0.27277252276820707,0.2427904052225523,0.7247851909452644,-0.000538894118366862,0.3990320861339569,0.40868550539016724,0.2534964084625244,0.4868573546409607,0.1648847907781601,0,0.9881640672683716,0.27149391174316406,0.7731630206108092,0.5370976596493202,0.09936907012679547,0.4057790827925628,0.019893689097867928,0.0015952493860991702,0.0144041571843373,0.3913749256082255
id,train_mixed,original,1,8,16.0,0.7438593217091956,0.6444775009403518,0.9042082077516571,0.00024097722098741104,0.274127334356308,0.325896292924881,0.19060003757476807,0.6616109013557434,0.14070115983486176,0,0.9767582416534424,0.26073259115219116,0.7619505465030669,0.502366766539706,0.1686175806429718,0.4022420107706857,0.026028768874546637,0.0014119121937994313,0.018643711870322474,0.38359829890036323
id,train_mixed,original,1,8,24.0,0.1776514977255171,0.08313614282035876,0.32858734872543127,-0.0027528624152433267,0.4648813009262085,0.4853927195072174,0.43212568759918213,0.5034346580505371,0.2864178717136383,0,0.9838883280754089,0.2608155906200409,0.7669665068387984,0.4423143231318327,0.04556478072526442,0.32328946040986223,0.022390074602691934,0.0016689574410936052,0.016173739454212435,0.3071157209556498
id,train_mixed,original,1,16,0.0,0.891923092805346,0.8994244486089782,0.982930396935985,-0.0009051042124705208,0.21740955114364624,0.21155720949172974,0.14640827476978302,0.9132622480392456,0.1330910623073578,0,0.9506685137748718,0.23886696994304657,0.7371280506253242,0.6963469156886725,0.332283598259468,0.5871279204599111,0.06577716983175785,0.0038714702603334455,0.04720545996033053,0.5399224604995806
id,train_mixed,original,1,16,0.5,0.9096453236186999,0.8921984399948486,0.9836709286743428,-0.0006276470627434748,0.21061521768569946,0.22403568029403687,0.15367336571216583,0.9103310704231262,0.14111274480819702,0,0.9036568403244019,0.23722195625305176,0.7037263751029967,0.7026104378417706,0.31860677359580447,0.5874093385679807,0.1221028638505346,0.003403599624489951,0.08649308458272119,0.5009162539852595
id,train_mixed,original,1,16,1.0,0.8987633730490455,0.8734027405700883,0.9804245051759741,-7.958113012723937e-05,0.21928159892559052,0.23787730932235718,0.1594034880399704,0.8783007860183716,0.14504973590373993,0,0.943374514579773,0.23571079969406128,0.7310754001140595,0.6864380492678863,0.32189480282805594,0.5770750753359372,0.08168805878500518,0.003138896344862081,0.05812331005296225,0.5189517652829749
id,train_mixed,original,1,16,2.0,0.8511777830064915,0.8061035561689684,0.972643036053506,-0.0011673088009043417,0.25210320949554443,0.28145962953567505,0.17299403250217438,0.8064672946929932,0.15517669916152954,0,0.9701400399208069,0.22963255643844604,0.7479877948760986,0.652201763930266,0.2700268203230932,0.5375492808481142,0.0540586159672678,0.0032533285729359897,0.03881702974896825,0.4987322510991459
id,train_mixed,original,1,16,3.0,0.7729655183793694,0.6923898569230421,0.9626004293592781,-0.0020301864591060243,0.2740735709667206,0.31540361046791077,0.17680327594280243,0.6705542802810669,0.15761974453926086,0,0.9641761779785156,0.22745773196220398,0.743160644173622,0.6230894866967895,0.24004007459198748,0.508174663065349,0.05397142076328043,0.0029518905717147,0.03866556170581071,0.4695091013595383
id,train_mixed,original,1,16,5.0,0.6734591106958687,0.6663566256712874,0.9785287517019892,0.0005962601153371047,0.2706374526023865,0.27360522747039795,0.1431640386581421,0.5520424842834473,0.13419227302074432,0,0.8834240436553955,0.24279476702213287,0.6912352606654166,0.6540943470116858,0.21592632550729685,0.5226439405603691,0.127287280860794,0.0038525030090565057,0.09025684750527274,0.43238709305509637
id,train_mixed,original,1,16,8.0,0.6288523296569398,0.489998714311083,0.9892513693374658,-0.00279490741158088,0.25128793716430664,0.2985696494579315,0.12856672704219818,0.4654214680194855,0.12490665912628174,0,0.9782466888427734,0.2646898031234741,0.7641796231269836,0.5937931880268899,0.16873670997131818,0.4662762446102183,0.03000099483397467,0.0028937449513058476,0.021868819869174022,0.44440742474104433
id,train_mixed,original,1,16,12.0,0.5874620664867792,0.2480564244912104,0.9663786347642336,-0.002686325163731204,0.29771068692207336,0.4069899916648865,0.17570994794368744,0.4868573546409607,0.1648847907781601,0,0.9749351739883423,0.27149391174316406,0.7639027953147888,0.5737806848332154,0.13730501603744583,0.4428379841944845,0.03574719317327746,0.0025832271454771616,0.025798003364937365,0.41703998082954713
id,train_mixed,original,1,16,16.0,0.8531360264635555,0.8325951498871735,0.958217599283888,-0.002027366762324287,0.2172040343284607,0.22790397703647614,0.16246601939201355,0.6616109013557434,0.14070115983486176,0,0.9744991660118103,0.26073259115219116,0.7603691935539245,0.5617427591860731,0.21163832539843308,0.45671142904978107,0.035598342188955634,0.003414648747817045,0.025943234156614058,0.43076819489316703
id,train_mixed,original,1,16,24.0,0.3160893313878637,0.10962739678997512,0.7973640030898635,-0.005082207535833834,0.4348379671573639,0.47964367270469666,0.3303932845592499,0.5034346580505371,0.2864178717136383,0,0.9643576145172119,0.2608155906200409,0.7532950073480605,0.5332971726986663,0.07805619922404534,0.39672488065628,0.0468585622888964,0.0031513878237099855,0.03374640994934047,0.3629784707069395
id,train_mixed,original,2,8,0.0,0.8953231484749528,0.7621527120346689,0.9454837487238257,-0.00016881024282549572,0.2315998375415802,0.33231818675994873,0.19366279244422913,0.908743143081665,0.15243151783943176,0,0.9446921944618225,0.21486133337020874,0.7257429361343384,0.7494608910301366,0.35863107087642676,0.6322119449840236,0.07039077642380354,0.00257224137897986,0.050045215910356426,0.5821667290736672
id,train_mixed,original,2,8,0.5,0.8849919167398527,0.7825950517967728,0.9441977745757987,-0.0006084231871575674,0.22922737896442413,0.30617815256118774,0.18473444879055023,0.8942947387695312,0.14279933273792267,0,0.9358510375022888,0.215491384267807,0.7197431415319443,0.811762910506958,0.36958812081664977,0.6791104735998654,0.07808986642742866,0.0011199008774303804,0.05499887676242917,0.6241115968374362
id,train_mixed,original,2,8,1.0,0.8455599255973757,0.801269862018917,0.9436308909902051,-0.0007665931859051885,0.2581690549850464,0.2906428575515747,0.18626269698143005,0.878139853477478,0.14493244886398315,0,0.9344882965087891,0.21345765888690948,0.7181791052222251,0.8048629235586794,0.3431139892032618,0.6663382432520542,0.08868858392460066,0.0019640571237944464,0.06267122588435879,0.6036670173676953
id,train_mixed,original,2,8,2.0,0.8685124522280112,0.8277529299280622,0.9271015056148116,-0.0008974477228132653,0.2415970116853714,0.26746851205825806,0.20440848171710968,0.7928723692893982,0.158137246966362,0,0.9596285820007324,0.20894421637058258,0.7344232723116875,0.7621878365041855,0.3186018168499691,0.6291120306079205,0.05783684549652257,0.0010172917967051491,0.04079097938657734,0.5883210512213431
id,train_mixed,original,2,8,3.0,0.7838416958763886,0.6549240249668091,0.8985076184352003,-0.0025073931096556614,0.26861029863357544,0.33101728558540344,0.21310235559940338,0.6480555534362793,0.16397151350975037,0,0.9449320435523987,0.2163965404033661,0.7263713926076888,0.7168052265771585,0.2283430728129108,0.5702665804478841,0.05461927940908051,0.0019388477535687702,0.03881514991242699,0.5314514305354572
id,train_mixed,original,2,8,5.0,0.6858123904995134,0.5958722843321457,0.8406269739304736,-0.0008736778672547464,0.26733842492103577,0.3027735650539398,0.2063436508178711,0.5375388860702515,0.14355291426181793,0,0.9832711219787598,0.2232583612203598,0.7552672937512397,0.6385352342388908,0.2144201190100249,0.511300699670231,0.02541983563539174,0.0016249212451233262,0.018281361318311214,0.49301933835191974
id,train_mixed,original,2,8,8.0,0.4482350238283181,0.40054531135043225,0.7844123197455453,-0.0005649783171691726,0.30976688861846924,0.32566553354263306,0.19769316911697388,0.4591980576515198,0.12582123279571533,0,0.9821219444274902,0.2290603220462799,0.756203457713127,0.6047712275924273,0.11393608251131693,0.45752068406809415,0.020689739461161594,0.0015486553124097549,0.01494741421653604,0.4425732698515581
id,train_mixed,original,2,8,12.0,0.29191390745989504,0.10965947145353883,0.5896871656918391,-0.0009995889136502304,0.3764030933380127,0.43288785219192505,0.2841164469718933,0.46687379479408264,0.15695124864578247,0,0.9451865553855896,0.2387988567352295,0.7332702457904815,0.5149440297799541,0.07704641589724828,0.3835747456151424,0.06782405001477676,0.0020070255651247846,0.048078942679881165,0.3354958029352612
id,train_mixed,original,2,8,16.0,0.6252767453015645,0.6175678005670932,0.8079847604436569,-0.0004936359997365871,0.3295900523662567,0.33330032229423523,0.24165375530719757,0.6305320858955383,0.14923794567584991,0,0.996403157711029,0.23038743436336517,0.7665984407067299,0.5453996348355448,0.17531214308508317,0.43437338731040626,0.0046063805728741025,0.001982767840687181,0.003819296753218026,0.43055409055718824
id,train_mixed,original,2,8,24.0,0.24503786236114355,0.10075802860270952,0.28707654847695546,-0.0023735915252744823,0.4642440378665924,0.49285924434661865,0.4559064507484436,0.5128427147865295,0.31451141834259033,0,0.9678421020507812,0.2458341121673584,0.7512397050857543,0.48422391540733634,0.05170893452842106,0.35446942114366176,0.036380977905482004,0.0018016209141178696,0.02600717080807276,0.328462250335589
id,train_mixed,original,2,16,0.0,0.9629327343590749,0.8320595791399875,0.982400724386661,2.8371469382436254e-06,0.1804659217596054,0.2794468104839325,0.16574205458164215,0.908743143081665,0.15243151783943176,0,0.9704658389091492,0.21486133337020874,0.743784487247467,0.7091397161861144,0.3468523123192242,0.6004534950260473,0.0531253521123608,0.003013059336160642,0.038091664279500746,0.5623618307465466
id,train_mixed,original,2,16,0.5,0.9350609968832687,0.8231692086471363,0.9824459084046295,-0.0002722874203509228,0.19160069525241852,0.2756868600845337,0.15599115192890167,0.8942947387695312,0.14279933273792267,0,0.9451372623443604,0.215491384267807,0.7262434989213943,0.7190145730376925,0.3468733800230974,0.607372215133314,0.0781706696095591,0.00309132701990003,0.05564686683266137,0.5517253483006526
id,train_mixed,original,2,16,1.0,0.932837352419634,0.838702981234563,0.9826799935193203,-0.001523918967442064,0.1941765993833542,0.2631966173648834,0.15763160586357117,0.878139853477478,0.14493244886398315,0,0.9392017126083374,0.21345765888690948,0.721478496491909,0.7312128295111016,0.34160089279781547,0.6143292484971157,0.08071661478160663,0.0036764084128123624,0.05760455287096835,0.5567246956261473
id,train_mixed,original,2,16,2.0,0.8796617400555395,0.8439756802653974,0.9824822092163618,-0.002259911781649476,0.23452016711235046,0.2571713626384735,0.16925640404224396,0.7928723692893982,0.158137246966362,0,0.9715532064437866,0.20894421637058258,0.7427705094218254,0.6733199005906747,0.29806260891074954,0.5607427130866971,0.04894479783518768,0.0031223926163606933,0.03519807626953958,0.5255446368171575
id,train_mixed,original,2,16,3.0,0.8520992368174553,0.7885460746104592,0.9837034838961496,-0.0020886323570560293,0.23556791245937347,0.2663329839706421,0.17186039686203003,0.6480555534362793,0.16397151350975037,0,0.948188066482544,0.2163965404033661,0.7286506086587905,0.676046169572152,0.240981761783892,0.545526847235674,0.06920873966442354,0.0029499676220340154,0.04933110805170667,0.49619573918396737
id,train_mixed,original,2,16,5.0,0.7438976721250353,0.6514981060290165,0.9947302474198988,0.0008350998835058355,0.24445363879203796,0.28085777163505554,0.1456291228532791,0.5375388860702515,0.14355291426181793,0,0.9597771167755127,0.2232583612203598,0.7388214901089668,0.6444006308871291,0.23027378897382408,0.5201625783131375,0.05674575889567379,0.002521545798447951,0.04047849496650604,0.4796840833466315
id,train_mixed,original,2,16,8.0,0.6022533874115322,0.5215241541639886,0.9851106758553119,-0.0014585737694513005,0.2584207355976105,0.2853339910507202,0.1307849884033203,0.4591980576515198,0.12582123279571533,0,0.9647083282470703,0.2290603220462799,0.7440139263868332,0.6299750271023956,0.1526555474959434,0.48677918322045993,0.055902699941144274,0.003723728616928971,0.04024900854387968,0.44653017467658024
id,train_mixed,original,2,16,12.0,0.450524675999048,0.44146337124463003,0.9743630204990251,-0.009459697911633263,0.3272460401058197,0.3300543427467346,0.16489672660827637,0.46687379479408264,0.15695124864578247,0,0.9693360328674316,0.2387988567352295,0.750174880027771,0.5456204175635899,0.09815107690882235,0.4113796153671596,0.048033805733567414,0.0036793386572257403,0.03472746561066491,0.3766521497564947
id,train_mixed,original,2,16,16.0,0.7119592763922886,0.672352479881562,0.9750278513926532,-0.0013661060494466364,0.28787025809288025,0.3069327771663666,0.16125689446926117,0.6305320858955383,0.14923794567584991,0,0.9845876097679138,0.23038743436336517,0.7583275571465492,0.5756631209382342,0.19095595707910093,0.4602509717804942,0.02737843139096774,0.0033478417784392317,0.020169254507209185,0.440081717273285
id,train_mixed,original,2,16,24.0,0.2561812404525151,0.18425988453009168,0.8489592771875856,0.0005692051593909686,0.4620339572429657,0.4762982130050659,0.34446752071380615,0.5128427147865295,0.31451141834259033,0,0.9804083108901978,0.2458341121673584,0.7600360512733458,0.5246430487029125,0.06742690222224972,0.38747820475871364,0.03178987237692421,0.0038941154334480744,0.023421145293881368,0.36405705946483224
id,train_mixed,original,3,8,0.0,0.9084049905808249,0.9317285924694058,0.9567998336319258,-0.0010898954464978992,0.21261468529701233,0.19574196636676788,0.17760497331619263,0.869771420955658,0.14635318517684937,0,0.9326159358024597,0.2299843579530716,0.7218264624476433,0.8065287618468242,0.36991009878485015,0.675543162928232,0.08333442003793967,0.0018754237710888477,0.05889672115788442,0.6166464417703476
id,train_mixed,original,3,8,0.5,0.8748968066073378,0.9298788375335258,0.9550511301047533,-0.0006443274590244518,0.2326935976743698,0.19306693971157074,0.17492476105690002,0.8632493615150452,0.1425292044878006,0,0.9422883987426758,0.22720009088516235,0.7277619063854217,0.7908209414085831,0.3779578518148056,0.6669620145304498,0.06661638784041801,0.0024083208962461366,0.04735396775716645,0.6196080467732833
id,train_mixed,original,3,8,1.0,0.8792413921887721,0.9264457064350956,0.9573060779871675,-0.00091542647892858,0.2374582290649414,0.20417490601539612,0.18241554498672485,0.8574031591415405,0.15231245756149292,0,0.9497984051704407,0.23113757371902466,0.7342001557350158,0.7934065429135422,0.34797908841208913,0.6597783065631062,0.055145832958472196,0.001988254843753875,0.039198559524056695,0.6205797470390495
id,train_mixed,original,3,8,2.0,0.8698691423110664,0.9186334528782483,0.9505895078005359,-0.0009709464941027555,0.24281933903694153,0.21330291032791138,0.1939603090286255,0.7693402767181396,0.16405275464057922,0,0.9640004634857178,0.22930940985679626,0.7435931473970413,0.7556679455462013,0.307225021723632,0.6211350683994304,0.042939478968584965,0.0019417374345477257,0.03064015650837379,0.5904949118910566
id,train_mixed,original,3,8,3.0,0.7765065128742273,0.8703307274946357,0.9151819038578264,-0.0007106862733836175,0.27236151695251465,0.22988489270210266,0.20957961678504944,0.6239058971405029,0.17118029296398163,0,0.9666444063186646,0.2367432713508606,0.7476740658283233,0.6922000126835182,0.24363833800550636,0.5576315102801146,0.036454127859648966,0.0018369883568588904,0.026068986008811943,0.5315625242713027
id,train_mixed,original,3,8,5.0,0.6439133969901732,0.8139844485539297,0.8857604802090893,0.00042002358629347037,0.28195634484291077,0.21580390632152557,0.18788522481918335,0.532418966293335,0.1434495449066162,0,0.9722000360488892,0.24954605102539062,0.7554038405418396,0.6683712431309732,0.22734163241931188,0.5360623599174748,0.03787137955785913,0.0011101903074294567,0.026843022782730225,0.5092193371347445
id,train_mixed,original,3,8,8.0,0.5340518791187289,0.6064546678750744,0.9019879625450121,0.000291505991060326,0.2694348394870758,0.24652518332004547,0.15301267802715302,0.43841928243637085,0.12199975550174713,0,0.9775751829147339,0.26914268732070923,0.7650454342365265,0.5707093183308943,0.1554868978211412,0.44614259217796837,0.04075678981893471,0.0012404152991549251,0.028901877463000776,0.4172407147149676
id,train_mixed,original,3,8,12.0,0.3743597008444112,0.3931888547619192,0.76481759045152,-0.0018337115903100316,0.35425618290901184,0.34788668155670166,0.2221726030111313,0.4808940887451172,0.142615407705307,0,0.974740207195282,0.2698611319065094,0.7632764846086502,0.48350428266857604,0.079537534413514,0.3623142581920574,0.03028648603440698,0.002222771613482929,0.021867371708129763,0.3404468864839277
id,train_mixed,original,3,8,16.0,0.6558809654306926,0.7173081338434125,0.952384358918811,-0.00032515819291932204,0.30613023042678833,0.27675238251686096,0.164326012134552,0.619808554649353,0.141553595662117,0,0.9924397468566895,0.2560870349407196,0.7715339332818985,0.5176690948828753,0.15725108817530895,0.4095436928706054,0.008994001961686093,0.002693862019669513,0.007103959979081118,0.40243973289152424
id,train_mixed,original,3,8,24.0,0.1600195722432085,0.08434264276417398,0.6844473667124519,-0.0015659813017459261,0.49393340945243835,0.5073418021202087,0.40101560950279236,0.5222855806350708,0.34510618448257446,0,0.9728835225105286,0.2592957317829132,0.7588071852922439,0.4265604830025983,0.03204119883291524,0.30820469775169335,0.028691518930305193,0.001725218462171513,0.020601628789865087,0.28760306896182825
id,train_mixed,original,3,16,0.0,0.9239800397859625,0.9392102740195555,0.9852768950734221,-0.0017922139213956989,0.20134741067886353,0.19032958149909973,0.15700414776802063,0.869771420955658,0.14635318517684937,0,0.9717279672622681,0.2299843579530716,0.7492048844695092,0.6761569693949703,0.3296940360846979,0.5722180894018886,0.05239597369005167,0.004233524086172916,0.03794723880888804,0.5342708505930005
id,train_mixed,original,3,16,0.5,0.9152075691067768,0.9379263146505868,0.9858198131355262,-0.002007165630923302,0.20364081859588623,0.18726696074008942,0.15274915099143982,0.8632493615150452,0.1425292044878006,0,0.9526926279067993,0.22720009088516235,0.7350448668003082,0.6866816841906649,0.3374533415255541,0.5819131813911316,0.07418376779725744,0.0028092223342123033,0.052771404158343894,0.5291417772327877
id,train_mixed,original,3,16,1.0,0.9318043623127651,0.9365755652900103,0.9858454854106177,-0.0031561037575767413,0.2003965675830841,0.19703243672847748,0.16229267418384552,0.8574031591415405,0.15231245756149292,0,0.9486831426620483,0.23113757371902466,0.7334194719791411,0.7026527885695455,0.31293081944006035,0.5857361978306999,0.07335584331600387,0.0038511920252043107,0.052504447928764,0.5332317499019359
id,train_mixed,original,3,16,2.0,0.8846150721521073,0.9244843656196512,0.9789171918041284,-0.001512746454605125,0.23389381170272827,0.20976142585277557,0.17681391537189484,0.7693402767181396,0.16405275464057922,0,0.9603219628334045,0.22930940985679626,0.741018196940422,0.6653250720870034,0.27865491362440464,0.5493240245482237,0.05965553336562168,0.0031748356748966546,0.042711324058404165,0.5066127004898195
id,train_mixed,original,3,16,3.0,0.8094452680890508,0.8775463720983094,0.9552491136087896,-0.004627491874191809,0.25744929909706116,0.2266181856393814,0.1914401650428772,0.6239058971405029,0.17118029296398163,0,0.9685538411140442,0.2367432713508606,0.749010670185089,0.6429645757524245,0.24482014429304494,0.5235212463146106,0.051177304626037756,0.0031657267819336795,0.036773831272806534,0.4867474150418041
id,train_mixed,original,3,16,5.0,0.7819958062001059,0.8239785504481886,0.9551835139899575,-0.0036016907596649866,0.2282465100288391,0.2119165062904358,0.16088178753852844,0.532418966293335,0.1434495449066162,0,0.9496293067932129,0.24954605102539062,0.7396043300628662,0.6537173610409945,0.22290782139674298,0.524474499147719,0.07765291583913658,0.003508551591194571,0.05540960656475398,0.4690648925829651
id,train_mixed,original,3,16,8.0,0.6369299474370902,0.6180090894299409,0.9554794060906857,-0.004892214600211778,0.23688220977783203,0.24286913871765137,0.13608694076538086,0.43841928243637085,0.12199975550174713,0,0.977653443813324,0.26914268732070923,0.7651002168655395,0.5672841691838609,0.17543782045586973,0.44973026456546356,0.03338836512536858,0.0031552718263105064,0.02431843713565116,0.4254118274298124
id,train_mixed,original,3,16,12.0,0.5854638315057447,0.43476567052975973,0.9581519245998656,-0.0007843535259215052,0.2828441560268402,0.3338221311569214,0.156771719455719,0.4808940887451172,0.142615407705307,0,0.9764887690544128,0.2698611319065094,0.7645004779100418,0.5130516760087355,0.12473701133936892,0.39655727660792545,0.03470437636977086,0.004087340146065605,0.02551926550265928,0.3710380111052662
id,train_mixed,original,3,16,16.0,0.7611768844679229,0.8052582217492258,0.9813147451856195,-0.0026600906361326213,0.2557719349861145,0.23468981683254242,0.1504899114370346,0.619808554649353,0.141553595662117,0,0.9698106050491333,0.2560870349407196,0.7556935340166091,0.5535793876845563,0.16981480214934766,0.4384500120239937,0.038888628273937464,0.0035863159884008187,0.02829793458827647,0.41015207743571724
id,train_mixed,original,3,16,24.0,0.35515564441223896,0.08385989664859816,0.8892824306990197,-0.009993349205083669,0.4593593180179596,0.5074273347854614,0.3647230565547943,0.5222855806350708,0.34510618448257446,0,0.9806123375892639,0.2592957317829132,0.7642173558473587,0.5069493445951585,0.05414392670951579,0.37110771922946567,0.02876985702777335,0.0036173217080328057,0.021224096431851185,0.3498836227976145
id,train_mixed,original,4,8,0.0,0.8752544910244886,0.8714074652609907,0.9629938706310078,0.0002041386559727565,0.237687885761261,0.24044997990131378,0.17469261586666107,0.8661046028137207,0.1481228917837143,0,0.9532917141914368,0.1907326877117157,0.7245240062475204,0.8211981940348183,0.37444602960055695,0.6871725447045398,0.06718983532594491,0.0019337432276703898,0.04761300769646255,0.6395595370080772
id,train_mixed,original,4,8,0.5,0.8761257317298318,0.8798191760801614,0.9560434072326539,-0.0007114712046440263,0.24297697842121124,0.2403607964515686,0.18636879324913025,0.8635641932487488,0.1552329659461975,0,0.9592295289039612,0.20300401747226715,0.732361875474453,0.7675555583564895,0.3274506037848481,0.6355240719849969,0.05875391431847332,0.0025483862901629867,0.04189225590998021,0.5936318160750167
id,train_mixed,original,4,8,1.0,0.8637429619123718,0.8767470594530437,0.9492762365059699,-0.00020261401691382898,0.25181257724761963,0.24265044927597046,0.19154950976371765,0.8603687286376953,0.15581172704696655,0,0.9316383600234985,0.20098364353179932,0.7124419450759888,0.7808476101574986,0.3453256049629105,0.6501910085991222,0.088410201340404,0.002176097858338426,0.06253997029578433,0.5876510383033379
id,train_mixed,original,4,8,2.0,0.813822753666656,0.8566979934404659,0.9272479213921319,-0.0007874756737389297,0.279506117105484,0.2534564137458801,0.21059240400791168,0.773960292339325,0.16639043390750885,0,0.9473477602005005,0.21001645922660828,0.7261483699083328,0.7383211447771252,0.2695231539880896,0.5976817475404145,0.06695691348912647,0.0023960450266526535,0.04758865295038432,0.5500930945900302
id,train_mixed,original,4,8,3.0,0.6990606809600891,0.7761886779005065,0.8800451459940942,-0.001492404053264487,0.33458349108695984,0.2958506643772125,0.24369509518146515,0.6856440305709839,0.18345509469509125,0,0.938880443572998,0.21512944996356964,0.7217551454901695,0.6993829540881288,0.2218341442342538,0.5561183111319662,0.0901715903229906,0.0019781261080287376,0.06371355105850203,0.4924047600734642
id,train_mixed,original,4,8,5.0,0.6802407699713752,0.7524604220703311,0.825620910101304,-0.00045720693880219705,0.2739807367324829,0.24437040090560913,0.21437431871891022,0.5528820753097534,0.1428782194852829,0,0.9525269269943237,0.22693763673305511,0.7348501399159432,0.6609340827046122,0.21376999508639555,0.5267848564191472,0.048916162723818934,0.001815368392996959,0.03478592442457234,0.49199893199457484
id,train_mixed,original,4,8,8.0,0.5214286076700504,0.5928162194532512,0.7457422341945101,-0.0008549601988287472,0.2768499553203583,0.25441667437553406,0.20636026561260223,0.44070687890052795,0.1264607459306717,0,0.9878479242324829,0.24449853599071503,0.7648431077599526,0.6227046898473716,0.1281860634790441,0.4743491019368733,0.014123327196118973,0.002180182306658501,0.01054038372928083,0.46380871820759245
id,train_mixed,original,4,8,12.0,0.2285752612371122,0.2703886094236828,0.8982277535058861,-0.001753146159335782,0.40165388584136963,0.38823044300079346,0.18667368590831757,0.4750339686870575,0.15400148928165436,0,0.8710849285125732,0.24610263109207153,0.6835902392864227,0.555100201602361,0.08724444022563371,0.4147434731893428,0.1398686143571124,0.0024349090551171776,0.09863850276651381,0.316104970422829
id,train_mixed,original,4,8,16.0,0.6880777690110883,0.6555783070100691,0.9409986719101856,-0.0004565930051201345,0.2956360876560211,0.3109813928604126,0.17621415853500366,0.6205264925956726,0.14835543930530548,0,0.9849640130996704,0.232889324426651,0.7593416064977645,0.5680832579073198,0.20946139839082728,0.46049670005237203,0.016604004952164186,0.0014794440157545835,0.012066636671241306,0.44843006338113073
id,train_mixed,original,4,8,24.0,0.16215866820130445,0.12495563757929873,0.19545852480355427,-0.0010923077719509858,0.47324249148368835,0.48095273971557617,0.46634116768836975,0.5068495273590088,0.299601674079895,0,0.9699363112449646,0.24813179671764374,0.7533949568867683,0.4921212440798559,0.045871219352493754,0.35824623666164723,0.03646307095749379,0.0014905030187705947,0.02597130057587683,0.3322749360857704
id,train_mixed,original,4,16,0.0,0.8916367634459477,0.8812609741909257,0.9854912123766968,-0.002918045448329561,0.22592571377754211,0.23337534070014954,0.15853993594646454,0.8661046028137207,0.1481228917837143,0,0.9689774513244629,0.1907326877117157,0.7355040222406387,0.6824941431183005,0.3278143748397537,0.5760902126347365,0.05802479387014048,0.0035242357736006273,0.04167462644117852,0.534415586193558
id,train_mixed,original,4,16,0.5,0.8913309568820681,0.8929408761117842,0.9869991785473803,-0.0026774205546260944,0.23220664262771606,0.2310662865638733,0.16444185376167297,0.8635641932487488,0.1552329659461975,0,0.9372119903564453,0.20300401747226715,0.7169495984911919,0.71750667215059,0.31929299580754666,0.5980425692476771,0.0892329376783566,0.0034116847696875697,0.06348656180575589,0.5345560074419212
id,train_mixed,original,4,16,1.0,0.892570220138649,0.8979036851640433,0.9848903663591361,-0.002409710921826098,0.23150213062763214,0.22774440050125122,0.16645732522010803,0.8603687286376953,0.15581172704696655,0,0.9377013444900513,0.20098364353179932,0.7166860342025757,0.7178610639005242,0.31623635585931803,0.5973736514881623,0.0933246629163591,0.003324068495081648,0.06632448458997586,0.5310491668981865
id,train_mixed,original,4,16,2.0,0.8686211324988155,0.8830011230627437,0.9812523987804477,-0.0023777311454354602,0.24621227383613586,0.2374754250049591,0.1777809113264084,0.773960292339325,0.16639043390750885,0,0.9599030017852783,0.21001645922660828,0.7349370390176773,0.688137968784677,0.26303797410598023,0.560607970381068,0.062186602038369565,0.00253950059323648,0.04429247160482964,0.5163154987762384
id,train_mixed,original,4,16,3.0,0.8067485409848377,0.7967146340133946,0.9796391709062868,-0.0013244581541576594,0.2805038392543793,0.285542756319046,0.193680077791214,0.6856440305709839,0.18345509469509125,0,0.9451665282249451,0.21512944996356964,0.7261554047465324,0.6917923421415355,0.2652262194594441,0.563822505336908,0.07613190127490588,0.0042592479433813625,0.05457010527544852,0.5092524000614596
id,train_mixed,original,4,16,5.0,0.7232793527490731,0.7538793263706314,0.970393452011607,-0.0038988339878334253,0.25633475184440613,0.24378864467144012,0.15501701831817627,0.5528820753097534,0.1428782194852829,0,0.9450187683105469,0.22693763673305511,0.7295944288372993,0.6173269930013175,0.20262380551252818,0.49291603675468076,0.07339651721293294,0.003292505203705319,0.05236531361016465,0.4405507231445161
id,train_mixed,original,4,16,8.0,0.6285343985862382,0.6575451470434334,0.9679480969453738,-0.003368533699633752,0.2431923747062683,0.2340758591890335,0.13653293251991272,0.44070687890052795,0.1264607459306717,0,0.963540256023407,0.24449853599071503,0.7478277400135994,0.6063990863785065,0.14828665833056953,0.46896535796412536,0.0566127303152314,0.0032905943641803517,0.040616089529916084,0.4283492684342093
id,train_mixed,original,4,16,12.0,0.6087769171409839,0.6283369596119591,0.9501043091794167,-0.006381414886889117,0.27959680557250977,0.2733173966407776,0.17001962661743164,0.4750339686870575,0.15400148928165436,0,0.9616385102272034,0.24610263109207153,0.7469777464866637,0.5545100717997005,0.13278648446627994,0.4279929955996743,0.0451280728559148,0.0037803469770463665,0.03272375509225427,0.39526924050742
id,train_mixed,original,4,16,16.0,0.787158703592716,0.8072185940274366,0.9773859911598065,-0.0019619487104166797,0.24885293841362,0.23938123881816864,0.15903311967849731,0.6205264925956726,0.14835543930530548,0,0.9631038904190063,0.232889324426651,0.7440395206212996,0.5912663759247507,0.20777980608968968,0.47622040497423235,0.0459052624551638,0.0028293679110712225,0.03298249409193602,0.4432379108822963
id,train_mixed,original,4,16,24.0,0.2589308670991032,0.1371910376693753,0.4782378239894715,-0.005287540386339883,0.45318666100502014,0.47841697931289673,0.40773576498031616,0.5068495273590088,0.299601674079895,0,0.9767096638679504,0.24813179671764374,0.7581363037228583,0.5258283531326589,0.06283848785188693,0.38693139354842726,0.03926509829667624,0.002930854970326041,0.028364825298771178,0.3585665682496561
id,train_mixed,original,5,8,0.0,0.902837148166698,0.8411496705908702,0.9696966670688454,-0.002194060939247133,0.21356219053268433,0.26105672121047974,0.16208559274673462,0.9086761474609375,0.13875439763069153,0,0.9513241052627563,0.2029838114976883,0.7268220171332359,0.7633450074386283,0.32631084531831206,0.6322347588025334,0.0632015576524364,0.0015293033952309882,0.04469988137527478,0.5875348774272586
id,train_mixed,original,5,8,0.5,0.8843365067798759,0.8508844332150551,0.971598339880877,-0.0025635217336205805,0.22790002822875977,0.25307419896125793,0.16223162412643433,0.8934025168418884,0.14085811376571655,0,0.9489274024963379,0.20345890522003174,0.725286853313446,0.7469448995031143,0.34185000875229377,0.6254164322778681,0.06501236298337099,0.002333996580359339,0.04620885306246749,0.5792075792154007
id,train_mixed,original,5,8,1.0,0.8763164115204359,0.8548785256532487,0.9701777167241376,-0.001048941581353429,0.2436487376689911,0.25936323404312134,0.1748460978269577,0.8860101699829102,0.15298563241958618,0,0.9646399021148682,0.2074197679758072,0.7374738618731498,0.7438781622004789,0.3311172150798581,0.6200498780642926,0.0479364348894038,0.0017245973449610855,0.034072883626070985,0.5859769944382216
id,train_mixed,original,5,8,2.0,0.8399346736937624,0.8490130742592316,0.9552579013017256,-0.001659680509382,0.2670535445213318,0.2613104283809662,0.1940985471010208,0.7984073162078857,0.16579410433769226,0,0.9321314096450806,0.20802123844623566,0.7148983582854271,0.7918104435903223,0.32084844126461975,0.6505218428926115,0.07920597650397798,0.0014943220366029455,0.05589248016376547,0.594629362728846
id,train_mixed,original,5,8,3.0,0.7543508907609676,0.7989658416437792,0.9085073591312168,-0.0032304413047407397,0.29154980182647705,0.26923730969429016,0.21445423364639282,0.6688100695610046,0.16869762539863586,0,0.9325148463249207,0.2081831395626068,0.7152153342962265,0.7469444695464871,0.23657257718671504,0.5938329018385555,0.08284868370435283,0.0017518997580991751,0.05851964852047673,0.5353132533180788
id,train_mixed,original,5,8,5.0,0.6878990421312334,0.7301781558439207,0.9265814315635554,-0.0022308840076364343,0.2604247033596039,0.24407809972763062,0.16814163327217102,0.5263908505439758,0.13975541293621063,0,0.9633674621582031,0.2143016755580902,0.7386477261781692,0.6666946129314868,0.21920825590755286,0.5324487058243066,0.05536900911174181,0.001682919163877995,0.03926318212738266,0.4931855236969239
id,train_mixed,original,5,8,8.0,0.4203582765294261,0.49546470491314365,0.8957469366610199,-0.0009471192981966652,0.3054868280887604,0.2817401885986328,0.1551816761493683,0.43839284777641296,0.12221965193748474,0,0.983566164970398,0.24021002650260925,0.7605593234300613,0.5775843821266854,0.1304782372918014,0.44345253867622014,0.02171773709291891,0.002059276994524145,0.01582019906340048,0.42763233961281966
id,train_mixed,original,5,8,12.0,0.23519683044575374,0.15570084797163003,0.8677821764681474,-0.0011570268090186993,0.41784605383872986,0.4463081359863281,0.1913604438304901,0.50205397605896,0.14402227103710175,0,0.9684084057807922,0.24850767850875854,0.752438187599182,0.4917139891626128,0.09832386615845425,0.3736969522613652,0.035797956719057056,0.0018657780736476446,0.02561830312543423,0.34807864913593095
id,train_mixed,original,5,8,16.0,0.6657691497766256,0.6590310319485119,0.8384843133666029,-0.002269813269483624,0.3138400614261627,0.31728067994117737,0.22564822435379028,0.6537951827049255,0.14317506551742554,0,0.9786728024482727,0.24177832901477814,0.7576044604182244,0.5091075118851731,0.1798593730893171,0.41033307024641624,0.019894491683572046,0.0022952450311262296,0.0146147176878383,0.39571835255857796
id,train_mixed,original,5,8,24.0,0.2164791558865575,0.13636460036723463,0.27379693981769027,-0.0007603016649936734,0.47793272137641907,0.4929058253765106,0.4672202467918396,0.5183918476104736,0.3314956724643707,0,0.9753262400627136,0.22927485406398773,0.7515108242630958,0.46208946160354136,0.05265279146266023,0.339258460561277,0.03145711461127976,0.0015448276727732886,0.022483428529727817,0.3167750320315492
id,train_mixed,original,5,16,0.0,0.9311633992453517,0.8843619140717915,0.9872393613959619,-0.003938641697369081,0.19175319373607635,0.22778667509555817,0.14857909083366394,0.9086761474609375,0.13875439763069153,0,0.9437373280525208,0.2029838114976883,0.721511273086071,0.7252830826876655,0.31827044676508387,0.603179291910891,0.08130410751695394,0.002889581597450464,0.05777974974110289,0.5453995421697881
id,train_mixed,original,5,16,0.5,0.9265454909073628,0.8695275868077557,0.9881257326384488,-0.0027647794956279304,0.19613589346408844,0.2390443980693817,0.14979402720928192,0.8934025168418884,0.14085811376571655,0,0.9463023543357849,0.20345890522003174,0.7234493196010588,0.683319186890152,0.3316731541050221,0.577825377054613,0.06850060109949585,0.004001748003465971,0.04915094517068688,0.5286744318839262
id,train_mixed,original,5,16,1.0,0.9173722086261866,0.8585959664862352,0.9886020096907566,-0.0014478646354712525,0.21355383098125458,0.2566382586956024,0.1613406389951706,0.8860101699829102,0.15298563241958618,0,0.9513518810272217,0.2074197679758072,0.7281722471117973,0.6852183483079672,0.31273804009209466,0.5734742558432054,0.06717203512158065,0.0029263522315254287,0.04789833025456408,0.5255759255886414
id,train_mixed,original,5,16,2.0,0.872177041507135,0.8498179462859926,0.9849648868984029,-0.0020984617828530175,0.246656596660614,0.2608012557029724,0.17530551552772522,0.7984073162078857,0.16579410433769226,0,0.9764785170555115,0.20802123844623566,0.7459413334727287,0.6691218255809449,0.3028549478284725,0.5592417622552032,0.04445794245682788,0.004254053265180471,0.032396775699333656,0.5268449865558695
id,train_mixed,original,5,16,3.0,0.8169438642740305,0.8036197389796275,0.9817158273567785,-0.001775461505874296,0.26024627685546875,0.2669098377227783,0.17784176766872406,0.6688100695610046,0.16869762539863586,0,0.9792057275772095,0.2081831395626068,0.7478989511728287,0.6134686052248731,0.23296396364662358,0.49931721275139823,0.03566128783917144,0.0035624855187238644,0.026031647143037167,0.47328556560836105
id,train_mixed,original,5,16,5.0,0.7376642817101928,0.72913798362911,0.9877261682763468,-0.0005896711581237897,0.24118369817733765,0.24448026716709137,0.14450091123580933,0.5263908505439758,0.13975541293621063,0,0.9516171813011169,0.2143016755580902,0.7304225295782089,0.6138910806067177,0.2158993705991308,0.49449356760444163,0.0723752842321096,0.0029420288234935825,0.05154530760952479,0.4429482599949168
id,train_mixed,original,5,16,8.0,0.5524624724715176,0.5928306047726216,0.9741442935496727,-0.0013062479333608068,0.26371902227401733,0.2509557008743286,0.13039453327655792,0.43839284777641296,0.12221965193748474,0,0.9675342440605164,0.24021002650260925,0.7493369787931442,0.5989125525994603,0.16406017662293237,0.4684568398065019,0.04339835734486208,0.0027384362919639373,0.031200381028992634,0.43725645877750924
id,train_mixed,original,5,16,12.0,0.4546920579390747,0.31786190102584577,0.9804389218657715,0.0001598195304543815,0.3392598032951355,0.38824933767318726,0.15102575719356537,0.50205397605896,0.14402227103710175,0,0.9740856289863586,0.24850767850875854,0.7564122438430786,0.5543669392385198,0.13879148668680596,0.42969430347300563,0.03918177270233314,0.003113683726380841,0.02836134600954745,0.4013329574634582
id,train_mixed,original,5,16,16.0,0.7579421285747371,0.7409013113905989,0.9770705961537025,-0.0010921251195314368,0.2667746841907501,0.2754760682582855,0.1548832803964615,0.6537951827049255,0.14317506551742554,0,0.9804132580757141,0.24177832901477814,0.7588227793574334,0.5478876218542517,0.21123144844250782,0.4468907698307285,0.024487489021289388,0.002907519848650012,0.018013498269497573,0.42887727156123095
id,train_mixed,original,5,16,24.0,0.3474205474395231,0.1390009400122305,0.7629565019107204,-0.005524943810549664,0.4534602761268616,0.49241310358047485,0.37579819560050964,0.5183918476104736,0.3314956724643707,0,0.9859786033630371,0.22927485406398773,0.7589674785733223,0.5271888218923092,0.0778873495643756,0.3923983801939291,0.023859752345640084,0.0034469608862673527,0.017735914907828262,0.3746624652861008
id,train_mixed,original,6,8,0.0,0.873406434632951,0.8704196998633272,0.9605391377179774,-0.0011302874170983747,0.24175626039505005,0.24395783245563507,0.17752929031848907,0.8855587244033813,0.14844202995300293,0,0.9236874580383301,0.19058384001255035,0.7037563726305961,0.82857420029691,0.36687331599396766,0.6900639350060273,0.0990700873337329,0.0020344113344730286,0.06995938453395494,0.6201045504720724
id,train_mixed,original,6,8,0.5,0.8932937203122273,0.8848175672592483,0.9615474458443591,-0.0027079582965921383,0.22260123491287231,0.2287820428609848,0.17283064126968384,0.8739907145500183,0.14479105174541473,0,0.9602778553962708,0.1915656328201294,0.7296641886234283,0.7610782617683689,0.33118697030524225,0.6321108743294308,0.06992046120124407,0.002159986110702754,0.04959231867408167,0.5825185556553492
id,train_mixed,original,6,8,1.0,0.876827910279569,0.8908686632881605,0.954949851626847,-0.0015513732632924696,0.2357005476951599,0.2257082462310791,0.18010395765304565,0.8597075939178467,0.14804337918758392,0,0.9337448477745056,0.19304092228412628,0.7115336701273918,0.7578676036507366,0.33583381367536697,0.6312574666581257,0.06799752318194696,0.0014283120734344791,0.04802675984939322,0.5832307068087325
id,train_mixed,original,6,8,2.0,0.8048525637035946,0.8676405825246641,0.9331069809822083,-0.0029427521153405686,0.2795199751853943,0.24061574041843414,0.200051948428154,0.7782166004180908,0.1586042046546936,0,0.9489762783050537,0.19226111471652985,0.7219617292284966,0.7473432113225125,0.2804810170713544,0.6072845530471651,0.09385757982383269,0.0023026561054126627,0.06639110270830668,0.5408934503388584
id,train_mixed,original,6,8,3.0,0.6875283068904623,0.6993840899126527,0.9321241024380779,-0.0018058745581548596,0.31489408016204834,0.3091343641281128,0.19606579840183258,0.6489055752754211,0.16309067606925964,0,0.9345279335975647,0.18435125052928925,0.709474928677082,0.7095143373953563,0.22665072668411254,0.5646552541819831,0.06519013571681276,0.0013325075907134835,0.04603284727898298,0.5186224069030002
id,train_mixed,original,6,8,5.0,0.6350400387190244,0.6329434498355418,0.9646570000776056,-0.00035415298842519027,0.27898019552230835,0.27976319193840027,0.15588076412677765,0.5161435604095459,0.14268149435520172,0,0.940077543258667,0.19122354686260223,0.7154213443398475,0.7269804367965809,0.18593788078326715,0.5646676699925868,0.07236926483932926,0.0017152732703480122,0.05117306736863489,0.5134946026239519
id,train_mixed,original,6,8,8.0,0.4194427184717184,0.5042833130229276,0.9353575822613918,-0.001100415797608845,0.3084104657173157,0.2816305458545685,0.14556202292442322,0.4408074915409088,0.1251576542854309,0,0.9828953146934509,0.22081340849399567,0.7542707428336143,0.6544574453833198,0.14084889581854826,0.5003748805138883,0.02149221051008754,0.002200558869813819,0.01570471501800542,0.48467016549588293
id,train_mixed,original,6,8,12.0,0.16150349059669125,0.20785447670729668,0.9047716008980627,-0.0023694850565327058,0.4430905878543854,0.4270801544189453,0.1863529086112976,0.498876690864563,0.153459370136261,0,0.9649226665496826,0.2663736045360565,0.7553579479455947,0.5550097100642319,0.10796592153231664,0.4208965735046573,0.04401448519157802,0.0021711789728519285,0.03146149332596019,0.3894350801786971
id,train_mixed,original,6,8,16.0,0.6249562134309031,0.6260404659461544,0.9729358599321964,-0.0021308905785711553,0.31641918420791626,0.3159123361110687,0.15375152230262756,0.6085631847381592,0.14110003411769867,0,0.9524498581886292,0.24520987272262573,0.740277862548828,0.5622379688973449,0.14669504691515053,0.43757509230268654,0.058191072429749635,0.002850847968549814,0.041589005091389686,0.39598608721129686
id,train_mixed,original,6,8,24.0,0.1644762791179435,0.08170316185438115,0.33988262792047036,-0.000759486811157809,0.4672614336013794,0.4857426881790161,0.4280973970890045,0.5039850473403931,0.28070899844169617,0,0.9781039953231812,0.25905296206474304,0.7623886853456496,0.511057909801058,0.06445459119472235,0.3770769142191573,0.026493007376775624,0.002490056805971294,0.019292122205534324,0.35778479201362295
id,train_mixed,original,6,16,0.0,0.9179273101795571,0.9042018341739465,0.9924461657962963,-0.0025608150101651475,0.20893917977809906,0.21905645728111267,0.1540100872516632,0.8855587244033813,0.14844202995300293,0,0.9536669254302979,0.19058384001255035,0.7247419998049736,0.7559725483187107,0.3361386774258594,0.6300223870508553,0.07660115593778505,0.004261906721601373,0.054899381172929945,0.5751230058779254
id,train_mixed,original,6,16,0.5,0.9117981428755139,0.90607488458185,0.992089833853815,-0.001647547690123793,0.20910781621932983,0.21328121423721313,0.15055914223194122,0.8739907145500183,0.14479105174541473,0,0.9471374154090881,0.1915656328201294,0.7204658806324005,0.7341950086770626,0.3252848499743096,0.6115219610662367,0.0806313113867787,0.0029993003776088976,0.05734170808402776,0.554180252982209
id,train_mixed,original,6,16,1.0,0.9187177103898184,0.8969073604738226,0.9890345013043307,-0.0025034874595408524,0.20588907599449158,0.22141072154045105,0.15584713220596313,0.8597075939178467,0.14804337918758392,0,0.9419972896575928,0.19304092228412628,0.7173103794455528,0.7568948052839626,0.3211304800794826,0.6261655077226186,0.08716974780728093,0.0030632648986986355,0.061937802934706236,0.5642277047879124
id,train_mixed,original,6,16,2.0,0.8644392537793986,0.8895595693506273,0.9828758636897135,-0.005275713584440613,0.24259932339191437,0.22703446447849274,0.16921453177928925,0.7782166004180908,0.1586042046546936,0,0.9523600935935974,0.19226111471652985,0.7243303999304771,0.7227688253190394,0.2896519259349739,0.5928337555038198,0.08163912972083476,0.002924628738184717,0.058024779426039744,0.53480897607778
id,train_mixed,original,6,16,3.0,0.7746790229432198,0.8572939805878607,0.9711375690798548,-0.0035895422207987454,0.2725549638271332,0.23241938650608063,0.17711247503757477,0.6489055752754211,0.16309067606925964,0,0.9037808775901794,0.18435125052928925,0.6879519894719123,0.7592188928363971,0.2611614301231027,0.6098016540224088,0.12917522041064045,0.003747236224677203,0.09154682515485146,0.5182548288675574
id,train_mixed,original,6,16,5.0,0.7575793268180515,0.6513985870987524,0.9750397554285536,-0.0021028930939568755,0.23321641981601715,0.27287089824676514,0.1520031988620758,0.5161435604095459,0.14268149435520172,0,0.9180643558502197,0.19122354686260223,0.7000121131539344,0.7033975594391069,0.2157425707443157,0.5571010628306695,0.10937313799029669,0.0033412864454332447,0.07756358252683765,0.47953748030383186
id,train_mixed,original,6,16,8.0,0.6110030155452733,0.5042534776396549,0.9734263039124668,-0.00269557022923488,0.24794448912143707,0.281639963388443,0.1335456371307373,0.4408074915409088,0.1251576542854309,0,0.9615018367767334,0.22081340849399567,0.739295308291912,0.6249404069810378,0.1689271822864187,0.48813643957265207,0.05776389618878164,0.004733586677736841,0.0418548033354682,0.44628163623718387
id,train_mixed,original,6,16,12.0,0.5539923877607119,0.21052792330678408,0.963063840897055,-0.00256145622686316,0.3075181245803833,0.4261566996574402,0.16621775925159454,0.498876690864563,0.153459370136261,0,0.9579468965530396,0.2663736045360565,0.7504749089479446,0.5669190500160792,0.12139000843704324,0.4332603375423684,0.06524901111095827,0.003935219179745912,0.04685487353159456,0.38640546401077386
id,train_mixed,original,6,16,16.0,0.6804818385791096,0.6432284853861957,0.9970937098085199,-0.0013573079349503319,0.29046300053596497,0.3078775703907013,0.14245861768722534,0.6085631847381592,0.14110003411769867,0,0.9790065884590149,0.24520987272262573,0.7588675737380981,0.5795506597739999,0.17632070028833216,0.4585816719282995,0.03551054504569018,0.004262707107856045,0.026136193664339936,0.43244547826395957
id,train_mixed,original,6,16,24.0,0.22024783829898445,0.08209385041259888,0.7256413292167101,-0.009052442097139297,0.4548089802265167,0.48565545678138733,0.3419667184352875,0.5039850473403931,0.28070899844169617,0,0.9756805300712585,0.25905296206474304,0.7606922596693039,0.5675828600527469,0.06536500014853819,0.4169175020814843,0.045511422184687955,0.003347898191291745,0.03286236498666909,0.3840551370948152
id,train_mixed,original,7,8,0.0,0.9028773116979476,0.8361162276418597,0.9510308967519895,-0.002484725402736987,0.2144237756729126,0.26441118121147156,0.17836874723434448,0.8904537558555603,0.14170309901237488,0,0.9329138398170471,0.24171434342861176,0.7255539909005164,0.8038906913014644,0.3809655857477817,0.6770131596353595,0.09120153709145773,0.001772975274077728,0.06437296854624372,0.6126401910891157
id,train_mixed,original,7,8,0.5,0.9002578321292675,0.848557541856231,0.9514191323600182,-0.0019477536955583262,0.21473246812820435,0.252681165933609,0.17717939615249634,0.8755336403846741,0.1415203958749771,0,0.9660190939903259,0.23648591339588165,0.7471591398119926,0.7245106799388654,0.3638186828948828,0.6163030808256705,0.052071643074299456,0.0018748453192726886,0.03701260374779142,0.5792904770778791
id,train_mixed,original,7,8,1.0,0.8696768242499014,0.8585137225406867,0.9524139714285077,-0.0006610734176520732,0.2357780933380127,0.24383112788200378,0.17609171569347382,0.8631608486175537,0.14176326990127563,0,0.9470762610435486,0.23586337268352509,0.7337123945355415,0.7602052635007017,0.352170133758742,0.6377947245781138,0.07039627986863117,0.0015853595239152028,0.04975300376521638,0.5880417208128974
id,train_mixed,original,7,8,2.0,0.8330862672283998,0.862692803169555,0.9286653055696291,-0.0018643541871649363,0.26674455404281616,0.24827565252780914,0.20712123811244965,0.7864334583282471,0.16262182593345642,0,0.9362788200378418,0.22713573276996613,0.723535893857479,0.7314115411322859,0.3296700292141137,0.6108890875568342,0.06320276153099247,0.0022472468257968706,0.044916107119433786,0.5659729804374004
id,train_mixed,original,7,8,3.0,0.6738408960711024,0.7484659701470741,0.8831726797092926,-0.0009602952791887741,0.32848677039146423,0.29208922386169434,0.22638753056526184,0.6571451425552368,0.16940630972385406,0,0.9448155760765076,0.22130446135997772,0.7277622416615486,0.7089136306596676,0.2596402312179845,0.5741316108271627,0.059633089629684055,0.0016719028314328842,0.0422447335902087,0.5318868772369539
id,train_mixed,original,7,8,5.0,0.6400367732966806,0.6581822402455818,0.9059441035874883,-0.00011291747662878816,0.2863008379936218,0.2796056270599365,0.1881878674030304,0.5224579572677612,0.15348365902900696,0,0.8944830298423767,0.2253342717885971,0.6937384024262429,0.7686002096416054,0.24804552518370107,0.612433804304234,0.12734850668450115,0.001286262437444513,0.08952983341038416,0.5229039708938499
id,train_mixed,original,7,8,8.0,0.45204434752104977,0.3364177712903594,0.90569976041638,-0.0005438505454605085,0.30337852239608765,0.34088876843452454,0.1562088429927826,0.4500255584716797,0.12561704218387604,0,0.9743768572807312,0.25588032603263855,0.7588278979063033,0.6029169966421499,0.12730307038983185,0.4602328187664545,0.03385053983578723,0.001878224629894639,0.02425884527401945,0.43597397349243505
id,train_mixed,original,7,8,12.0,0.1838801191277036,0.10758011125733635,0.8039041408572875,0.0005925149385624393,0.42234665155410767,0.44826290011405945,0.21174776554107666,0.48480382561683655,0.1451413631439209,0,0.9577333927154541,0.2707423269748688,0.7516360729932785,0.5168924785591291,0.07926857182441237,0.38560530653871405,0.0506022233053276,0.001884630310116105,0.03598694540676414,0.3496183611319499
id,train_mixed,original,7,8,16.0,0.6714316637294384,0.55135303887553,0.9352836464709676,-0.0012718306701721507,0.2884722948074341,0.3499191105365753,0.15345355868339539,0.632058322429657,0.12033680826425552,0,0.9660162329673767,0.2669289708137512,0.756290054321289,0.5485141833151199,0.19569975637492115,0.44266985523306024,0.03600961003471892,0.0020870948108267268,0.02583285546755126,0.416836999765509
id,train_mixed,original,7,8,24.0,0.10096673274763955,0.0949355335326246,0.27732789269121644,-0.000588817094905388,0.5058220624923706,0.5071994066238403,0.46554648876190186,0.5288798213005066,0.3005099594593048,0,0.9758755564689636,0.27069413661956787,0.7643211305141449,0.4424724325155259,0.052142627327763806,0.32537349095919726,0.03232069682881222,0.002421404220282188,0.02335090904625321,0.30202258191294407
id,train_mixed,original,7,16,0.0,0.9338105826948941,0.9238381074787624,0.9671694322335188,-0.0019754892382763934,0.19126246869564056,0.19872936606407166,0.16628500819206238,0.8904537558555603,0.14170309901237488,0,0.9692996144294739,0.24171434342861176,0.7510240331292152,0.6784643746302712,0.3450151577298514,0.5784296095601452,0.05004978636698121,0.00302901892914856,0.03594355613563141,0.5424860534245138
id,train_mixed,original,7,16,0.5,0.9066446306695078,0.9286155903732521,0.9696638945390361,-0.0018562370435573992,0.2100444734096527,0.19391749799251556,0.16378749907016754,0.8755336403846741,0.1415203958749771,0,0.960760772228241,0.23648591339588165,0.7434783145785331,0.7218653574583943,0.34570763151264017,0.609018039674668,0.06631977509523002,0.0037730377391646925,0.04755575388841042,0.5614622857862577
id,train_mixed,original,7,16,1.0,0.9126052225047866,0.9318421615126047,0.9746670114284482,-0.002604716846829347,0.20480965077877045,0.19093216955661774,0.16003842651844025,0.8631608486175537,0.14176326990127563,0,0.9219548106193542,0.23586337268352509,0.7161273792386055,0.7273795726995145,0.34546986294708615,0.6128066597737859,0.10872295757870987,0.0028264165411586916,0.07695399526744451,0.5358526645063414
id,train_mixed,original,7,16,2.0,0.8806175291048554,0.9064230498845169,0.9686074123653444,-0.003128564429599298,0.2370939999818802,0.2209962159395218,0.18220488727092743,0.7864334583282471,0.16262182593345642,0,0.962364673614502,0.22713573276996613,0.7417959913611412,0.6943887857194426,0.32226002551634325,0.5827501576585128,0.058712638482266266,0.0036210758381832226,0.04218516968904135,0.5405649879694714
id,train_mixed,original,7,16,3.0,0.8335270146747185,0.8057652178862389,0.968468054371557,-0.0032294175423571575,0.2506016492843628,0.26414215564727783,0.1847856640815735,0.6571451425552368,0.16940630972385406,0,0.9607710242271423,0.22130446135997772,0.7389310553669929,0.6833002258028944,0.27728921783684723,0.5614969234130802,0.05883044659810732,0.00258262843626326,0.0419561011495541,0.5195408222635262
id,train_mixed,original,7,16,5.0,0.7180998234109591,0.6704527675806978,0.9951543621483172,-0.001961113256471371,0.2574975788593292,0.2750781178474426,0.15527157485485077,0.5224579572677612,0.15348365902900696,0,0.8840435147285461,0.2253342717885971,0.6864307418465614,0.7276512407943836,0.2407281078669958,0.5815743009161672,0.13467496761125686,0.003890948950138526,0.09543976201292136,0.48613453890324587
id,train_mixed,original,7,16,8.0,0.5238711116465916,0.4907835935540298,0.9631999210681776,-0.00352308588148826,0.2800773084163666,0.2908111810684204,0.1375553011894226,0.4500255584716797,0.12561704218387604,0,0.9708636403083801,0.25588032603263855,0.7563686460256576,0.6348808322182573,0.15545342713589094,0.4910526106935474,0.050160973150763954,0.003572774179641881,0.036184513459427324,0.4548680972341201
id,train_mixed,original,7,16,12.0,0.5708137828117321,0.1432158531131514,0.9483692063853334,-0.00418340289585644,0.29091981053352356,0.43615877628326416,0.16267840564250946,0.48480382561683655,0.1451413631439209,0,0.9604647159576416,0.2707423269748688,0.7535479992628097,0.5854010795997255,0.13464813342623094,0.45017519574767717,0.0592962616079693,0.0032459896443825845,0.04248118001889328,0.4076940157287839
id,train_mixed,original,7,16,16.0,0.7655362716855815,0.5932837317624786,0.9673600103572839,-0.0011328716089471873,0.2403169423341751,0.32846227288246155,0.1370393931865692,0.632058322429657,0.12033680826425552,0,0.9764244556427002,0.2669289708137512,0.7635758101940154,0.5520412608465648,0.2170142667403492,0.4515331626147001,0.0298940216251381,0.003929534469603123,0.02210467547847761,0.4294284871362225
id,train_mixed,original,7,16,24.0,0.3069373537500093,0.08716972509210381,0.6663825241383037,-0.002749118111985129,0.4587845802307129,0.5089728832244873,0.3766981363296509,0.5288798213005066,0.3005099594593048,0,0.9783145189285278,0.27069413661956787,0.7660284042358397,0.5357089284073782,0.06937212337670531,0.39580788689817625,0.03261186345672307,0.004401706601692545,0.024148816400213907,0.3716590704979623
id,train_mixed,original,8,8,0.0,0.9108773006544773,0.8774902793951516,0.9447261379367441,-0.000814528896040082,0.20778775215148926,0.2323659062385559,0.18286962807178497,0.8783382177352905,0.14217928051948547,0,0.929465651512146,0.20848694443702698,0.7131720393896103,0.7813114473668755,0.35682127430224364,0.653964395447486,0.07239391568595299,0.0021921277389520925,0.051333379301852715,0.6026310161456333
id,train_mixed,original,8,8,0.5,0.9087631383590464,0.8765398454362869,0.9470174386498691,-0.0007306785426542628,0.20927166938781738,0.23320239782333374,0.18086199462413788,0.8841674327850342,0.14151433110237122,0,0.9626270532608032,0.2025018185377121,0.7345894828438758,0.7586330124384015,0.3583143367144303,0.6385374097212101,0.050149450313156096,0.0016793717711669168,0.03560842675055934,0.6029289829706508
id,train_mixed,original,8,8,1.0,0.8791882172245163,0.8726185454684132,0.9452590708378811,-0.0003997319086304944,0.23752695322036743,0.2422810196876526,0.18971554934978485,0.8737412691116333,0.1501029133796692,0,0.9490227103233337,0.2028035670518875,0.7251569673418998,0.777123641154591,0.34731854347564867,0.6481821118509082,0.055685170551577956,0.0012471833680970054,0.03935377439653367,0.6088283374543746
id,train_mixed,original,8,8,2.0,0.8564022143235648,0.8387145219165362,0.9397430877572878,-0.0005592007977477439,0.24474123120307922,0.25588908791542053,0.1922147572040558,0.784497857093811,0.15423719584941864,0,0.9542610049247742,0.1999725103378296,0.7279744565486908,0.7278211166577733,0.2978329102339868,0.5988246547306373,0.05492489257966371,0.0011912314558852016,0.03880479424253015,0.5600198604881071
id,train_mixed,original,8,8,3.0,0.7434895663048485,0.7046865396909957,0.9178475588427184,-0.0008408543867114294,0.28006553649902344,0.2985907196998596,0.19682425260543823,0.6350193023681641,0.15760336816310883,0,0.9372995495796204,0.2018856555223465,0.7166753813624381,0.6831718980815755,0.23416119647195136,0.5484686875986883,0.06114000161654398,0.0012769932400014121,0.04318109910358121,0.505287588495107
id,train_mixed,original,8,8,5.0,0.6621674020090402,0.6791218997541224,0.8968848042896954,-0.00046820541664776373,0.2669251561164856,0.26004207134246826,0.17163600027561188,0.5357478857040405,0.12977391481399536,0,0.9796757698059082,0.21186405420303345,0.7493322551250456,0.6294314472705685,0.21710363996403412,0.5057331050786081,0.022957961315840936,0.0017196552156678038,0.016586469485788995,0.4891466355928191
id,train_mixed,original,8,8,8.0,0.4342092912741822,0.4961014636669631,0.7930553941801803,-0.0015605755428322794,0.3133307695388794,0.29267728328704834,0.1935834288597107,0.45822688937187195,0.12452578544616699,0,0.9945642948150635,0.2354225069284439,0.7668217584490776,0.5604434159269169,0.11829053588731178,0.4277975519150353,0.008606467721741895,0.0017886823749618617,0.006561132117707884,0.42123641979732745
id,train_mixed,original,8,8,12.0,0.14578746979554746,0.17445671709336524,0.5953021204974368,-0.0014080142306959517,0.42391055822372437,0.41530707478523254,0.28901368379592896,0.4676605761051178,0.16756607592105865,0,0.9786040782928467,0.2513863742351532,0.7604387670755386,0.5112725441493349,0.09717715258173731,0.3870439266790556,0.027648730790573728,0.0013687634309345732,0.019764740582681982,0.36727918609637367
id,train_mixed,original,8,8,16.0,0.5986428457931967,0.5290020377306123,0.8589745093437811,-0.00011379175454139555,0.34919413924217224,0.38184210658073425,0.22714932262897491,0.6298409700393677,0.16103585064411163,0,0.9424615502357483,0.23651134967803955,0.7306764900684356,0.5501398206586255,0.20636058874900914,0.44700605108574065,0.058740671654356924,0.001655138638274247,0.04161501174953212,0.4053910393362085
id,train_mixed,original,8,8,24.0,0.12445917346786538,0.10147743033491184,0.11867018837064093,6.0782547672857276e-05,0.4771093726158142,0.48206737637519836,0.47835826873779297,0.5039597749710083,0.28822314739227295,0,0.9716731905937195,0.2440466582775116,0.7533852308988571,0.4952334421298693,0.06694188569227545,0.36674597519859115,0.034220187880041664,0.002210270167493509,0.024617212566277216,0.34212876263231395
id,train_mixed,original,8,16,0.0,0.9327088611797026,0.9390157114608304,0.9847519947760035,-0.0007720211753222845,0.1917162537574768,0.18707340955734253,0.15340423583984375,0.8783382177352905,0.14217928051948547,0,0.937011182308197,0.20848694443702698,0.718453910946846,0.6961889926195177,0.32480205679488566,0.5847729118721281,0.07701030266418762,0.0029534087502807948,0.05479323449001557,0.5299796773821125
id,train_mixed,original,8,16,0.5,0.9248213924763465,0.9412218712537826,0.9896438716604553,-0.0007020260558652061,0.19734595715999603,0.18516609072685242,0.14920534193515778,0.8841674327850342,0.14151433110237122,0,0.9728783965110779,0.2025018185377121,0.7417654231190681,0.6867669230919987,0.3337379335486807,0.5808582262290033,0.04505713001243383,0.004043458384781842,0.03275302852413823,0.5481051977048651
id,train_mixed,original,8,16,1.0,0.9235095736739349,0.9366812466265155,0.9922236370299186,-0.0014241427364972694,0.20545431971549988,0.19592279195785522,0.15573018789291382,0.8737412691116333,0.1501029133796692,0,0.9591634273529053,0.2028035670518875,0.7322554692625999,0.6684598213621114,0.3006149171800246,0.5581063501074853,0.07017829185866264,0.0036314128002664487,0.050214228141143784,0.5078921219663416
id,train_mixed,original,8,16,2.0,0.8899382559758439,0.9205241658700404,0.9928963861116481,-0.0011719290183815393,0.22360478341579437,0.20432768762111664,0.15871432423591614,0.784497857093811,0.15423719584941864,0,0.9707136154174805,0.1999725103378296,0.7394912838935851,0.6539540736620758,0.28256013409652225,0.5425358917924097,0.053570013256166615,0.0034843936897805887,0.0385443273862508,0.5039915644061589
id,train_mixed,original,8,16,3.0,0.8358013013017543,0.7329094707264848,0.9914160128326739,-0.0011860603821467824,0.23599444329738617,0.28511664271354675,0.161701500415802,0.6350193023681641,0.15760336816310883,0,0.9585735201835632,0.2018856555223465,0.7315671607851982,0.6198380686909026,0.2422392381982954,0.5065584195431204,0.06442211852560986,0.003942389305910182,0.046278199759699955,0.4602802197834205
id,train_mixed,original,8,16,5.0,0.7081066633309416,0.6875702987162303,0.9703048899643861,-0.0021655785185181924,0.2482750117778778,0.25661224126815796,0.14182935655117035,0.5357478857040405,0.12977391481399536,0,0.9582808017730713,0.21186405420303345,0.7343557775020598,0.6036607786114689,0.2091000994792087,0.4852925748717909,0.051306291614184873,0.003171213190111535,0.036865768086962875,0.44842680678482805
id,train_mixed,original,8,16,8.0,0.5383988302024327,0.504779385399018,0.9495482377615521,-0.0018498455544629165,0.27856260538101196,0.28978145122528076,0.14136159420013428,0.45822688937187195,0.12452578544616699,0,0.9703860282897949,0.2354225069284439,0.7498969718813896,0.5922907905846151,0.15114020176992696,0.4599456139402086,0.046747633479089834,0.002842493465151031,0.03357609147490819,0.4263695224653004
id,train_mixed,original,8,16,12.0,0.4966092409449704,0.18177982115398872,0.9479146954707436,-0.0025159142700275946,0.3186308741569519,0.4131094515323639,0.18319658935070038,0.4676605761051178,0.16756607592105865,0,0.9700462222099304,0.2513863742351532,0.7544482678174973,0.5442463621745215,0.11746966259336811,0.4162133523001755,0.04297803174615333,0.0031148258412575076,0.031019069974684583,0.3851942823254909
id,train_mixed,original,8,16,16.0,0.7092116872777544,0.6453560774443796,0.9441463344163575,-0.0005038622606117883,0.297358900308609,0.3272947371006012,0.18722033500671387,0.6298409700393677,0.16103585064411163,0,0.9675195217132568,0.23651134967803955,0.7482170701026916,0.5550500113320842,0.2106141914679759,0.4517192653728517,0.04717819204552487,0.003104704534550086,0.033956145792232426,0.41776311958061924
id,train_mixed,original,8,16,24.0,0.30521459002171597,0.14386828421919293,0.751699839202533,-0.0051532549054278814,0.438113808631897,0.47292211651802063,0.3417905867099762,0.5039597749710083,0.28822314739227295,0,0.9839391708374023,0.2440466582775116,0.7619714170694352,0.5259054013602454,0.07405473768222243,0.39035020225683853,0.027098099670061382,0.0036449805984837404,0.020062163948588087,0.37028803830825047
id,train_mixed,original,9,8,0.0,0.8826125031414602,0.9009008143581825,0.9727189909221016,-0.0005510235928898664,0.22990481555461884,0.2162310779094696,0.16253432631492615,0.8898133039474487,0.14213696122169495,0,0.9342294931411743,0.22507959604263306,0.7214845240116119,0.8140315909820396,0.37508877571419397,0.6823487464016859,0.09059524091961602,0.0019309045516440906,0.06399594000922443,0.6183528063924615
id,train_mixed,original,9,8,0.5,0.8693934375187431,0.9115800556582094,0.9730531633387424,-0.0003145261563524866,0.23738853633403778,0.20624947547912598,0.16087454557418823,0.8791108727455139,0.14098437130451202,0,0.9298582077026367,0.2302773892879486,0.7199839621782302,0.7805993245372029,0.3550488805498182,0.6529341913409875,0.09892252621929265,0.0015882715760301227,0.06972224982631389,0.5832119415146736
id,train_mixed,original,9,8,1.0,0.8509802882394214,0.9167360686721048,0.9741033891824713,-0.0001855749275846308,0.25612229108810425,0.2084966003894806,0.16694651544094086,0.8724715113639832,0.14819008111953735,0,0.9577383399009705,0.23445448279380798,0.7407531827688217,0.7339267014098291,0.3379214729119816,0.6151251328604749,0.044868952328614764,0.00170752219262242,0.031920523287817054,0.5832046095726579
id,train_mixed,original,9,8,2.0,0.7867877415855967,0.9046525578083827,0.9609020840276555,-0.0005472498211082219,0.29734110832214355,0.22102248668670654,0.184600368142128,0.8067938685417175,0.1592840850353241,0,0.9841312766075134,0.2399200052022934,0.7608678951859474,0.6895527983938875,0.28885273714158194,0.5693427800181958,0.01725020109900599,0.0014979792253970354,0.012524534536923303,0.5568182454812726
id,train_mixed,original,9,8,3.0,0.7563899928391143,0.8259813312639175,0.9293390274164995,-0.0008456928598444333,0.2863522469997406,0.25189101696014404,0.20070888102054596,0.6609122157096863,0.1657179743051529,0,0.968533456325531,0.24346084892749786,0.751011674106121,0.6635012963978164,0.23256265808034074,0.5342197049025736,0.046942489822517364,0.0014006909723263353,0.033279950167460055,0.5009397547351135
id,train_mixed,original,9,8,5.0,0.6305711462492927,0.7678696840715625,0.9015563084242993,-0.0005667426709798681,0.2867603302001953,0.23327544331550598,0.18119758367538452,0.5324004292488098,0.1428486704826355,0,0.9746518135070801,0.2541714012622833,0.758507689833641,0.6628318825931081,0.23852376496410047,0.5355394473044057,0.026104555896026893,0.001667339356985544,0.018773390934314488,0.5167660563700912
id,train_mixed,original,9,8,8.0,0.47640423771906143,0.5938361269077621,0.8726421927878807,-0.0007335265455314449,0.28924405574798584,0.251370906829834,0.16145271062850952,0.4428899586200714,0.12037833780050278,0,0.9949543476104736,0.28410494327545166,0.781699526309967,0.5825378551006111,0.1456890552221831,0.45148321513708267,0.00783013803574717,0.0021110370713172824,0.006114407746418203,0.4453688073906645
id,train_mixed,original,9,8,12.0,0.1727964741821652,0.260181876432242,0.8370075981627539,-0.00011331559422728817,0.4187993109226227,0.3895884156227112,0.19676907360553741,0.47656112909317017,0.14228452742099762,0,0.9888705611228943,0.2940526604652405,0.7804251909255981,0.48233038642133674,0.09229820286799396,0.3653207313553339,0.01718049079785633,0.002000801574300263,0.012626584030789508,0.35269414732454435
id,train_mixed,original,9,8,16.0,0.6342866150872281,0.5335782031119272,0.9292796695084674,-0.0005367180665150698,0.31266093254089355,0.3653043210506439,0.15845897793769836,0.64422208070755,0.12149128317832947,0,0.9852052330970764,0.2678515911102295,0.7699991405010223,0.5336190525616435,0.18004205893568856,0.42754595447385707,0.01575475462220366,0.0018501274691301477,0.011583366476281606,0.41596258799757546
id,train_mixed,original,9,8,24.0,0.19314930532564248,0.09441237441166019,0.22887550371113807,-0.001525424191179224,0.48235654830932617,0.5060874819755554,0.4737699329853058,0.5287790298461914,0.2884339690208435,0,0.959665834903717,0.2834523618221283,0.7568017929792403,0.45865680254742025,0.04544028068251048,0.3346918459879473,0.04629680962362803,0.002599920367788918,0.03318774284687629,0.301504103141071
id,train_mixed,original,9,16,0.0,0.9161577584054117,0.9353537000273638,0.989954183010066,-0.0018981295929843345,0.2048238217830658,0.19047147035598755,0.14964798092842102,0.8898133039474487,0.14213696122169495,0,0.9620428085327148,0.22507959604263306,0.7409538447856903,0.6882826921853781,0.3295952390657335,0.5806764562494847,0.07230889892887649,0.0033681312171968333,0.05162666861537259,0.5290497876341121
id,train_mixed,original,9,16,0.5,0.887017278811348,0.9371498612764017,0.9887859918205838,-0.002173258651069184,0.22437991201877594,0.1873757243156433,0.1492617279291153,0.8791108727455139,0.14098437130451202,0,0.8867611885070801,0.2302773892879486,0.6898160487413406,0.75365770483376,0.3305925070268665,0.6267381454916919,0.13742901179084843,0.003747673124378739,0.09732461019090752,0.5294135353007844
id,train_mixed,original,9,16,1.0,0.8514025843551202,0.9325787566002541,0.9898770728637116,-0.0014223022055189242,0.25581642985343933,0.19702203571796417,0.1555219292640686,0.8724715113639832,0.14819008111953735,0,0.9539101123809814,0.23445448279380798,0.7380734235048294,0.6883523451589775,0.3153283538432247,0.5764451477642516,0.07354201453556286,0.003437513499692793,0.052510664224801835,0.5239344835394497
id,train_mixed,original,9,16,2.0,0.8684024120783789,0.905061959587925,0.9836938654123523,-0.0009282535233061917,0.24449481070041656,0.220757395029068,0.16984246671199799,0.8067938685417175,0.1592840850353241,0,0.9716946482658386,0.2399200052022934,0.752162255346775,0.6562376807980635,0.28076380978717097,0.5435955194947957,0.04969661999343444,0.003946162439618591,0.03597148272728968,0.507624036767506
id,train_mixed,original,9,16,3.0,0.783080894837172,0.8396543588524805,0.9826674790983356,-0.0013058528090595298,0.27313506603240967,0.24512021243572235,0.1743009388446808,0.6609122157096863,0.1657179743051529,0,0.9671520590782166,0.24346084892749786,0.7500446960330008,0.6374766093633923,0.23931131599779443,0.5180270213537129,0.055383312335538615,0.003937234834541925,0.039949489085239605,0.4780775322684733
id,train_mixed,original,9,16,5.0,0.7793302337935925,0.798531854946926,0.9929951661624024,-0.002208827537328665,0.22881096601486206,0.2213309407234192,0.14557741582393646,0.5324004292488098,0.1428486704826355,0,0.9516178369522095,0.2541714012622833,0.7423839062452317,0.6521733008015482,0.23379097305264648,0.5266586024768777,0.06986270369432934,0.002788515019749425,0.04974044709195536,0.4769181553849223
id,train_mixed,original,9,16,8.0,0.6467538574193223,0.6065420393853763,0.962851496197095,-0.002052174039199084,0.23430432379245758,0.24727310240268707,0.13235916197299957,0.4428899586200714,0.12037833780050278,0,0.9719030261039734,0.28410494327545166,0.7655636012554168,0.5996767575085692,0.15202745089120046,0.46538196552335853,0.04418354413737624,0.0038606016370368607,0.03208666138727442,0.4332953041360841
id,train_mixed,original,9,16,12.0,0.43525304303857326,0.303319099343407,0.9490446251698899,-0.0008360925591373001,0.33106622099876404,0.37516865134239197,0.1593177169561386,0.47656112909317017,0.14228452742099762,0,0.9832077026367188,0.2940526604652405,0.7764611899852752,0.5424900323482478,0.13402190248317983,0.41994959338872734,0.02374538388281633,0.0038968096310759586,0.017790811607294215,0.4021587817814331
id,train_mixed,original,9,16,16.0,0.6892136145316388,0.7402423099059375,0.9759822941191059,-0.0014450452638507497,0.2839488983154297,0.2572746276855469,0.13404607772827148,0.64422208070755,0.12149128317832947,0,0.9732661843299866,0.2678515911102295,0.7616418063640593,0.5672930692860431,0.1955506985319526,0.45577035805981586,0.03286149627445034,0.0029010724902221187,0.023873369139181873,0.431896988920634
id,train_mixed,original,9,16,24.0,0.3276361182554663,0.1602456748855064,0.781903400051732,-0.0028271558737511227,0.4500333070755005,0.49026477336883545,0.34085240960121155,0.5287790298461914,0.2884339690208435,0,0.9587003588676453,0.2834523618221283,0.7561259597539901,0.5310666437083011,0.06395206960236463,0.3909322714765202,0.06108040962801997,0.0033030149888247855,0.04374719123626141,0.3471850802402588
id,train_mixed,original,10,8,0.0,0.8873605783746129,0.8437971872274372,0.967865357184375,-0.00031021040248992295,0.22934113442897797,0.2623037099838257,0.16842657327651978,0.9007693529129028,0.14411164820194244,0,0.9714036583900452,0.17267554998397827,0.731785225868225,0.7205991065276417,0.3508102226156607,0.6096624413540473,0.028281741600849508,0.002090921753865941,0.020424495646754436,0.5892379457072929
id,train_mixed,original,10,8,0.5,0.8573178916013466,0.8448656235909907,0.9630669525366539,-0.0008520276572166014,0.24912363290786743,0.2585769593715668,0.1688426434993744,0.8999693989753723,0.14080436527729034,0,0.9581111669540405,0.16877466440200806,0.7213102161884307,0.7540027521929973,0.38167107668152406,0.6423032495395553,0.0420135817038898,0.002246127503399238,0.03008334544374263,0.6122199040958127
id,train_mixed,original,10,8,1.0,0.8504295134000234,0.8609587915048842,0.9549066841226085,-0.0011383689252723532,0.25954869389533997,0.25163519382476807,0.18102668225765228,0.89870685338974,0.14713585376739502,0,0.9328451752662659,0.1679053008556366,0.7033632129430771,0.7413861622532519,0.33928461845056096,0.6207556991124445,0.08472461313241408,0.0012766319400220162,0.059690218774696456,0.5610654803377481
id,train_mixed,original,10,8,2.0,0.785112873691956,0.8666317027178687,0.9243480894793827,-0.0007051330532629447,0.30159932374954224,0.25013914704322815,0.2137046754360199,0.797215461730957,0.16594809293746948,0,0.93211430311203,0.17612522840499878,0.7053175806999207,0.7706528082477654,0.32043867421868366,0.6355885680390408,0.07837810935027467,0.001646798259052544,0.05535871602290803,0.5802298520161329
id,train_mixed,original,10,8,3.0,0.7054528804495498,0.7618977304590302,0.8627934884304661,-0.0027644924658286134,0.31393706798553467,0.2866069972515106,0.2377542108297348,0.6555107831954956,0.1713200956583023,0,0.9260721206665039,0.1771697700023651,0.7014014154672622,0.7519958579763041,0.2505630060807659,0.6015660024076426,0.08522835031679121,0.0013285479328803136,0.06005840960161794,0.5415075928060247
id,train_mixed,original,10,8,5.0,0.6447262035905358,0.6343710109785108,0.7992348993652844,-0.00019990806641108786,0.28409066796302795,0.2881847023963928,0.2230040282011032,0.5389899611473083,0.14362943172454834,0,0.9231281280517578,0.18370822072029114,0.7013021558523178,0.6877431396139587,0.21227505189750406,0.5451027132990223,0.07708468516068578,0.0021292232787168994,0.054598046596095115,0.49050466670292714
id,train_mixed,original,10,8,8.0,0.4319024975721618,0.47423433974535917,0.8761656137653115,-0.00017058007731086052,0.30964747071266174,0.2955361604690552,0.16155245900154114,0.45362207293510437,0.12027229368686676,0,0.9870142936706543,0.1950928121805191,0.7494378492236137,0.5687981037956311,0.1306591933225422,0.43735643065370444,0.017057351219838535,0.001990201062625836,0.012537206172674726,0.4248192244810297
id,train_mixed,original,10,8,12.0,0.17602901769238138,0.16579548548889422,0.807909756210162,0.0004151435506142397,0.43195533752441406,0.4353971481323242,0.21943694353103638,0.4911586046218872,0.15483185648918152,0,0.9770280718803406,0.21278055012226105,0.7477538153529166,0.5373756696044398,0.10464045403486008,0.40755510493356584,0.029959948307968776,0.0022605622114934376,0.021650132479026175,0.38590497245453964
id,train_mixed,original,10,8,16.0,0.654638076391875,0.6163384575707614,0.8919877717832608,-0.001941767811011285,0.31760892271995544,0.336445152759552,0.200877383351326,0.6395680904388428,0.14775562286376953,0,0.9771844148635864,0.1955692172050476,0.7426998555660247,0.5494909301169202,0.18743409236607092,0.4408738787916654,0.020827554892053013,0.0018384837009723753,0.01513083353472882,0.42574304525693657
id,train_mixed,original,10,8,24.0,0.18230359607538493,0.11711045379005634,0.4725694561720978,-0.0001411134855832395,0.4755151569843292,0.48909080028533936,0.4150709807872772,0.5134775638580322,0.305240273475647,0,0.9657778739929199,0.21489983797073364,0.740514463186264,0.5015676778162471,0.05491839253271603,0.3675728922311878,0.04033055948254638,0.0018028863408778583,0.028772257540045823,0.33880063469114197
id,train_mixed,original,10,16,0.0,0.9263596110152185,0.9438104625469089,0.982597298825984,-0.004141836656302097,0.19983221590518951,0.18662789463996887,0.15727953612804413,0.9007693529129028,0.14411164820194244,0,0.9494009017944336,0.17267554998397827,0.7163832962512969,0.7096266850620324,0.32979421226654443,0.5956769432233859,0.07672859508207441,0.0030737666449163667,0.05463214655092699,0.541044796672459
id,train_mixed,original,10,16,0.5,0.9395531051342026,0.9380388952745382,0.9834047161010596,-0.0027058080676977273,0.18669353425502777,0.18784306943416595,0.1534029245376587,0.8999693989753723,0.14080436527729034,0,0.9188302159309387,0.16877466440200806,0.6938135504722595,0.718123638412729,0.3546354676844019,0.6090771871942308,0.1069781935857066,0.0027419483675801995,0.07570732002026867,0.5333698671739621
id,train_mixed,original,10,16,1.0,0.9307853611498018,0.9277863768312025,0.9838657974542379,-0.0024010908166048326,0.19915556907653809,0.20140951871871948,0.15926185250282288,0.89870685338974,0.14713585376739502,0,0.9609833359718323,0.1679053008556366,0.7230599254369736,0.6760462340656461,0.31997684910670304,0.5692254185779632,0.06877250567050996,0.002916439608202597,0.04901568585181775,0.5202097327261455
id,train_mixed,original,10,16,2.0,0.8745640246743693,0.8682414087402696,0.985014883991544,-0.0017383776973251305,0.2451317310333252,0.2491229921579361,0.17540770769119263,0.797215461730957,0.16594809293746948,0,0.9369676113128662,0.17612522840499878,0.708714896440506,0.6829609255305734,0.29224898877713545,0.565747344504542,0.08588787511907503,0.003732410817148103,0.06124123582849694,0.5045061086760451
id,train_mixed,original,10,16,3.0,0.7953521885785911,0.8494632170440802,0.9856968567270111,-0.002040408897943148,0.27040866017341614,0.24420860409736633,0.17824554443359375,0.6555107831954956,0.1713200956583023,0,0.944980800151825,0.1771697700023651,0.7146374911069869,0.6255162908874519,0.2350682828079611,0.5083818884636047,0.07190637353453211,0.003990584185295205,0.051531636729761035,0.45685025173384364
id,train_mixed,original,10,16,5.0,0.7259076482022069,0.7566509006642345,0.9871997025802162,-0.0022971336409545596,0.2519947290420532,0.2398400604724884,0.14869016408920288,0.5389899611473083,0.14362943172454834,0,0.9448140263557434,0.18370822072029114,0.7164822846651077,0.6274961551641846,0.20901471026619672,0.5019517216947882,0.07870665354097295,0.0032960824450356902,0.05608348221219177,0.4458682394825964
id,train_mixed,original,10,16,8.0,0.5879645831773445,0.6415763458716693,0.9801081100411364,-0.001916790805841116,0.25762420892715454,0.23975273966789246,0.1269032508134842,0.45362207293510437,0.12027229368686676,0,0.9704362750053406,0.1950928121805191,0.7378332361578941,0.596335263589293,0.1433553324893719,0.4604412842593167,0.044743519648585584,0.0034624515726318955,0.03235919922579948,0.4280820850335172
id,train_mixed,original,10,16,12.0,0.47706347389819265,0.3603274999683215,0.9579311159439668,-0.0008068051287817827,0.33070939779281616,0.36997082829475403,0.16898074746131897,0.4911586046218872,0.15483185648918152,0,0.9855245351791382,0.21278055012226105,0.753701339662075,0.5092251050227007,0.1041653356810019,0.387707174220191,0.023975066713043613,0.0029980153669591832,0.01768195130921828,0.37002522291097273
id,train_mixed,original,10,16,16.0,0.7021669096199312,0.6904557058305391,0.9663814935057066,-0.0036032142547232876,0.29423364996910095,0.2999933660030365,0.16428962349891663,0.6395680904388428,0.14775562286376953,0,0.9634708762168884,0.1955692172050476,0.7331003785133361,0.5542411769250764,0.1817942990317514,0.44250711355707883,0.04516986464007444,0.002643656119657516,0.032412002083949364,0.4100951114731295
id,train_mixed,original,10,16,24.0,0.2861412245444725,0.14768914502401792,0.7237641979344192,-0.005773917304635106,0.4538922905921936,0.4827231764793396,0.3627628684043884,0.5134775638580322,0.305240273475647,0,0.9610342383384705,0.21489983797073364,0.7371939182281494,0.5389867027545097,0.05859256888187222,0.3948684625927184,0.05984823992591348,0.003594355875940174,0.04297207471092149,0.3518963878817969
id,train_mixed,original,11,8,0.0,0.8801229788243651,0.9375314371611034,0.9464373325496545,-0.0032497113823793397,0.22376759350299835,0.18048258125782013,0.17376768589019775,0.8873655200004578,0.13338233530521393,0,0.9305964708328247,0.23559309542179108,0.7220954582095146,0.8190562361096474,0.35541043755219087,0.6799624965424104,0.08931012922481885,0.002120352586473937,0.06315319623331538,0.616809300309095
id,train_mixed,original,11,8,0.5,0.8866656022556667,0.9439865674307485,0.9492570706777952,-0.0018590800662058012,0.21783669292926788,0.17535437643527985,0.1714482456445694,0.8749716281890869,0.1338411122560501,0,0.9291032552719116,0.2378040850162506,0.7217135041952133,0.8192656106551853,0.35714318919280985,0.6806288842164726,0.08926896804371232,0.001207677864658683,0.06285058098999623,0.6177783032264764
id,train_mixed,original,11,8,1.0,0.8730312683200872,0.9339300437181113,0.9402327384284138,-0.0023060715869453207,0.23490089178085327,0.19067035615444183,0.18609273433685303,0.8689799904823303,0.14268401265144348,0,0.9430736303329468,0.24275696277618408,0.732978630065918,0.8111436583087513,0.3486855063290696,0.6724062127148468,0.08458547916786607,0.0016149873972455778,0.05969433163667992,0.6127118810781669
id,train_mixed,original,11,8,2.0,0.8437746482921382,0.8965619448262111,0.917734569250258,-0.001962007008748148,0.24833907186985016,0.21506017446517944,0.2017122358083725,0.7802831530570984,0.1498493254184723,0,0.9243895411491394,0.2379334419965744,0.7184527114033699,0.8373119365247583,0.34867576606180306,0.6907210853858717,0.09999741778718518,0.0019957030424554564,0.07059690336376626,0.6201241820221055
id,train_mixed,original,11,8,3.0,0.782723633282132,0.7361672590884536,0.8929960760945382,-0.003313631556990912,0.2710735499858856,0.2943251430988312,0.21600031852722168,0.6619882583618164,0.16255947947502136,0,0.9410524368286133,0.23948533833026886,0.73058230727911,0.7594620834706609,0.2719544940200204,0.6132098066354686,0.06977731430817591,0.0017461900178293072,0.04936797702107193,0.5638418296143968
id,train_mixed,original,11,8,5.0,0.6078274231394768,0.640349824447707,0.8451892804422878,-0.0019572484198663825,0.28566282987594604,0.27257946133613586,0.19017502665519714,0.5301844477653503,0.12789654731750488,0,0.9266494512557983,0.2500801086425781,0.7236786484718323,0.7537720374668648,0.26890106574538897,0.608310745950422,0.09296768426071822,0.0015595057359547254,0.06554523070328917,0.5427655152471328
id,train_mixed,original,11,8,8.0,0.4343530936952532,0.4117175613574371,0.830598029013172,-0.0018566460943115995,0.30748480558395386,0.314911812543869,0.17747178673744202,0.45000159740448,0.12188883870840073,0,0.8952797651290894,0.2599519193172455,0.7046814113855361,0.7146435479746887,0.12517385020684954,0.537802638644337,0.12896611817096637,0.0017035634630127906,0.0907873517585803,0.44701528688575665
id,train_mixed,original,11,8,12.0,0.22963379974298312,0.11389827890725289,0.8613938285266434,-0.0022489849366905904,0.40561994910240173,0.4451930820941925,0.18960395455360413,0.48413801193237305,0.1422107219696045,0,0.9657151699066162,0.26101621985435486,0.7543054848909377,0.5638197793286557,0.09093402966422512,0.4219540544293265,0.04867836804522596,0.0019638036368862344,0.03466399872272404,0.38729005570660247
id,train_mixed,original,11,8,16.0,0.634562107938125,0.5684922351910104,0.8871681680050825,-0.00014817533660146172,0.3161827623844147,0.34982937574386597,0.18754109740257263,0.6393386125564575,0.13008058071136475,0,0.9874676465988159,0.25089094042778015,0.7664946347475051,0.5695593849996753,0.21299922128080906,0.4625913358840154,0.013119980410985388,0.0016298093955459461,0.009672929106353555,0.4529184067776619
id,train_mixed,original,11,8,24.0,0.19123391631244033,0.12549353875776986,0.2526314094703907,-0.0025627498027711673,0.4878982901573181,0.5046912431716919,0.4722146987915039,0.5367477536201477,0.2813042402267456,0,0.9663129448890686,0.27163445949554443,0.7579093992710113,0.4990068561448998,0.050080050431417285,0.364328814430855,0.04003469199551213,0.0015983662892385937,0.028503794283630066,0.33582502014722493
id,train_mixed,original,11,16,0.0,0.9176157491790097,0.9384593219365894,0.9918216888076048,-0.0008663420025176409,0.19549867510795593,0.17978297173976898,0.1395486444234848,0.8873655200004578,0.13338233530521393,0,0.9263024926185608,0.23559309542179108,0.7190896734595298,0.748220150859262,0.3327446403808804,0.6235774977157476,0.10037302789666958,0.0037788922752874828,0.07139478721025494,0.5521827105054926
id,train_mixed,original,11,16,0.5,0.9057093104014086,0.9448237204494002,0.9940295872077823,-0.0010326435391106803,0.20372281968593597,0.1747339367866516,0.1382659673690796,0.8749716281890869,0.1338411122560501,0,0.9459543824195862,0.2378040850162506,0.7335092931985855,0.7759100025831149,0.32480352853424854,0.6405780603684549,0.08892233701089836,0.004081483792922827,0.0634700810455057,0.5771079793229492
id,train_mixed,original,11,16,1.0,0.8951562607648303,0.9381775444514789,0.9937005674372269,-0.001198418625770908,0.2188315987586975,0.18758541345596313,0.14725926518440247,0.8689799904823303,0.14268401265144348,0,0.9662543535232544,0.24275696277618408,0.7492051362991333,0.7292522917847596,0.3156402144272349,0.6051686685775022,0.06049343284062525,0.004445265844475468,0.04367898274178031,0.5614896858357219
id,train_mixed,original,11,16,2.0,0.8941894451454201,0.9070305361449824,0.9910282757525593,-0.0023826396794266614,0.2165558785200119,0.20846042037010193,0.15550540387630463,0.7802831530570984,0.1498493254184723,0,0.931198000907898,0.2379334419965744,0.7232186332345009,0.7574007137493068,0.3089076384367703,0.6228527911555458,0.10614485165095089,0.0032431105745462895,0.0752743293280295,0.5475784618275163
id,train_mixed,original,11,16,3.0,0.8637457439108813,0.841931092336584,0.9861359159410502,-0.0008090440599618727,0.2306087762117386,0.24150364100933075,0.16948360204696655,0.6619882583618164,0.16255947947502136,0,0.9344328045845032,0.23948533833026886,0.7259485647082329,0.7168544064493614,0.27137593361215046,0.5832108645981982,0.09186246641872353,0.0032125583021311954,0.06526749398374582,0.5179433706144523
id,train_mixed,original,11,16,5.0,0.7207702876355091,0.6564977906502791,0.9580460986082793,-0.00261020782837139,0.24022728204727173,0.26608332991600037,0.14477409422397614,0.5301844477653503,0.12789654731750488,0,0.9654014706611633,0.2500801086425781,0.7508050620555877,0.6624441907024006,0.24533121549482076,0.5373102981401265,0.04835790703911835,0.002950284622169079,0.03473562031403357,0.502574677826093
id,train_mixed,original,11,16,8.0,0.5882192894230007,0.5852191905777822,0.9361978751843073,-0.0025348700748519214,0.25699934363365173,0.2579837143421173,0.14282312989234924,0.45000159740448,0.12188883870840073,0,0.9879473447799683,0.2599519193172455,0.7695487171411514,0.6114740364314917,0.12454753473909219,0.4653960859237718,0.032955054836519726,0.0031994374828096,0.024028369630406686,0.44136771629336513
id,train_mixed,original,11,16,12.0,0.48135651366282534,0.3627269380335489,0.9627405698300104,-0.0007936773566447512,0.3195490837097168,0.3601117730140686,0.15495073795318604,0.48413801193237305,0.1422107219696045,0,0.9691781401634216,0.26101621985435486,0.7567295640707016,0.5868645229715799,0.10943692620761568,0.44363624394239054,0.05276135083180966,0.00374549089476419,0.038056592850696014,0.4055796510916945
id,train_mixed,original,11,16,16.0,0.6866668648580069,0.7181957908841035,0.9673455968516603,-0.0036908065279545764,0.28964799642562866,0.27359163761138916,0.1467100977897644,0.6393386125564575,0.13008058071136475,0,0.9670102596282959,0.25089094042778015,0.7521744638681411,0.5854118715110671,0.2143569388166346,0.47409539170273735,0.03908718224435859,0.0029241422963663106,0.028238270259960903,0.44585712144277645
id,train_mixed,original,11,16,24.0,0.28518775881544633,0.13265421124683857,0.6206777951718195,-0.0017470006167119847,0.4638983905315399,0.5028620958328247,0.37819963693618774,0.5367477536201477,0.2813042402267456,0,0.9733427166938782,0.27163445949554443,0.762830239534378,0.5256897351160634,0.06460659677719077,0.3873647936144016,0.039690325400934534,0.003716417192577312,0.028898152938427363,0.3584666406759743
id,train_mixed,original,12,8,0.0,0.8967991426021323,0.8631313576312316,0.9765833684630127,-0.0009162491030012557,0.21005159616470337,0.23588484525680542,0.1488332599401474,0.8981644511222839,0.13086570799350739,0,0.9226692914962769,0.1954186111688614,0.7044940873980521,0.8367160882989565,0.39981170983455333,0.7056447747596355,0.0939901784476479,0.0015179507233559406,0.0662485101303603,0.6393962646292752
id,train_mixed,original,12,8,0.5,0.9105515312504348,0.8671763079022211,0.9736364213758085,-0.000755164766544668,0.20187538862228394,0.2347656935453415,0.15403975546360016,0.8923229575157166,0.1340489387512207,0,0.9142879247665405,0.19694137573242188,0.6990839600563049,0.8412200989467399,0.38690027950459893,0.7049241531140975,0.10310955850964831,0.001967350506520137,0.07276689610870986,0.6321572570053876
id,train_mixed,original,12,8,1.0,0.8827918060589325,0.880352146027199,0.9702160148639352,-0.0009133918694603408,0.22017976641654968,0.2220028042793274,0.15485195815563202,0.8798466324806213,0.13259585201740265,0,0.9192364811897278,0.20434769988059998,0.7047698467969894,0.8588014267240425,0.3720656116682626,0.7127806822073085,0.09356176966434859,0.0014456016048781436,0.06592691924650745,0.6468537629608011
id,train_mixed,original,12,8,2.0,0.8362050617133046,0.8909516349335396,0.9551586511265308,-0.00020484638475445438,0.2597048878669739,0.2229709029197693,0.17988912761211395,0.8207837343215942,0.1498013734817505,0,0.9416217803955078,0.21166130900382996,0.7226336389780044,0.7752593635511258,0.2958917451817474,0.6314490780403123,0.059720743454073744,0.0014973487240363588,0.04225372503506253,0.5891953530052497
id,train_mixed,original,12,8,3.0,0.7344652475628934,0.6510979292408684,0.9282273583329504,-0.001060181005737514,0.3045213520526886,0.34905263781547546,0.20102185010910034,0.6968415379524231,0.16268394887447357,0,0.9371408820152283,0.20868460834026337,0.7186039999127388,0.7550963038785085,0.26407960852012874,0.6077912952709945,0.06403653342237536,0.0014837663240515498,0.04527070329287822,0.5625205919781163
id,train_mixed,original,12,8,5.0,0.5909557125235386,0.6176841753572857,0.898074340730511,-8.129663750308198e-05,0.2986774742603302,0.2877817451953888,0.1734820455312729,0.5395777225494385,0.13193254172801971,0,0.9869382381439209,0.20788514614105225,0.7532223105430602,0.675280961430913,0.24009041953862384,0.5447237988632262,0.019803799499017005,0.0019722123038211177,0.014454323340458238,0.5302694755227679
id,train_mixed,original,12,8,8.0,0.49039987738147806,0.4350685547711763,0.8913404189104629,-0.0018596381364534458,0.2752424478530884,0.29257452487945557,0.1496511548757553,0.42885613441467285,0.11561444401741028,0,0.9776516556739807,0.2304438203573227,0.7534893050789833,0.6047994900747191,0.14052003407011374,0.46551565327333744,0.024117697658159187,0.0014897926063858426,0.017329326142627183,0.44818632713071027
id,train_mixed,original,12,8,12.0,0.159411562475982,0.10685968304619142,0.7882475354943893,-0.0014105221766858432,0.4363691508769989,0.45435231924057007,0.22118249535560608,0.4909195303916931,0.1487211436033249,0,0.976952850818634,0.24510371685028076,0.757398110628128,0.5266714407509636,0.08596024282007192,0.3944580813716961,0.028424601856166132,0.0018496886998326737,0.020452127909266093,0.37400595346243
id,train_mixed,original,12,8,16.0,0.6822255060519198,0.5676428015215724,0.8808546428486272,-8.38597831858227e-05,0.30638861656188965,0.3651078939437866,0.20459873974323273,0.6560032367706299,0.14354127645492554,0,0.9770001769065857,0.23692339658737183,0.7549771428108215,0.5783711740906076,0.18443403961900529,0.46019003374912687,0.027040141516720517,0.002112647360951704,0.01956189326998987,0.440628140479137
id,train_mixed,original,12,8,24.0,0.2157107948256189,0.06848370292927489,0.23054729512197064,-0.0013253350594921863,0.46952301263809204,0.5003781914710999,0.4664136469364166,0.51473069190979,0.30515527725219727,0,0.9697895050048828,0.2654432952404022,0.7584856420755386,0.45017937639354044,0.05883806765277955,0.33277698377131215,0.03891548623124719,0.0016760213707519046,0.027743646773098603,0.30503333699821356
id,train_mixed,original,12,16,0.0,0.9189982581362697,0.9653649488342458,0.9802034845936054,-0.0005746074281390664,0.19301824271678925,0.1574411392211914,0.14605554938316345,0.8981644511222839,0.13086570799350739,0,0.9533869624137878,0.1954186111688614,0.7259964570403098,0.7143467274171309,0.34887106489698866,0.6047040286610882,0.08561192895576564,0.0035460118086647653,0.06099215381163538,0.5437118748494528
id,train_mixed,original,12,16,0.5,0.921953442327445,0.9606267686769258,0.9805892902748188,-0.0011845089900136985,0.19322961568832397,0.16390463709831238,0.14876757562160492,0.8923229575157166,0.1340489387512207,0,0.9359455108642578,0.19694137573242188,0.714244270324707,0.7363624200345611,0.34346490195676854,0.6184931646112233,0.09366579050434554,0.003564761405027061,0.06663548177454999,0.5518576828366732
id,train_mixed,original,12,16,1.0,0.9159561028701312,0.9566247940984723,0.979151497559652,-0.0002871548973938719,0.19539771974086761,0.16500800848007202,0.14817491173744202,0.8798466324806213,0.13259585201740265,0,0.9491883516311646,0.20434769988059998,0.7257361561059952,0.7151925810897368,0.3312823566507375,0.6000195137580371,0.07294781447683185,0.003024829729804986,0.05197091905272379,0.5480485947053133
id,train_mixed,original,12,16,2.0,0.854622759303899,0.8946942343471068,0.9712768680995372,-0.003036718847715101,0.2473469376564026,0.2204596847295761,0.16907408833503723,0.8207837343215942,0.1498013734817505,0,0.9430893063545227,0.21166130900382996,0.7236609071493149,0.6761761239627102,0.2587479938923549,0.5509476849416036,0.0792465930733568,0.0033879679234462556,0.05648900552838363,0.49445867941321997
id,train_mixed,original,12,16,3.0,0.8089788103002705,0.8726779632685389,0.9634269634068778,-0.003316566661670392,0.2647193670272827,0.230693981051445,0.1822197139263153,0.6968415379524231,0.16268394887447357,0,0.9783022403717041,0.20868460834026337,0.7474169507622719,0.6473008388221226,0.2393624799942178,0.5249193311737511,0.03914462444974676,0.0038077945441434514,0.028543575478065762,0.4963757556956854
id,train_mixed,original,12,16,5.0,0.7500456288344259,0.6209304846123999,0.9304200941600758,-0.0035997156810942,0.23382523655891418,0.28645840287208557,0.1602964550256729,0.5395777225494385,0.13193254172801971,0,0.9767399430274963,0.20788514614105225,0.746083503961563,0.6364262253232478,0.23126281151584596,0.5148772011810272,0.041182532871145705,0.003327369392526629,0.02982598382755998,0.48505121735346723
id,train_mixed,original,12,16,8.0,0.6385401393463219,0.5819145576861253,0.9353667286133766,-0.002885074534422096,0.2288387417793274,0.2465762346982956,0.13586027920246124,0.42885613441467285,0.11561444401741028,0,0.9747776985168457,0.2304438203573227,0.7514775350689887,0.6112240166527999,0.17260858026241865,0.47963938573568554,0.040396658148028064,0.003102623279101503,0.029208447687350092,0.45043093804833545
id,train_mixed,original,12,16,12.0,0.43370142974746506,0.40402315830773045,0.8852309070351709,-0.008838668477864464,0.34250760078430176,0.35266345739364624,0.18799494206905365,0.4909195303916931,0.1487211436033249,0,0.9832122325897217,0.24510371685028076,0.7617796778678894,0.573481607003365,0.12725808250468698,0.43961454965376157,0.030955670528914125,0.004603678018215299,0.023050072775704478,0.4165644768780571
id,train_mixed,original,12,16,16.0,0.732052523440903,0.7561516850175367,0.9465257217495174,-0.00012073017329664904,0.28085416555404663,0.26850426197052,0.17094480991363525,0.6560032367706299,0.14354127645492554,0,0.9801327586174011,0.23692339658737183,0.7571699500083923,0.5547902745336186,0.191621229422366,0.44583956100024286,0.03701633914531954,0.003430993811777681,0.026940735545256982,0.41889882545498586
id,train_mixed,original,12,16,24.0,0.29159561240149573,0.10007644851158616,0.7985010062307812,-0.005791088515317574,0.45361942052841187,0.49375712871551514,0.347384512424469,0.51473069190979,0.30515527725219727,0,0.9670897722244263,0.2654432952404022,0.756595829129219,0.5279686772226466,0.08441792131279025,0.3949034504496897,0.0523051668503961,0.0036881181927364342,0.0377200522530982,0.3571833981965915
id,train_mixed,original,13,8,0.0,0.8866777282619916,0.942185467505394,0.9642982516276266,-0.0005322084653491653,0.21868430078029633,0.176082044839859,0.15911045670509338,0.899210512638092,0.13170932233333588,0,0.9325305819511414,0.23017629981040955,0.7218242973089217,0.7943680405869658,0.36477563062276697,0.6654903175977062,0.0834552091863957,0.0014796257527344022,0.05886253415629731,0.6066277834414089
id,train_mixed,original,13,8,0.5,0.8847841391387758,0.9348408077488506,0.9692725750897613,-0.0008689084133852583,0.21658530831336975,0.1778663992881775,0.15123337507247925,0.9009671807289124,0.12746566534042358,0,0.9269044995307922,0.23045912384986877,0.7179708868265151,0.7865146821455168,0.35393460531317184,0.6567406590958134,0.08211672554228067,0.001619486932591548,0.05796755395937393,0.5987731051364394
id,train_mixed,original,13,8,1.0,0.8720316282145139,0.9170442688249478,0.9655906205008022,-0.0008285742945802761,0.22265900671482086,0.18893150985240936,0.15255624055862427,0.8760631084442139,0.1267736554145813,0,0.9525091648101807,0.2374688982963562,0.7379970848560332,0.7591717194284542,0.3415871415529959,0.6338963460658167,0.08167547538771702,0.0017976085017506827,0.05771211532192712,0.5761842307438896
id,train_mixed,original,13,8,2.0,0.833223132426556,0.8644353872662289,0.9484126529682042,-0.002672379593608682,0.246042862534523,0.2256552129983902,0.1708017885684967,0.7902989983558655,0.13710525631904602,0,0.9296045303344727,0.24151745438575745,0.7231784075498581,0.7954872320193431,0.32038048205863123,0.6529552070311295,0.08516099044520331,0.0013873238342135288,0.06002889046190637,0.5929263165692231
id,train_mixed,original,13,8,3.0,0.8187057526288655,0.8167768288731182,0.9174383235410697,-0.0009598783466330963,0.2373211681842804,0.23834647238254547,0.18484064936637878,0.6724977493286133,0.14095564186573029,0,0.9347577691078186,0.2603922188282013,0.7324481040239333,0.664663899117649,0.24418315014547595,0.538519674425997,0.08536943341804903,0.0013629471067270805,0.060167487524652445,0.47835218690134457
id,train_mixed,original,13,8,5.0,0.7042728934104519,0.7274960452999081,0.8305596372646815,-0.0011452039853634946,0.24036246538162231,0.23106998205184937,0.1898302435874939,0.5221693515777588,0.1220305860042572,0,0.946102499961853,0.2632802426815033,0.741255822777748,0.6467188853613218,0.19950206920088112,0.5125538405131896,0.07273627581627051,0.0018466991603888483,0.05146940281950601,0.4610844376936836
id,train_mixed,original,13,8,8.0,0.45183047126086157,0.5487850851131324,0.8014621507025433,-0.0017313450461576474,0.30384474992752075,0.271229088306427,0.1862281858921051,0.4558411240577698,0.11943978816270828,0,0.9448117017745972,0.27844423055648804,0.7449014604091644,0.5537562431771935,0.13409742430423088,0.4278585975153047,0.07328673495413207,0.0016683977446753085,0.05180123379129504,0.37605736372400966
id,train_mixed,original,13,8,12.0,0.2926030880992869,0.35478092861142935,0.8014429388681735,-0.0003156670013531223,0.3976939618587494,0.3756100833415985,0.2169678807258606,0.5016186237335205,0.14644581079483032,0,0.9766390323638916,0.29081830382347107,0.7708928138017653,0.5008473571468833,0.08014913734695141,0.3746378912069037,0.03221487017098135,0.001498953017754476,0.023000095025013285,0.35163779618189045
id,train_mixed,original,13,8,16.0,0.5893774123321046,0.6189399350374593,0.8450524423348196,-1.201315530323688e-05,0.3485147953033447,0.33282026648521423,0.21277877688407898,0.6614109873771667,0.13051824271678925,0,0.9858567118644714,0.26016199588775635,0.7681482970714568,0.5184031168367578,0.17694923765313045,0.41596695308166953,0.013612538723056455,0.0018791187236668963,0.010092512723239586,0.40587444035842996
id,train_mixed,original,13,8,24.0,0.21200911007391918,0.10293560516569279,0.26198185377970096,-0.003275301012484304,0.4748525023460388,0.502026379108429,0.4624026119709015,0.5276710987091064,0.27853748202323914,0,0.9941803216934204,0.2742699384689331,0.7782072067260742,0.4001895805600999,0.04183836547064241,0.2926842160332626,0.010305541657165795,0.0016497990146552212,0.007708818864412622,0.28497539716885
id,train_mixed,original,13,16,0.0,0.9291606302496054,0.9425723340558299,0.9805336385863019,-0.0016516091394397634,0.18607862293720245,0.1757851243019104,0.1466497778892517,0.899210512638092,0.13170932233333588,0,0.944848358631134,0.23017629981040955,0.7304467409849167,0.7237096564105843,0.32658875273386195,0.6045733853075675,0.09257301274076324,0.004105735701248386,0.06603282962890877,0.5385405556786588
id,train_mixed,original,13,16,0.5,0.9384563983823323,0.9411710821793481,0.9831629345062209,-0.0018152603311561305,0.17506973445415497,0.17296992242336273,0.14048916101455688,0.9009671807289124,0.12746566534042358,0,0.9134343266487122,0.23045912384986877,0.7085417658090591,0.7410342642517553,0.33348458322179375,0.6187693599427668,0.12286405906325337,0.0035104569355646703,0.08705797842494675,0.53171138151782
id,train_mixed,original,13,16,1.0,0.9421743480685015,0.9356736672550319,0.9805107051623854,-0.0008286538428036421,0.1701018065214157,0.17497269809246063,0.1413767784833908,0.8760631084442139,0.1267736554145813,0,0.9458005428314209,0.2374688982963562,0.7333010494709015,0.6915538452004515,0.32985877699507093,0.5830453247388373,0.07525659557333964,0.0038843230842780505,0.053844913826621155,0.5292004109122161
id,train_mixed,original,13,16,2.0,0.8953916371564424,0.9235612838937938,0.9740230942835979,-0.000544951544527455,0.20543478429317474,0.18703454732894897,0.15407320857048035,0.7902989983558655,0.13710525631904602,0,0.9569694995880127,0.24151745438575745,0.7423338860273361,0.6950157054775002,0.3013045371698721,0.5769023549852117,0.08056286229173526,0.00424955777294847,0.057668870936099216,0.5192334840491125
id,train_mixed,original,13,16,3.0,0.837569716981944,0.8923054621086761,0.9654834586805312,-0.002463276593515097,0.2272941768169403,0.1981998234987259,0.15930263698101044,0.6724977493286133,0.14095564186573029,0,0.9433059096336365,0.2603922188282013,0.7384318023920058,0.6614927396821648,0.26635674525448294,0.5429519413538602,0.09060191957922459,0.003911476820592515,0.06459478675163496,0.47835715460222517
id,train_mixed,original,13,16,5.0,0.7651209789289468,0.7270659607256702,0.9672700388167248,-0.0019585252340737808,0.2160147875547409,0.2312420755624771,0.13512711226940155,0.5221693515777588,0.1220305860042572,0,0.9388784170150757,0.2632802426815033,0.7361989647150039,0.6416019572096385,0.23193130479244783,0.5187007614844813,0.09290450930030125,0.004635263493788624,0.06642373555834745,0.45227702592613384
id,train_mixed,original,13,16,8.0,0.671698402049495,0.547109818530579,0.9575227564611327,-0.0008005134235828942,0.22988088428974152,0.2717926502227783,0.13372918963432312,0.4558411240577698,0.11943978816270828,0,0.9634644389152527,0.27844423055648804,0.7579583764076232,0.604935686002315,0.16645290656337494,0.4733908521706329,0.054074180397170934,0.004263419013730275,0.039130951982138736,0.4342599001884942
id,train_mixed,original,13,16,12.0,0.48088066562272236,0.5667080227917952,0.9642137919796415,-0.001814455937602317,0.3308228850364685,0.30033934116363525,0.15915609896183014,0.5016186237335205,0.14644581079483032,0,0.9730525612831116,0.29081830382347107,0.7683822840452194,0.5262500115969118,0.11922925429021634,0.40414378440490306,0.03676464253578182,0.0028546326555867908,0.02659163957172331,0.3775521448331797
id,train_mixed,original,13,16,16.0,0.7037409105954879,0.6861131208664606,0.9712562524192965,-0.00036859055009838017,0.28780004382133484,0.29715850949287415,0.145778089761734,0.6614109873771667,0.13051824271678925,0,0.9622646570205688,0.26016199588775635,0.751633858680725,0.5808673589490055,0.202191735700327,0.46726467197440197,0.05545270733516172,0.0034788487055513627,0.03986054974627861,0.42740412222812335
id,train_mixed,original,13,16,24.0,0.32208721607428736,0.09581726834871357,0.5691183614594924,-0.001267055819000502,0.4474283456802368,0.5037997961044312,0.3858845829963684,0.5276710987091064,0.27853748202323914,0,0.96244215965271,0.2742699384689331,0.755990493297577,0.5286371307908876,0.08721810282659628,0.3962114224016002,0.055512557297662024,0.0031345842759955187,0.039799165391162065,0.3564122570104381
id,train_mixed,original,14,8,0.0,0.8612508343539248,0.9255084171092182,0.9724776866294786,-0.0011077614271897212,0.2435089498758316,0.19485890865325928,0.15929801762104034,0.8955703377723694,0.13846060633659363,0,0.9491644501686096,0.23036785423755646,0.7335254713892936,0.726691448615581,0.3557867533077642,0.6154200400232359,0.05926768382415082,0.0017738299032679162,0.04201952764788595,0.57340051237535
id,train_mixed,original,14,8,0.5,0.9061136164627235,0.9373251916420888,0.9746771339531746,-0.0014409501594294248,0.21006856858730316,0.1868268847465515,0.1590127795934677,0.8848056197166443,0.1401561200618744,0,0.9470351934432983,0.23176445066928864,0.7324539706110954,0.7873970248038809,0.3579416172160873,0.6585604025275428,0.06814451102088437,0.0018690446454294523,0.04826187110824789,0.6102985314192949
id,train_mixed,original,14,8,1.0,0.907067973811384,0.9358130873184659,0.9691922064847408,-0.0014888770246151595,0.20632843673229218,0.18544326722621918,0.1611911952495575,0.8653715252876282,0.13880735635757446,0,0.959176778793335,0.23345018923282623,0.7414588019251823,0.7516000685691184,0.3316953540052282,0.6256286541999513,0.049927764676193975,0.0023442714330507495,0.035652716703251,0.5899759374967003
id,train_mixed,original,14,8,2.0,0.8534946951201333,0.9161670802168324,0.9591364124986779,-0.0010160098697559088,0.24614085257053375,0.20679646730422974,0.17982123792171478,0.78194659948349,0.15416795015335083,0,0.966499388217926,0.2284146249294281,0.7450739592313765,0.7460242190454953,0.32115066721932134,0.6185621534976431,0.03872372557553516,0.0021710315717029054,0.027757917374385484,0.5908042361232576
id,train_mixed,original,14,8,3.0,0.73118508965655,0.8297454343757421,0.9200668494838014,-0.0012377996370702665,0.29111137986183167,0.24158638715744019,0.19620132446289062,0.6585201621055603,0.15603619813919067,0,0.9779066443443298,0.23062431812286377,0.7537219464778899,0.6742976792883801,0.24109390344880016,0.5443365465365061,0.024317197533159973,0.002306292229175017,0.017713925941964484,0.5266226205945416
id,train_mixed,original,14,8,5.0,0.6796826331014342,0.7553482671124808,0.9021751246337666,-0.0005415937614096448,0.25815263390541077,0.2287072390317917,0.1715693473815918,0.5226521492004395,0.13350065052509308,0,0.9548787474632263,0.24370500445365906,0.741526624560356,0.6741170401774239,0.23692823907593533,0.5429603998469773,0.051426994771315404,0.0020779718812648845,0.03662228790430025,0.5063381119426771
id,train_mixed,original,14,8,8.0,0.4981882706022146,0.5309437919674915,0.8852414894168182,-0.0008667273039113641,0.2727073132991791,0.2622688114643097,0.1493615210056305,0.43146952986717224,0.11279037594795227,0,0.9548400044441223,0.27628231048583984,0.7512726962566375,0.5884500453617716,0.1537051828303945,0.4580265866023584,0.05910802659659986,0.0024136590722891385,0.04209971633930665,0.41592687026305175
id,train_mixed,original,14,8,12.0,0.3495956379589917,0.20723351872092421,0.8381757613012599,-5.247118616363441e-06,0.37667953968048096,0.4300459027290344,0.1935286819934845,0.5077301859855652,0.13286668062210083,0,0.9816705584526062,0.27940821647644043,0.7709918558597564,0.4975182316465817,0.10344883729048324,0.37929741333975214,0.01920690504542244,0.0014849888335598262,0.013890330181863655,0.3654070831578885
id,train_mixed,original,14,8,16.0,0.6499056307981729,0.5925408021666347,0.9128586461757535,0.0006696495632082257,0.30708783864974976,0.3365646004676819,0.17197014391422272,0.6410400867462158,0.12719279527664185,0,0.9749512076377869,0.2612352967262268,0.7608364343643188,0.5306956341347273,0.14837971941482436,0.4160008597187564,0.032629004394258976,0.001692317376647455,0.02334799828897552,0.39265286142978084
id,train_mixed,original,14,8,24.0,0.18284220316666808,0.1154833831722766,0.7090278027346365,-0.0003141442185600123,0.476836621761322,0.49130406975746155,0.36382153630256653,0.5161077976226807,0.3013260066509247,0,0.980549693107605,0.27027326822280884,0.7674667656421661,0.4645032381084009,0.056031540458575065,0.3419617288134531,0.026225058406731394,0.002019840590739232,0.018963493061933744,0.32299823575151937
id,train_mixed,original,14,16,0.0,0.9311584845562304,0.9623323326006646,0.979140590953838,-9.266116123959221e-05,0.19058118760585785,0.16697916388511658,0.15425346791744232,0.8955703377723694,0.13846060633659363,0,0.9336310625076294,0.23036785423755646,0.7226521000266075,0.7016724444639648,0.3433963230016561,0.5941896080252722,0.08690025099337895,0.0032060644332060975,0.06179199502532709,0.5323976129999451
id,train_mixed,original,14,16,0.5,0.9218844045320692,0.9636280150583374,0.9821480306941114,-3.946163918446319e-05,0.19832485914230347,0.16724050045013428,0.15344958007335663,0.8848056197166443,0.1401561200618744,0,0.9730365872383118,0.23176445066928864,0.7506549462676049,0.670770945722237,0.3190784840699187,0.5652632072265416,0.04657582281087791,0.0028506740199340883,0.03345827817359476,0.5318049290529467
id,train_mixed,original,14,16,1.0,0.9259167393781844,0.9586875592917444,0.9787069830293122,-0.00026522339636237866,0.19263359904289246,0.1688234955072403,0.15427809953689575,0.8653715252876282,0.13880735635757446,0,0.9688883423805237,0.23345018923282623,0.7482568964362144,0.6700903028836162,0.3115189863082121,0.5625189079109949,0.047117654152421196,0.0030892349488895973,0.03390912839136171,0.5286097795196332
id,train_mixed,original,14,16,2.0,0.8947558661491261,0.9170884533388376,0.9771170385263422,-0.0020629719138450975,0.22023797035217285,0.20621804893016815,0.16853338479995728,0.78194659948349,0.15416795015335083,0,0.975203812122345,0.2284146249294281,0.7511670559644699,0.6558409383203544,0.2991610302380048,0.5488369658956495,0.04193745071710797,0.00388747736882105,0.03052245871262189,0.5183145071830275
id,train_mixed,original,14,16,3.0,0.8105879494897087,0.8428066819117083,0.9783761681993556,-0.0012896365744348767,0.2512127161026001,0.23502331972122192,0.1669018268585205,0.6585201621055603,0.15603619813919067,0,0.9179438352584839,0.23062431812286377,0.7117479801177977,0.7021943258180079,0.2693905097384796,0.5723531809941493,0.09763472012963204,0.0030906949894515235,0.06927151258757788,0.5030816684065714
id,train_mixed,original,14,16,5.0,0.8109472089675429,0.7564661083650849,0.9786853140747942,-0.004931321476907501,0.20707082748413086,0.2282722294330597,0.1417952924966812,0.5226521492004395,0.13350065052509308,0,0.9596520066261292,0.24370500445365906,0.744867905974388,0.6235566775678583,0.2400420936953651,0.5085023024061103,0.05385223678623252,0.0036952179169191055,0.03880513112543849,0.4696971712806718
id,train_mixed,original,14,16,8.0,0.6770970396044252,0.5366341915130676,0.9742293580401115,-0.003206086767370878,0.21569281816482544,0.2604553997516632,0.12100294232368469,0.43146952986717224,0.11279037594795227,0,0.9739834070205688,0.27628231048583984,0.7646730780601502,0.5865623064583512,0.16412074237438964,0.4598298372331627,0.04384972581205149,0.0034872632703264344,0.03174098704953397,0.4280888501836287
id,train_mixed,original,14,16,12.0,0.6021345278531367,0.5582486612692367,0.9630931589339509,5.8036311968868366e-05,0.2820119261741638,0.2984631359577179,0.14670170843601227,0.5077301859855652,0.13286668062210083,0,0.9826345443725586,0.27940821647644043,0.771666646003723,0.5629750148795052,0.1417332808138362,0.4366024946598045,0.025763514299365964,0.0036374085529706605,0.019125682575447372,0.4174768120843571
id,train_mixed,original,14,16,16.0,0.774471440252307,0.7868215912279503,0.9897282218025973,-0.0014956628214112008,0.2430800348520279,0.23673394322395325,0.13247092068195343,0.6410400867462158,0.12719279527664185,0,0.9814672470092773,0.2612352967262268,0.7653976619243622,0.5571647959984187,0.20531665225931217,0.4516103528766867,0.02360650789224461,0.0038451308661252297,0.017678094784408797,0.4339322580922779
id,train_mixed,original,14,16,24.0,0.4763335207005638,0.1531451677917257,0.9008433745471862,-0.002171258273863548,0.41380003094673157,0.48321500420570374,0.32262304425239563,0.5161077976226807,0.3013260066509247,0,0.9743601679801941,0.27027326822280884,0.7631340980529785,0.5105180705918873,0.08656588159519672,0.3833324138928801,0.04049666605950475,0.0028439641375286825,0.029200855482911927,0.3541315584099682
id,train_mixed,original,15,8,0.0,0.740503102267882,0.8624487804281318,0.9381827633112941,-0.0009462049832335729,0.3333093225955963,0.2429947555065155,0.186905175447464,0.881735622882843,0.14112251996994019,0,0.9454576373100281,0.21486543118953705,0.7262799754738807,0.7159670404644034,0.3253381107085461,0.5987783615376462,0.06912601600935842,0.0015669833655149307,0.04885830621620537,0.5499200553214408
id,train_mixed,original,15,8,0.5,0.7522974164144304,0.8675737061820487,0.9449662385433182,-0.0011428080159749919,0.3178885877132416,0.2331319898366928,0.176229327917099,0.871013343334198,0.1357658952474594,0,0.958065927028656,0.2135835587978363,0.73472121655941,0.695325052104796,0.3215178665553568,0.5831828964399641,0.058811643161612914,0.0015049735013070858,0.04161964226352116,0.541563254176443
id,train_mixed,original,15,8,1.0,0.7723221071295747,0.8661664205338104,0.9428780964780827,-0.0014321982034492652,0.30445390939712524,0.23776231706142426,0.18324624001979828,0.8533139228820801,0.14265187084674835,0,0.9479467272758484,0.21918939054012299,0.7293195262551306,0.796480460491851,0.36187922747773904,0.6661000905876173,0.0701813588826029,0.0017284828404255915,0.04964549606994971,0.6164545945176676
id,train_mixed,original,15,8,2.0,0.7515746264856259,0.8308777830869685,0.9164092792085062,-0.0017210562821642812,0.30894187092781067,0.25728893280029297,0.2015792578458786,0.7984688878059387,0.14713367819786072,0,0.959050714969635,0.23243889212608337,0.7410671681165695,0.7173671225613023,0.2900265775857323,0.5891649590686312,0.053070518310510684,0.0017439211951283211,0.037672539175895976,0.5514924198927352
id,train_mixed,original,15,8,3.0,0.6720482741928618,0.7417776430780915,0.8649873608782265,-0.0005669536427395669,0.32087862491607666,0.2875823676586151,0.2287488728761673,0.6417863368988037,0.16427940130233765,0,0.9074875712394714,0.23884344100952148,0.7068943321704865,0.7951026931439015,0.28173544617211027,0.6410925190523641,0.11114109097739122,0.0016190644981717045,0.07828448303362535,0.5628080360187387
id,train_mixed,original,15,8,5.0,0.6889013793131777,0.7206379171326422,0.8425326639076743,-6.49560074690195e-05,0.2552248537540436,0.24290627241134644,0.19559265673160553,0.5226228833198547,0.13447149097919464,0,0.9180139303207397,0.2471131533384323,0.7167436972260475,0.7741814766187306,0.25646909397433165,0.6188677618254108,0.09416279170156383,0.0012357126896345855,0.06628466799798505,0.5525830938274258
id,train_mixed,original,15,8,8.0,0.5604759258582956,0.5745254643551174,0.8297249412178899,-0.001622588571672453,0.2631586790084839,0.25856977701187134,0.17521576583385468,0.4462229907512665,0.11960002034902573,0,0.9783360362052917,0.26806771755218506,0.7652555406093597,0.61453886759308,0.14862267055094627,0.47476400848043987,0.0232536568202244,0.001730338527828818,0.016796661332505725,0.45796734714793413
id,train_mixed,original,15,8,12.0,0.2708960566803163,0.20995815561995426,0.7840425687546299,-0.0012879149582464993,0.3899693191051483,0.4104524552822113,0.217484712600708,0.48102596402168274,0.14489465951919556,0,0.9863793253898621,0.2822078466415405,0.7751278817653655,0.5010427867658138,0.0879089104475365,0.3771026238703306,0.02132114510002925,0.0020566209285941173,0.015541787848598708,0.3615608360217319
id,train_mixed,original,15,8,16.0,0.6353983007891238,0.5802781320661077,0.8143926041086182,-0.0008362769696508553,0.31575459241867065,0.3427520990371704,0.22808432579040527,0.6269686222076416,0.13717500865459442,0,0.9774783253669739,0.25510913133621216,0.7607675671577454,0.5146092368862745,0.16186051912606847,0.4087846215582126,0.022525940896873542,0.0018937294453146038,0.016336277461405858,0.39244834409680673
id,train_mixed,original,15,8,24.0,0.15166675789439488,0.10317214508512093,0.2141414626748689,-0.0016456481165887636,0.48972776532173157,0.5003156661987305,0.4760875701904297,0.5228413939476013,0.3045099079608917,0,0.9619848132133484,0.2845216691493988,0.7587458699941634,0.4801846735416221,0.05436730324470882,0.3524394624525481,0.04271842393467595,0.002026700527484301,0.030510906912518457,0.32192855554002964
id,train_mixed,original,15,16,0.0,0.9198652022071517,0.8677325630525665,0.9888352922467205,-0.0019732925052227583,0.2004714012145996,0.2390815168619156,0.14939124882221222,0.881735622882843,0.14112251996994019,0,0.9451199769973755,0.21486543118953705,0.7260436132550239,0.67653313844807,0.30444732016436826,0.5649073929629593,0.07498047742737934,0.0030345745327371235,0.05339670655898668,0.5115106864039727
id,train_mixed,original,15,16,0.5,0.8901688698066892,0.8719865526914894,0.9899368121691827,-0.0018133980640806268,0.21651895344257355,0.229887455701828,0.14316482841968536,0.871013343334198,0.1357658952474594,0,0.9405819773674011,0.2135835587978363,0.7224824517965316,0.7265698783792524,0.321104330732371,0.6049302140851879,0.09634442029153378,0.0033571644059623837,0.06844824352586236,0.5364819705593256
id,train_mixed,original,15,16,1.0,0.8878017051302591,0.8746894088938661,0.9888601424611981,-0.0013588102069619083,0.2223869413137436,0.23170535266399384,0.15056854486465454,0.8533139228820801,0.14265187084674835,0,0.899547278881073,0.21918939054012299,0.6954399123787879,0.7544546724378582,0.33637656219401746,0.629031239364706,0.14210745584226936,0.0029310158095935037,0.1003545238324666,0.5286767155322394
id,train_mixed,original,15,16,2.0,0.870447344229513,0.8493628262000826,0.9844756504669854,-0.0024603774765921656,0.23151588439941406,0.2452489733695984,0.1572452336549759,0.7984688878059387,0.14713367819786072,0,0.9447855949401855,0.23243889212608337,0.7310815840959548,0.7372349955115449,0.30196001503307623,0.6066525013680043,0.08034779798683134,0.0031586548627648443,0.05719105504961139,0.5494614463183929
id,train_mixed,original,15,16,3.0,0.7770273180034494,0.7542385152255513,0.985276431092976,-0.0006102678025877901,0.27075040340423584,0.2816322147846222,0.17131000757217407,0.6417863368988037,0.16427940130233765,0,0.9620065093040466,0.23884344100952148,0.7450575888156891,0.6618030608778154,0.25409274163302115,0.5394899651043771,0.05546061853710149,0.003131310484299048,0.03976182612126076,0.4997281389831163
id,train_mixed,original,15,16,5.0,0.7375699366398679,0.7190466101198772,0.9925673359042143,0.0005193409391494656,0.23633408546447754,0.24352394044399261,0.1373564898967743,0.5226228833198547,0.13447149097919464,0,0.9592990279197693,0.2471131533384323,0.7456432655453681,0.6661568661779015,0.24009080433974483,0.5383370476264544,0.06342995061278234,0.0031724846874680414,0.04535271083518805,0.49298433679126635
id,train_mixed,original,15,16,8.0,0.6393530467549449,0.643364033147688,0.9831229300630154,-0.0034753852615662184,0.23739559948444366,0.23608551919460297,0.12511245906352997,0.4462229907512665,0.11960002034902573,0,0.9575873017311096,0.26806771755218506,0.7507314264774322,0.6168189562506687,0.168743787303167,0.4823964055664182,0.05999519910107565,0.003565664414876231,0.04306633869521582,0.4393300668712024
id,train_mixed,original,15,16,12.0,0.449882544035458,0.5318181757729951,0.9527507393364214,-0.004479507602608281,0.3298063576221466,0.3022652268409729,0.16077661514282227,0.48102596402168274,0.14489465951919556,0,0.9479182958602905,0.2822078466415405,0.7482051610946655,0.5631121280479054,0.11238056233950174,0.4278926583353843,0.07616879155351597,0.0036753156924279246,0.05442074879518955,0.37347190954019477
id,train_mixed,original,15,16,16.0,0.723902982014356,0.6941823532233977,0.9621480014918392,-0.00348091770079934,0.27240556478500366,0.2869625389575958,0.15571467578411102,0.6269686222076416,0.13717500865459442,0,0.987298309803009,0.25510913133621216,0.7676415562629699,0.5740101526851291,0.2069369958641985,0.4638882056388499,0.019060748455964283,0.003049998698637957,0.014257523528766384,0.44963068211008356
id,train_mixed,original,15,16,24.0,0.3817133768560122,0.09703181372508203,0.6972337796302998,-0.0010778066961334503,0.4395013451576233,0.5016562938690186,0.37061330676078796,0.5228413939476013,0.3045099079608917,0,0.9725900292396545,0.2845216691493988,0.7661695212125778,0.5245727507943723,0.06847170104121093,0.38774243586842383,0.04180622795449962,0.0042576070729593235,0.03054164169003753,0.3572007941783863
id,train_mixed,original,16,8,0.0,0.8456961514645684,0.8919162223556937,0.9661355614128463,0.0002789401204944967,0.25918447971343994,0.22598981857299805,0.17268644273281097,0.8665525913238525,0.14836543798446655,0,0.9335545897483826,0.2094155251979828,0.7163128703832625,0.7401512981562819,0.344986574902437,0.6216018811801284,0.0813471605072199,0.00202472355805419,0.05755042942247019,0.5640514517576581
id,train_mixed,original,16,8,0.5,0.7996946112122094,0.8949414733722867,0.9679890873543535,0.00027531789965467435,0.2899503707885742,0.22153200209140778,0.16905994713306427,0.8643923997879028,0.14606565237045288,0,0.9310382604598999,0.21326522529125214,0.7157063499093056,0.6914970335981164,0.32746519561532095,0.5822874822032778,0.07010155893260261,0.0014798752245423893,0.04951505382018455,0.5327724283830932
id,train_mixed,original,16,8,1.0,0.8248284477035381,0.9046053191835268,0.9685380434324463,-0.0002015428739239649,0.26980161666870117,0.21452239155769348,0.1702219396829605,0.8413441777229309,0.14842122793197632,0,0.9249036908149719,0.21184217929840088,0.7109852373600005,0.75182163955098,0.3573567404769327,0.6334821698287658,0.08538789288924165,0.0019482868052887357,0.06035601106405577,0.5731261587647101
id,train_mixed,original,16,8,2.0,0.7612483398590625,0.8361532403493978,0.9618081078458963,-0.0008589289934638006,0.31013843417167664,0.2660753130912781,0.1921583116054535,0.7579459547996521,0.1696917712688446,0,0.9500077366828918,0.2196342647075653,0.7308956950902938,0.7211565309628631,0.3062702341172186,0.5966906419091698,0.06955614461916637,0.0018146375482330699,0.04923369249788638,0.5474569494112834
id,train_mixed,original,16,8,3.0,0.6737632723906531,0.7005875935796145,0.9437442470082577,-0.0008932338036993067,0.3296273946762085,0.31677547097206116,0.20027557015419006,0.6524372100830078,0.1733226180076599,0,0.9398241639137268,0.22463224828243256,0.7252665892243385,0.6692038111437999,0.224351567729243,0.5357481381194328,0.08501652501847856,0.0018689980387981422,0.06007226692457443,0.4756758711948583
id,train_mixed,original,16,8,5.0,0.5939400442925462,0.7189482174134784,0.9222311197060292,-0.0012746222479659505,0.29330894351005554,0.24487726390361786,0.1661197543144226,0.5234180092811584,0.13598990440368652,0,0.9530593752861023,0.23219966888427734,0.7368014633655547,0.6620240227544552,0.22952183780429114,0.5322733672694059,0.051128203579216436,0.0014015631940850115,0.036210211463677006,0.4960631558057289
id,train_mixed,original,16,8,8.0,0.4904584806009228,0.6389764616480871,0.9196962243470315,-0.001064824569086945,0.29131069779396057,0.2445683479309082,0.1562187671661377,0.44567033648490906,0.1309451460838318,0,0.9914421439170837,0.26205942034721375,0.7726273268461227,0.5663881682366408,0.12259427302399332,0.43324999967284655,0.012734624617952162,0.0018601114237201731,0.009472270659682565,0.42377772901316396
id,train_mixed,original,16,8,12.0,0.264385607802294,0.3833374342988022,0.892390270022554,-0.0009563796851114421,0.3833285868167877,0.3460351824760437,0.18643853068351746,0.46621793508529663,0.15270106494426727,0,0.9438508152961731,0.2673526704311371,0.7409013718366623,0.47227106384482076,0.10330182261217405,0.36158029147502674,0.06161238063091379,0.0018770228735470692,0.043691773303703774,0.31788851817132296
id,train_mixed,original,16,8,16.0,0.6683154149754486,0.731329067671163,0.9582917914629249,-0.0007433381771474193,0.29532474279403687,0.2659783363342285,0.16027837991714478,0.6065692901611328,0.14085423946380615,0,0.9817987084388733,0.25178879499435425,0.7627957344055175,0.5042621873348649,0.17293054053397613,0.4048626932945983,0.02027743971949314,0.002006367131224009,0.0147961179430124,0.3900665753515859
id,train_mixed,original,16,8,24.0,0.20094222162311057,0.19757026684048423,0.5336429745910879,-0.0010937546557112509,0.4625248908996582,0.4632972180843353,0.38632166385650635,0.5085495710372925,0.2795052230358124,0,0.9539670348167419,0.2643636167049408,0.7470860093832016,0.4797821194835026,0.03949972605932324,0.3476974014562488,0.055219326877940844,0.0018183290459195583,0.03919902752833446,0.30849837392791435
id,train_mixed,original,16,16,0.0,0.9043748907083394,0.8956146272514289,0.9854403174788394,-0.0033268651205422177,0.21704216301441193,0.2233336716890335,0.15882201492786407,0.8665525913238525,0.14836543798446655,0,0.9668526649475098,0.2094155251979828,0.7396215230226516,0.6410808497775242,0.30782191281867516,0.5411031686898695,0.051790164802387406,0.0032070292009647536,0.037215224121960606,0.5038879445679089
id,train_mixed,original,16,16,0.5,0.8935816037524884,0.903591604148289,0.985972187913511,-0.005161671267606592,0.22250883281230927,0.21531838178634644,0.1561422049999237,0.8643923997879028,0.14606565237045288,0,0.9743548035621643,0.21326522529125214,0.7460279300808906,0.6310476828958269,0.30695343354460797,0.5338194080904611,0.048712535265197476,0.0035232659354923024,0.035155754466285924,0.4986636536241752
id,train_mixed,original,16,16,1.0,0.8940578012575656,0.9144794361754234,0.9882285370602335,-0.002292066333153209,0.22183100879192352,0.20768038928508759,0.1565779447555542,0.8413441777229309,0.14842122793197632,0,0.9140382409095764,0.21184217929840088,0.7033794224262236,0.696021460019746,0.32704685657832566,0.5853290789873199,0.11618623070422684,0.004024310586756867,0.08253765466898585,0.502791424318334
id,train_mixed,original,16,16,2.0,0.8067216741262713,0.8579825199793196,0.9880933159426473,-0.0023234753744388833,0.28338855504989624,0.2532341480255127,0.17669592797756195,0.7579459547996521,0.1696917712688446,0,0.9614633321762085,0.2196342647075653,0.7389146119356155,0.6352787140810283,0.2925142229722073,0.532449366748382,0.06072621135856804,0.0038030451547409953,0.04364926149741992,0.488800105250962
id,train_mixed,original,16,16,3.0,0.7582249976331792,0.7024773180194742,0.9858100231034053,-0.004138110865243738,0.2891605496406555,0.315870076417923,0.18012124300003052,0.6524372100830078,0.1733226180076599,0,0.9429818391799927,0.22463224828243256,0.7274769619107246,0.615699779150179,0.22815592655485015,0.49943662337158035,0.08380473526049925,0.003486864796117632,0.05970937412118476,0.4397272492503956
id,train_mixed,original,16,16,5.0,0.6933031177860188,0.723371895079435,0.979813237455894,-0.001568008443122386,0.25481289625167847,0.24316340684890747,0.14381082355976105,0.5234180092811584,0.13598990440368652,0,0.964562177658081,0.23219966888427734,0.7448534250259399,0.6069595348420057,0.20487385834958352,0.48633383189427903,0.06255008737096812,0.0032262143932107255,0.0447529254776409,0.44158090641663816
id,train_mixed,original,16,16,8.0,0.6262276376187511,0.6388655286127215,0.9802551033694193,-0.0029615285369670253,0.2485807240009308,0.2446032613515854,0.13715936243534088,0.44567033648490906,0.1309451460838318,0,0.9712057113647461,0.26205942034721375,0.7584618240594864,0.5456407975077172,0.12154330526534572,0.4184115498350057,0.05333190327604709,0.002863890199785156,0.038191499353168505,0.3802200504818372
id,train_mixed,original,16,16,12.0,0.5614501039246595,0.437320557015833,0.944254214674777,-0.0028684736485362168,0.2901938557624817,0.3291105628013611,0.17017830908298492,0.46621793508529663,0.15270106494426727,0,0.9803594946861267,0.2673526704311371,0.7664574474096298,0.5200455224887224,0.12816982746025934,0.4024828139801835,0.032304874424932906,0.003250363680257102,0.023588521201530162,0.37889429277865333
id,train_mixed,original,16,16,16.0,0.7401892287124098,0.7472282880107795,0.9910717188236315,-0.005442059681557406,0.2618520259857178,0.25857383012771606,0.1450122743844986,0.6065692901611328,0.14085423946380615,0,0.9928207397460938,0.25178879499435425,0.7705111563205719,0.5382409859803685,0.1936277815974993,0.4348570246655077,0.012817262281691777,0.0034277447890423427,0.010000407033896947,0.42485661763161076
id,train_mixed,original,16,16,24.0,0.36816944947812447,0.19753994982468828,0.8430892752840984,-0.003762692973335469,0.4242224395275116,0.46330416202545166,0.3154447376728058,0.5085495710372925,0.2795052230358124,0,0.9363006949424744,0.2643636167049408,0.7347195714712143,0.5231418981348565,0.059118021791251175,0.38393473523177485,0.07676677523056596,0.003316477355783137,0.05473168586813111,0.32920304936364375
id,train_mixed,original,17,8,0.0,0.8996919219732878,0.8746815378898489,0.9665421994967822,-6.978104071006463e-05,0.22096668183803558,0.2393602579832077,0.17180247604846954,0.8826339244842529,0.14719635248184204,0,0.9650042653083801,0.22792665660381317,0.7438809826970101,0.77420078167129,0.36124130975029967,0.650312940094993,0.05065548059954483,0.0018012411983819765,0.035999208779195976,0.614313731315797
id,train_mixed,original,17,8,0.5,0.904346956582502,0.8755871061082023,0.9680649652407516,-0.00026935566911337494,0.2223840355873108,0.24348756670951843,0.17562875151634216,0.8859797716140747,0.15219531953334808,0,0.9685099720954895,0.2284035086631775,0.7464780330657959,0.7671313344843612,0.3392605619001517,0.6387701027090983,0.051210697924080284,0.0015332494049851548,0.03630746336835174,0.6024626393407465
id,train_mixed,original,17,8,1.0,0.8876699177098251,0.8687886552030902,0.9644799214519436,-0.0008791788577544201,0.23426955938339233,0.24801495671272278,0.17835253477096558,0.8804856538772583,0.15249422192573547,0,0.9526716470718384,0.23453694581985474,0.7372312366962432,0.749312298019791,0.33827542847814684,0.6260012371572977,0.04829501871645281,0.002164298334323915,0.03445580260181414,0.5915454345554836
id,train_mixed,original,17,8,2.0,0.8567558558879419,0.8302077804304352,0.9475897119658335,-2.2307597450691593e-05,0.24896399676799774,0.2654918432235718,0.19241420924663544,0.7823483943939209,0.15978550910949707,0,0.9635432362556458,0.2321629673242569,0.744129155576229,0.7239955918995313,0.2972054791989286,0.5959585580893505,0.044029333027102546,0.0017734490732261867,0.031352567840939635,0.5646059902484108
id,train_mixed,original,17,8,3.0,0.7702894780921066,0.7511816999794803,0.8961087689453235,0.00022469745594303844,0.27566906809806824,0.284853458404541,0.21519246697425842,0.6459182500839233,0.1652558594942093,0,0.9428961873054504,0.22915233671665192,0.7287730321288108,0.6912676087418654,0.24688469005777036,0.557952733136637,0.05890743749814353,0.0015829623486424758,0.04171009495329322,0.5162426381833437
id,train_mixed,original,17,8,5.0,0.6416369623631114,0.7203669200911668,0.8518581690314548,-6.02858333147206e-05,0.2769199311733246,0.24671787023544312,0.1962757408618927,0.5230620503425598,0.1394461840391159,0,0.9098415374755859,0.23509736359119415,0.7074182853102684,0.7261779084201047,0.195237549596756,0.5668958007731,0.10609850232654339,0.0026567001951319467,0.07506596168711996,0.49182983908598
id,train_mixed,original,17,8,8.0,0.4668126601215034,0.5316948892548395,0.8363608964160707,-0.00027635561317437195,0.2993239462375641,0.27855005860328674,0.18100258708000183,0.44878727197647095,0.12860888242721558,0,0.9853745698928833,0.27163395285606384,0.7712523847818373,0.5788417186233683,0.12117956687751749,0.44154307309961305,0.020687790324451893,0.001420992883333377,0.014907751092116337,0.4266353220074967
id,train_mixed,original,17,8,12.0,0.2685580299706294,0.19894726204292795,0.8072851913803284,-0.0007760260343048463,0.399530291557312,0.4224192202091217,0.22238977253437042,0.48783567547798157,0.15902262926101685,0,0.9572802186012268,0.28401920199394226,0.7553019136190413,0.48976473779773366,0.11240110786821339,0.37655564881887754,0.050453802277633075,0.0016330995147508804,0.03580759144876842,0.3407480573701091
id,train_mixed,original,17,8,16.0,0.6437317650264497,0.49095212729096277,0.9522469029289972,-0.0004764837931514326,0.32645198702812195,0.39599916338920593,0.18601208925247192,0.6194866299629211,0.16427429020404816,0,0.9821378588676453,0.27120620012283325,0.7688583612442016,0.5245491748393165,0.20171426824838212,0.42769870286203615,0.019476229876673634,0.0014362960550514743,0.014064249730186986,0.41363445313184916
id,train_mixed,original,17,8,24.0,0.16430977093663351,0.07541129107463104,0.5086969350905121,-0.003773907335891655,0.48680612444877625,0.5037670731544495,0.4211004674434662,0.5181547999382019,0.3273647129535675,0,0.9878914952278137,0.25991883873939514,0.7694996982812881,0.4243801442825099,0.05143093221295412,0.3124953806616432,0.018727532069917507,0.00120317982084247,0.013470226395194997,0.29902515426644816
id,train_mixed,original,17,16,0.0,0.9176559405669771,0.9583962760751933,0.9921998007066445,-0.0035752855167059134,0.20775526762008667,0.17779329419136047,0.15293291211128235,0.8826339244842529,0.14719635248184204,0,0.963704526424408,0.22792665660381317,0.7429711654782295,0.6874474154458001,0.33909368622759584,0.5829412966803388,0.06891206959168517,0.0033628098949027986,0.049247291682650456,0.5336940049976884
id,train_mixed,original,17,16,0.5,0.9131370612382672,0.9606753516676465,0.9936760308850066,-0.003157943410169082,0.21593399345874786,0.1810511350631714,0.15683574974536896,0.8859797716140747,0.15219531953334808,0,0.9615462422370911,0.2284035086631775,0.7416034221649169,0.6701275586253592,0.31853161312110073,0.5646487749740816,0.06447345534689242,0.0028922233912378474,0.04599908576019605,0.5186496892138855
id,train_mixed,original,17,16,1.0,0.9156703478835743,0.9581517249995999,0.9907032853639932,-0.0011442097725012127,0.21388548612594604,0.1829594075679779,0.15926215052604675,0.8804856538772583,0.15249422192573547,0,0.97402423620224,0.23453694581985474,0.7521780490875244,0.6548794693107058,0.3022006862467338,0.5490758343915142,0.04899493077791417,0.0028226755648722694,0.0351432542140016,0.5139325801775126
id,train_mixed,original,17,16,2.0,0.8598685077232158,0.9331422156250455,0.9923180963826077,-0.001836499288837623,0.24702617526054382,0.20140868425369263,0.1645679771900177,0.7823483943939209,0.15978550910949707,0,0.9445034265518188,0.2321629673242569,0.7308012887835502,0.6956618657946232,0.2904550748057038,0.5740998284979474,0.0763835978844436,0.0032034154015903437,0.05442954313958762,0.5196702853583598
id,train_mixed,original,17,16,3.0,0.814553140839826,0.8552145759950016,0.9850314850799866,0.0002459023483085239,0.25439319014549255,0.2348487675189972,0.17245066165924072,0.6459182500839233,0.1652558594942093,0,0.9621439576148987,0.22915233671665192,0.7422464713454245,0.6444067147734033,0.2424359624079008,0.5238154890637525,0.06192235069531893,0.0034612774273421517,0.044384028714925895,0.4794314603488266
id,train_mixed,original,17,16,5.0,0.7050288367883422,0.7320570501310498,0.9527778970071696,-0.0015551569733171094,0.2526018023490906,0.24223335087299347,0.15756133198738098,0.5230620503425598,0.1394461840391159,0,0.9511067867279053,0.23509736359119415,0.7363039597868919,0.6518390740174277,0.21652187282055857,0.521243913658367,0.07690367342065274,0.003916028635879891,0.05500737998522088,0.4662365336731461
id,train_mixed,original,17,16,8.0,0.551474653657258,0.6047104809611553,0.9611407148051028,-0.0013904345401141017,0.2722170054912567,0.2551720440387726,0.141050785779953,0.44878727197647095,0.12860888242721558,0,0.9784097075462341,0.27163395285606384,0.766376981139183,0.5439844325972575,0.13156676833382824,0.4202591333182287,0.03878148308245,0.003529874867344363,0.028206000617918305,0.3920531327003104
id,train_mixed,original,17,16,12.0,0.5397513036865769,0.44908051972535457,0.9421096089189519,-0.0007028827255353986,0.3103584051132202,0.34017214179039,0.1780577450990677,0.48783567547798157,0.15902262926101685,0,0.9639459848403931,0.28401920199394226,0.7599679499864578,0.5521955292843888,0.12813067083971877,0.4249760717509877,0.04968346332064344,0.003840384985387923,0.03593053982006678,0.38904553193092095
id,train_mixed,original,17,16,16.0,0.744774611806958,0.4900137593042577,0.9771313966909909,-0.0020383136048332923,0.2804560363292694,0.39642632007598877,0.17468436062335968,0.6194866299629211,0.16427429020404816,0,0.9683202505111694,0.27120620012283325,0.7591860353946686,0.5342444531396187,0.19928928389533643,0.43375790236633394,0.04463267683010441,0.0034960971340360445,0.0322917029212839,0.40146619944505
id,train_mixed,original,17,16,24.0,0.30418177362085635,0.11104550510609974,0.7993598103549082,-0.003692680853496636,0.46011993288993835,0.49696841835975647,0.3656448721885681,0.5181547999382019,0.3273647129535675,0,0.9814322590827942,0.25991883873939514,0.7649782329797744,0.5157887369015544,0.07354971738740493,0.38311703104730954,0.03053732273069043,0.002656558323786657,0.0221730934086193,0.36094393763869026
id,train_mixed,original,18,8,0.0,0.8833248631947821,0.8455888942000973,0.9461971683679494,-0.0008887885345703027,0.24311836063861847,0.27045223116874695,0.197577103972435,0.8829505443572998,0.15860527753829956,0,0.918076753616333,0.2008628100156784,0.7029125705361365,0.8268081247870873,0.3836894247456578,0.6938725147746585,0.10497792070107159,0.002932591878700527,0.07436432205436026,0.6195081927202982
id,train_mixed,original,18,8,0.5,0.8789158306437177,0.846814414253926,0.9492350826068907,-0.001167411972471063,0.24611547589302063,0.2695089876651764,0.194871187210083,0.8866145610809326,0.1578768789768219,0,0.9520673155784607,0.20053832232952118,0.7266086176037788,0.7930486326852091,0.37225168481713883,0.6668095483247879,0.060317981872969995,0.002155837968695235,0.04286933870168756,0.6239402096231004
id,train_mixed,original,18,8,1.0,0.868154836292477,0.8636490520346931,0.9442067411292817,-0.0006271752851183491,0.25006330013275146,0.25317642092704773,0.1975177824497223,0.8498858213424683,0.15896929800510406,0,0.9522711634635925,0.20752070844173431,0.728846026957035,0.779758358038259,0.3335834521232015,0.6459058862637417,0.08077222250538552,0.0018866649713080506,0.057106555245162276,0.5887993310185794
id,train_mixed,original,18,8,2.0,0.8494437145083299,0.848788864257203,0.9253262226960502,-0.0017895892594319087,0.27483442425727844,0.27523085474967957,0.22889699041843414,0.7890670895576477,0.18369129300117493,0,0.9399083256721497,0.20718428492546082,0.720091113448143,0.7536253362656788,0.29119284036271526,0.6148955874947897,0.09471044178946131,0.0016671930890007705,0.06679746717932314,0.5480981203154666
id,train_mixed,original,18,8,3.0,0.7005135862310935,0.7823928114309983,0.8816108465460389,0.0004384757030721472,0.3274652063846588,0.28814172744750977,0.2404910773038864,0.6638952493667603,0.18363326787948608,0,0.9159916043281555,0.20578192174434662,0.7029286995530127,0.804743753913519,0.29503130210137185,0.6518300183698749,0.1004632614608223,0.0022463957677387163,0.07099820175289721,0.5808318166169777
id,train_mixed,original,18,8,5.0,0.616074898919509,0.7092956484303902,0.8364225745910411,6.981164316759609e-05,0.3103059232234955,0.27377358078956604,0.2239537239074707,0.5517399311065674,0.15984925627708435,0,0.9567316174507141,0.21428652107715607,0.7339980885386467,0.6708183842701001,0.2141514021361023,0.5338182896299007,0.0489572665773752,0.0019438471071171269,0.03485324073629778,0.49896504889360294
id,train_mixed,original,18,8,8.0,0.47563357943630874,0.49211501888263626,0.8053868824177153,-0.0017281202798675097,0.29420843720436096,0.2886699140071869,0.1833961308002472,0.4540432393550873,0.11799715459346771,0,0.9130730628967285,0.23968148231506348,0.711055588722229,0.6516958339670904,0.13696149721655568,0.49727553294192994,0.10251369595195892,0.0020930843781588057,0.07238751247981888,0.42488802046211105
id,train_mixed,original,18,8,12.0,0.13967647109802162,0.1258187707088213,0.8738204135662067,-0.001981739159491004,0.42866501212120056,0.43328750133514404,0.18377788364887238,0.47525665163993835,0.14168837666511536,0,0.9696648716926575,0.2501445710659027,0.7538087815046309,0.5388077118106243,0.09897228628493951,0.40685708415291877,0.03642328563759423,0.0016782398513709182,0.025999771901727232,0.3808573122511915
id,train_mixed,original,18,8,16.0,0.6714245174393566,0.5882087996438325,0.9194129124993567,-0.0015757302929853237,0.3025626540184021,0.3438425660133362,0.17954576015472412,0.635628879070282,0.13956980407238007,0,0.9892920255661011,0.2374778389930725,0.7637477695941924,0.541881328419294,0.20808862684274168,0.44174351794632827,0.011803510546180895,0.0023786168138225745,0.008976042426473398,0.4327674755198549
id,train_mixed,original,18,8,24.0,0.1751178447122742,0.1065110852611799,0.33316326296492593,-0.0030690101388324855,0.4719145596027374,0.48617303371429443,0.43906813859939575,0.5083091259002686,0.3004801273345947,0,0.9798995852470398,0.24420182406902313,0.7591902568936347,0.4867850810439852,0.06342338310597838,0.35977657166258314,0.025159912522387806,0.001836648949818419,0.01816293345061699,0.34161363821196616
id,train_mixed,original,18,16,0.0,0.9396074732624908,0.9338549106409983,0.9840535652878581,-0.0026836460029572525,0.20235031843185425,0.20651715993881226,0.17015600204467773,0.8829505443572998,0.15860527753829956,0,0.955912172794342,0.2008628100156784,0.729397363960743,0.70790948128883,0.3328933485645629,0.5954046414715498,0.07616861957086507,0.0032586053332361712,0.0542956152995764,0.5411090261719734
id,train_mixed,original,18,16,0.5,0.9289729232480815,0.9257165529783421,0.9850007027946034,-0.0020209894505561197,0.20963698625564575,0.21201002597808838,0.16880743205547333,0.8866145610809326,0.1578768789768219,0,0.9656975269317627,0.20053832232952118,0.7361497655510902,0.6934726986317905,0.3317241650904351,0.5849481385693839,0.06577949159754459,0.0035358267805283314,0.04710639215243972,0.5378417464169442
id,train_mixed,original,18,16,1.0,0.918382539957676,0.9200836342987497,0.9854297777951179,-0.0009648319654420379,0.2153601497411728,0.21418483555316925,0.1690361052751541,0.8498858213424683,0.15896929800510406,0,0.9671772122383118,0.20752070844173431,0.7392802610993385,0.7032851257811054,0.316803492783722,0.5873406358818903,0.06486772557399534,0.0035661678496541555,0.04647725825669298,0.5408633776251973
id,train_mixed,original,18,16,2.0,0.8720149779641562,0.867142590811489,0.9872013008785834,-0.0008406422258489017,0.26117032766342163,0.264119952917099,0.19143931567668915,0.7890670895576477,0.18369129300117493,0,0.9268912076950073,0.20718428492546082,0.7109791308641433,0.7535469910022671,0.3086927417768326,0.6200907162346367,0.1066159121316641,0.004420627109557092,0.07595732662503199,0.5441333896096048
id,train_mixed,original,18,16,3.0,0.8064850221391135,0.7838887545068489,0.981578404556573,0.0017037629356848108,0.2765711545944214,0.2874232828617096,0.19248045980930328,0.6638952493667603,0.18363326787948608,0,0.9553314447402954,0.20578192174434662,0.7304665878415106,0.6824674643095854,0.25594944376681894,0.5545120581467554,0.08196047930397188,0.004012922923759207,0.05857621238990807,0.49593584575684735
id,train_mixed,original,18,16,5.0,0.7307501808600657,0.7102148350654302,0.9822487547024948,0.0005600140961723067,0.26536574959754944,0.27341336011886597,0.16680580377578735,0.5517399311065674,0.15984925627708435,0,0.9591080546379089,0.21428652107715607,0.735661594569683,0.6652614815018469,0.2290908289198957,0.5344102857272616,0.05622697322934611,0.003519316629312327,0.04041467624933597,0.4939956094779256
id,train_mixed,original,18,16,8.0,0.6457278487257109,0.5046837549199791,0.9585072432104921,-0.001382159220041832,0.2370489239692688,0.28444623947143555,0.13194063305854797,0.4540432393550873,0.11799715459346771,0,0.9732174873352051,0.23968148231506348,0.7531566858291626,0.6232158509495109,0.1738775274945902,0.48841435391303467,0.046330747533398386,0.004046805428170429,0.03364556490183,0.45476878901120465
id,train_mixed,original,18,16,12.0,0.4059340852166601,0.12541850960992948,0.9380916694407977,-0.003511219014832354,0.33984991908073425,0.4334210157394409,0.16233903169631958,0.47525665163993835,0.14168837666511536,0,0.9658263325691223,0.2501445710659027,0.7511218041181563,0.5499245843710707,0.12010389310534658,0.4209783769913535,0.054094560341298115,0.0024941000968878736,0.03861442226797504,0.3823639547233785
id,train_mixed,original,18,16,16.0,0.7642410274977492,0.7393191599113018,0.9706920954338156,-0.002879426623539751,0.25652018189430237,0.2688829004764557,0.15410825610160828,0.635628879070282,0.13956980407238007,0,0.9606090188026428,0.2374778389930725,0.7436696648597717,0.5911195027409138,0.22634142604264507,0.4816860797314332,0.047568420680332624,0.0032581095416452568,0.03427532733872641,0.4474107523927068
id,train_mixed,original,18,16,24.0,0.2882510628681034,0.1269895078341352,0.7087453166119458,-0.0035637342290563935,0.44840219616889954,0.48191702365875244,0.3610112965106964,0.5083091259002686,0.3004801273345947,0,0.9611207246780396,0.24420182406902313,0.7460450544953346,0.5552654196022899,0.09256327583966735,0.41645477647350315,0.05506918602373767,0.0028092654168560926,0.03939120984167319,0.37706356663182994
id,train_mixed,original,19,8,0.0,0.7954425140787512,0.800657213180533,0.9226420342720297,0.00010270677258796916,0.31175893545150757,0.30809107422828674,0.22229065001010895,0.8712490797042847,0.1678794026374817,0,0.9763426184654236,0.22607886791229248,0.7512634932994842,0.6844259955716672,0.3155275925821546,0.5737564746748134,0.034608639360790505,0.0022747642649635813,0.024908476832042427,0.5488479978427709
id,train_mixed,original,19,8,0.5,0.7844547188200397,0.797286635364197,0.9246825072334184,0.0006470270921977956,0.3183286190032959,0.30942514538764954,0.2210310399532318,0.8626254796981812,0.16877171397209167,0,0.9645258188247681,0.2227727472782135,0.7419998973608016,0.7037853086573647,0.3260746755838315,0.5904721187353047,0.05002843185449901,0.0015796650371476494,0.035493801809293596,0.5549783169260111
id,train_mixed,original,19,8,1.0,0.8242342603884797,0.7879889438619687,0.9248852137109072,0.0007747542068884176,0.29343560338020325,0.31790733337402344,0.2254791557788849,0.849933385848999,0.17476394772529602,0,0.939717173576355,0.21833482384681702,0.7233024686574936,0.7531460206177243,0.3406641203996107,0.6294014505522902,0.07780168083213279,0.0030572300754374486,0.05537834560512418,0.574023104947166
id,train_mixed,original,19,8,2.0,0.7755666488041795,0.7385073120179945,0.921760129156667,-0.0003433445106771182,0.3055592179298401,0.32737523317337036,0.21949833631515503,0.7621182203292847,0.17344024777412415,0,0.941093921661377,0.2160709649324417,0.7235870346426964,0.7087232745289376,0.30263077251128884,0.5868955239236429,0.06429422076091817,0.002515728254743657,0.04576067300906582,0.541134850914577
id,train_mixed,original,19,8,3.0,0.7241054939987068,0.6082610434559689,0.9130363302374955,-0.00021754346049298532,0.30154478549957275,0.3555348217487335,0.21349237859249115,0.639018714427948,0.17296241223812103,0,0.9049253463745117,0.2185835987329483,0.6990228220820427,0.6777491704447707,0.21420667112193928,0.5386864206479212,0.10257217005325225,0.0012163119515005017,0.07216541262272673,0.4665210080251944
id,train_mixed,original,19,8,5.0,0.6621291036736504,0.64566573741778,0.904812583064431,-0.00041868774847636216,0.2674521505832672,0.27361148595809937,0.1766585111618042,0.5151703357696533,0.1410466432571411,0,0.9447429180145264,0.23671668767929077,0.7323350489139556,0.6747226484186621,0.2133100654310929,0.5362988735223914,0.07969326068142257,0.0019529099081776742,0.056371155449449095,0.47992771807294227
id,train_mixed,original,19,8,8.0,0.43620471004538613,0.48232280185061044,0.8831524995329516,0.00013002626460212975,0.3150821924209595,0.2994486093521118,0.16357125341892242,0.46295133233070374,0.12396109104156494,0,0.9885990619659424,0.280613511800766,0.7762033969163895,0.5603211935897038,0.1295938145332024,0.43110297987275337,0.019137997329976786,0.002052828398771984,0.014012446650615344,0.417090533222138
id,train_mixed,original,19,8,12.0,0.2913426362577603,0.15134449465629446,0.8174623972895723,-0.00035022107452279343,0.3680936098098755,0.409313440322876,0.21318750083446503,0.45387399196624756,0.1594427227973938,0,0.9767322540283203,0.2924054265022278,0.7714342057704925,0.5147770919535166,0.06861625209232854,0.3809288399951602,0.026659371927710285,0.0017098612937988876,0.019174518737536866,0.3617543212576233
id,train_mixed,original,19,8,16.0,0.6152906738695091,0.6218627190509641,0.8895205269061622,0.0004987611523324698,0.31233638525009155,0.30923014879226685,0.18272334337234497,0.6031497120857239,0.13050590455532074,0,0.9404985904693604,0.2747066915035248,0.7407610207796097,0.5174281471890165,0.13099644112603107,0.40149863537012087,0.05856845969329294,0.0020662552136003903,0.04161779834938517,0.3598808370207357
id,train_mixed,original,19,8,24.0,0.18972573807592402,0.1319771404635568,0.593016230123469,-0.0021974181603382835,0.44892746210098267,0.4601359963417053,0.37065204977989197,0.4857516884803772,0.29165980219841003,0,0.9807494282722473,0.2912513315677643,0.7738999992609024,0.43779158070699287,0.0387683560356195,0.3180846133055808,0.022458982318137588,0.002246797203167152,0.01639532678364646,0.30168928652193433
id,train_mixed,original,19,16,0.0,0.9267953241301172,0.863388721830316,0.9892601510857301,-0.0020712532471907114,0.21936935186386108,0.2639676332473755,0.17543348670005798,0.8712490797042847,0.1678794026374817,0,0.9236534833908081,0.22607886791229248,0.7143810987472533,0.6869622953833789,0.31754958500565417,0.5761384822700615,0.09859137362505632,0.002363537589962229,0.06972302281452808,0.5064154594555335
id,train_mixed,original,19,16,0.5,0.8997577256362022,0.8684286472018204,0.9885630960297904,-0.0010752573171853171,0.23832519352436066,0.2600629925727844,0.17670725286006927,0.8626254796981812,0.16877171397209167,0,0.9679637551307678,0.2227727472782135,0.7444064527750014,0.6424644502037156,0.3198881941104247,0.5456915733757283,0.061134498171716345,0.0030574742635450483,0.04371139099926495,0.5019801823764634
id,train_mixed,original,19,16,1.0,0.8859436183572783,0.8826261942931884,0.9849298786087459,-0.0017002041101258018,0.25177133083343506,0.2540111541748047,0.18493883311748505,0.849933385848999,0.17476394772529602,0,0.959412693977356,0.21833482384681702,0.7370893329381942,0.6632715992357016,0.30475641025157507,0.5557170425404636,0.06471577890195812,0.003831096855725724,0.0464503742880884,0.5092666682523752
id,train_mixed,original,19,16,2.0,0.8485767175262388,0.8837565696531953,0.9822691568846978,-0.003299894116035966,0.2625797986984253,0.2418701946735382,0.18387800455093384,0.7621182203292847,0.17344024777412415,0,0.9654741287231445,0.2160709649324417,0.7406531795859337,0.6380384336880984,0.28575646416144956,0.5323538428301037,0.053027665966670745,0.0032429387233944233,0.03809224779368785,0.4942615950364158
id,train_mixed,original,19,16,3.0,0.7891589819055573,0.7190402867532307,0.9781303277805077,-0.0016244779748276893,0.2712261974811554,0.3039054572582245,0.1831549108028412,0.639018714427948,0.17296241223812103,0,0.9692835807800293,0.2185835987329483,0.744073586165905,0.6184041203436713,0.23366445237822636,0.5029822199540378,0.052851469740861745,0.0036359108254450895,0.03808680206623675,0.46489541788780103
id,train_mixed,original,19,16,5.0,0.7077660682575739,0.671664127668537,0.9852278741527866,-0.0021665657121499424,0.250378280878067,0.26388487219810486,0.1465732455253601,0.5151703357696533,0.1410466432571411,0,0.9756100177764893,0.23671668767929077,0.7539420187473297,0.5929193441778559,0.20319268586266095,0.47600134668329735,0.04629807082973447,0.0037130068359197115,0.03352255163159004,0.4424787950517073
id,train_mixed,original,19,16,8.0,0.5779544380583975,0.5040898491159049,0.9770851346747695,-0.004622218314889502,0.26703041791915894,0.29206979274749756,0.13172900676727295,0.46295133233070374,0.12396109104156494,0,0.9839919209480286,0.280613511800766,0.7729783982038498,0.5700063105817175,0.14374349077654866,0.44212746464016683,0.03588813295565951,0.004401359643802374,0.02644210096210237,0.41568536367806447
id,train_mixed,original,19,16,12.0,0.43919058848679593,0.20769233260799108,0.9872196637189389,-0.002595279870163128,0.32456254959106445,0.39272287487983704,0.16320565342903137,0.45387399196624756,0.1594427227973938,0,0.9539393782615662,0.2924054265022278,0.7554791927337645,0.5428781541955825,0.10799027323117624,0.4124117899062606,0.0664233946423749,0.0035967160352402532,0.047575391060234506,0.3648363988460261
id,train_mixed,original,19,16,16.0,0.7244761738928551,0.6446078039600059,0.9609965626150646,-0.0025031378287350674,0.2607305347919464,0.298479825258255,0.14894063770771027,0.6031497120857239,0.13050590455532074,0,0.9724619388580322,0.2747066915035248,0.76313536465168,0.5567540584324956,0.19127215290029873,0.44710948677283646,0.04054000568752225,0.003799113677524099,0.029517738084522804,0.41759174868831367
id,train_mixed,original,19,16,24.0,0.2693437979020192,0.14116496175208745,0.8220217199069564,-0.0043008652554730855,0.43347424268722534,0.4583527147769928,0.32620394229888916,0.4857516884803772,0.29165980219841003,0,0.972052812576294,0.2912513315677643,0.767812368273735,0.5058060469278853,0.053830264265418225,0.37021331212914516,0.047942740919935556,0.0038965395490739977,0.03472888050867708,0.3354844316204681
id,train_mixed,pre_softmax,0,8,0.0,0.7983301501830287,0.9255997119920149,0.9933552978851324,-0.0007361816932272147,0.26667851209640503,0.17104405164718628,0.12013031542301178,0.8665695786476135,0.11513727158308029,0,0.87868332862854,0.1241350919008255,0.6523188576102257,0.5637809685771109,0.3356603742374662,0.4953447902752175,0.12667232822885888,0.002280341671741591,0.08935473226172369,0.4059900580134938
id,train_mixed,pre_softmax,0,8,0.5,0.796288608641266,0.935478960629955,0.9900699842612052,-0.0012648210432042325,0.27275028824806213,0.16696780920028687,0.12547948956489563,0.8779171109199524,0.11793283373117447,0,0.8815852999687195,0.1240396499633789,0.6543216049671172,0.6018756703549508,0.34586595992055774,0.5250727572246329,0.1256892180689767,0.0020391882926126116,0.08859420913606747,0.4364785480885654
id,train_mixed,pre_softmax,0,8,1.0,0.7890941879412161,0.9310136617721407,0.9875373326614517,-0.0011025451958801182,0.27680307626724243,0.16972842812538147,0.12708275020122528,0.8721546530723572,0.11767998337745667,0,0.8889380097389221,0.1244068294763565,0.6595786556601524,0.5611863809786444,0.3194712766702897,0.48867184968613797,0.11675953487087798,0.0016398956645667575,0.08222364310898461,0.40644820657715336
id,train_mixed,pre_softmax,0,8,2.0,0.8124019864404131,0.8575129984556644,0.9877776308884638,-0.00048730882090052317,0.26028525829315186,0.23112419247627258,0.14691735804080963,0.7854454517364502,0.13901646435260773,0,0.9075482487678528,0.12373986840248108,0.6724057346582413,0.5638380668171974,0.31913006445300945,0.49042566610794097,0.09666009444719237,0.0011429233613517156,0.06800494312144018,0.4224207229865008
id,train_mixed,pre_softmax,0,8,3.0,0.8827263214034271,0.7062638765841678,0.9749716539499022,-0.0010945242005425857,0.20858700573444366,0.2993404269218445,0.1611458659172058,0.6625670790672302,0.14827395975589752,0,0.952342689037323,0.1231517344713211,0.7035854026675223,0.44015553957065245,0.21961585554003324,0.3739936343614667,0.046885735547732676,0.0018394009258929393,0.03337183516118075,0.34062179920028596
id,train_mixed,pre_softmax,0,8,5.0,0.773369520713767,0.7456551482386059,0.9713249797063472,-0.0015481327465975496,0.22476312518119812,0.23589865863323212,0.14522534608840942,0.535500168800354,0.1337038278579712,0,0.8773022294044495,0.1280995011329651,0.6525414109230041,0.4962245208192414,0.22231529397618965,0.41405175276632583,0.133789600924615,0.0017635162639238098,0.09418177552640765,0.31986997723991817
id,train_mixed,pre_softmax,0,8,8.0,0.8177482284135225,0.8051776288886502,0.9717794146054056,6.823103211883633e-06,0.17721377313137054,0.1812768578529358,0.1274276226758957,0.4415273666381836,0.11830613017082214,0,0.9469216465950012,0.12574496865272522,0.7005686432123184,0.3986911530506825,0.16806834042045662,0.32950430926161467,0.06137384069416707,0.0017332753228998688,0.0434816710827869,0.2860226381788278
id,train_mixed,pre_softmax,0,8,12.0,0.6267399125762837,0.8404084663774213,0.9799923607707287,-0.0003200073432855488,0.2654162347316742,0.1997894048690796,0.15691716969013214,0.4579150974750519,0.15077196061611176,0,0.9758293032646179,0.12712013721466064,0.7212165534496306,0.40229705596377274,0.14692087460536724,0.32568420155625105,0.028653797402215964,0.002225952304277682,0.020725443872834478,0.30495875768341657
id,train_mixed,pre_softmax,0,8,16.0,0.6993209604775039,0.8338834712867085,0.9570428250570938,-0.00040007698528895353,0.29777228832244873,0.23530422151088715,0.17812985181808472,0.6224186420440674,0.15818780660629272,0,0.9321937561035156,0.12989991903305054,0.691505604982376,0.4455892167695623,0.19520445560637414,0.37047378842060585,0.07000582192362226,0.001643640092927826,0.049497167374413925,0.32097662104619196
id,train_mixed,pre_softmax,0,8,24.0,0.15155334632949424,0.418299479075915,0.5355055088131353,-1.6794521962826166e-06,0.5013980269432068,0.46353018283843994,0.4468913674354553,0.522912859916687,0.3809507489204407,0,0.9736573100090027,0.15953664481639862,0.7294211104512214,0.2636179281997424,0.02654846905349761,0.19249709045586896,0.027008955329364093,0.0021946990342312065,0.019564678440824226,0.17293241201504472
id,train_mixed,pre_softmax,0,16,0.0,0.9421510095177026,0.9399944992608587,1.0,-0.00264528857746303,0.1586068719625473,0.16022734344005585,0.11513727158308029,0.8665695786476135,0.11513727158308029,0,0.9581961631774902,0.1241350919008255,0.7079778417944907,0.5079334723190583,0.3237392252662654,0.4526751982032204,0.05308631205061498,0.0037608700869647548,0.03828867946151991,0.41438651874170046
id,train_mixed,pre_softmax,0,16,0.5,0.9579649251368311,0.9454884737476744,1.0,-0.002225573680350127,0.1498788297176361,0.15936073660850525,0.11793283373117447,0.8779171109199524,0.11793283373117447,0,0.8732978701591492,0.1240396499633789,0.648520404100418,0.5850789130989967,0.3258766501057896,0.5073182342010346,0.14013954435977172,0.0036553732638914638,0.09919429303100763,0.408123941170027
id,train_mixed,pre_softmax,0,16,1.0,0.9565063656066256,0.9427762176513962,0.997472504410161,-0.0012562821513962196,0.15049482882022858,0.16085387766361237,0.11958691477775574,0.8721546530723572,0.11767998337745667,0,0.9431427121162415,0.1244068294763565,0.6975219473242759,0.497905593903875,0.301414159718236,0.4389581636481833,0.06668119663601824,0.0033014924660679434,0.04766728538503315,0.3912908782631501
id,train_mixed,pre_softmax,0,16,2.0,0.9331448488587718,0.894244096768836,0.9971764672254275,-0.0009091513669023952,0.18223357200622559,0.20738014578819275,0.14084167778491974,0.7854454517364502,0.13901646435260773,0,0.910589337348938,0.12373986840248108,0.6745344966650009,0.5400944430087171,0.2964989656963331,0.4670157998150019,0.09774745475727253,0.0032149796285674856,0.06938771221866101,0.3976280875963409
id,train_mixed,pre_softmax,0,16,3.0,0.9196920682952273,0.8089606751559318,0.9927800401852868,-0.0008341053230945562,0.18957577645778656,0.2465241700410843,0.15198713541030884,0.6625670790672302,0.14827395975589752,0,0.8929942846298218,0.1231517344713211,0.6620415195822715,0.5488809936456353,0.23923825365837306,0.4559881716494566,0.12030874083673382,0.003982793453597464,0.0854109566217929,0.3705772150276637
id,train_mixed,pre_softmax,0,16,5.0,0.8811423902362608,0.7950900708853729,0.994215789767252,-0.0013318451321342277,0.18146038055419922,0.2160358875989914,0.13602790236473083,0.535500168800354,0.1337038278579712,0,0.9682512879371643,0.1280995011329651,0.7162057518959045,0.46022531298706426,0.2521665815448725,0.3978076935544067,0.04352373269734111,0.0038054767190296946,0.031608255903847686,0.366199437650559
id,train_mixed,pre_softmax,0,16,8.0,0.9008231520800553,0.8288917390199904,0.9966432637299969,-0.006240742132339619,0.15036219358444214,0.17361195385456085,0.11939109861850739,0.4415273666381836,0.11830613017082214,0,0.9027164578437805,0.12574496865272522,0.6696250110864639,0.44404217549750113,0.1729270588909982,0.3627076405155502,0.11322580734359988,0.0032872896736354153,0.08024425204261054,0.28246338847293967
id,train_mixed,pre_softmax,0,16,12.0,0.8334120171684231,0.8449489222966766,0.9953635806900505,-0.005380936091341235,0.20193831622600555,0.19839483499526978,0.152196004986763,0.4579150974750519,0.15077196061611176,0,0.9613796472549438,0.12712013721466064,0.7111017942428588,0.40115511982581886,0.1595702174150056,0.32867964910257486,0.04665519280425112,0.003654080541602066,0.0337548591254564,0.29492478997711846
id,train_mixed,pre_softmax,0,16,16.0,0.7926429617201051,0.8505310264452685,0.9792663569023102,-0.0026689346255460455,0.25444933772087097,0.22757591307163239,0.1678130030632019,0.6224186420440674,0.15818780660629272,0,0.9317251443862915,0.12989991903305054,0.6911775767803191,0.4473684919478387,0.19918811566647562,0.3729143790634297,0.07871422077761092,0.0035296411514652484,0.05615884688976721,0.31675553217366254
id,train_mixed,pre_softmax,0,16,24.0,0.31450828368802664,0.4853094117760669,0.685715503317128,-0.005330581271001025,0.47826460003852844,0.45401731133461,0.42556723952293396,0.522912859916687,0.3809507489204407,0,0.9454851150512695,0.15953664481639862,0.7097005739808082,0.32114118041213957,0.03917849643097438,0.23655237521779,0.06937977641070658,0.0033964559631636834,0.04958478027644371,0.1869675949413463
id,train_mixed,pre_softmax,1,8,0.0,0.6909106638281436,0.909150358281468,0.9872402661557778,-0.0002716145218679093,0.33726778626441956,0.1553269624710083,0.09022541344165802,0.9132622480392456,0.07958795130252838,0,0.8520529866218567,0.11184782534837723,0.6299914382398127,0.44865085192022214,0.2442527713650005,0.38733142775365564,0.14418795863353184,0.0016390371538005184,0.10142328218961244,0.2859081455640432
id,train_mixed,pre_softmax,1,8,0.5,0.7577875655864439,0.9011408108180106,0.9901771301605984,-0.00017800149911871666,0.28128790855407715,0.16228967905044556,0.08838019520044327,0.9103310704231262,0.08022618293762207,0,0.8918576240539551,0.10890069603919983,0.6569705456495285,0.4974786756368832,0.3121449915660939,0.4418785704156464,0.10406721523720275,0.002513687245855244,0.07360115683979848,0.36827741357584787
id,train_mixed,pre_softmax,1,8,1.0,0.751027103661709,0.8742341706987379,0.9930148426158368,-0.0008965295765585895,0.2796768844127655,0.1814717799425125,0.08679483830928802,0.8783007860183716,0.08122715353965759,0,0.8960666656494141,0.10710364580154419,0.6593777596950531,0.4760464269965612,0.2958729862789001,0.4219943947812628,0.09865234147478719,0.0018657242782345494,0.06961635631582139,0.35237803846544147
id,train_mixed,pre_softmax,1,8,2.0,0.7091482154842051,0.7907396395905085,0.9956819812484818,-0.0011310264253007315,0.3011254072189331,0.24298302829265594,0.0969402864575386,0.8064672946929932,0.09386324882507324,0,0.8987575173377991,0.10810484737157822,0.6615617163479327,0.4733629816951488,0.2657805531132922,0.4110882531205918,0.10184548602580668,0.00198115528536686,0.07188618680367473,0.3392020663169171
id,train_mixed,pre_softmax,1,8,3.0,0.6218768103291975,0.5829049435951171,0.9944679603713872,-0.0006253170543828945,0.3185098171234131,0.340571790933609,0.10758596658706665,0.6705542802810669,0.10445427894592285,0,0.8984870314598083,0.10922005027532578,0.6617069371044635,0.4371909026350794,0.19433462530659826,0.36433401943653504,0.10676327259967833,0.0015062072429801114,0.07518615299266886,0.2891478664438662
id,train_mixed,pre_softmax,1,8,5.0,0.6500483039377588,0.701916948372048,0.996227822250593,-0.0009618612040252049,0.2534707188606262,0.22964708507061005,0.09446802735328674,0.5520424842834473,0.09273543953895569,0,0.9127758145332336,0.11389067023992538,0.673110271245241,0.4020075518348203,0.1647117461603778,0.3308188101324875,0.08856257796906852,0.0021535523055994012,0.06263987027002778,0.2681789398624597
id,train_mixed,pre_softmax,1,8,8.0,0.27381616887030935,0.6599854730680247,0.9951326568111869,0.0002335223748781325,0.3625444173812866,0.21745452284812927,0.09153444319963455,0.4654214680194855,0.0897057056427002,0,0.8341578245162964,0.12436557561159134,0.6212201498448848,0.44139071896914917,0.0853958440771448,0.33459225650154784,0.16751648798226726,0.0020473087931737887,0.11787573422553921,0.21671652227600863
id,train_mixed,pre_softmax,1,8,12.0,0.43606955349130827,0.5579738298543918,0.9730208786069471,-0.0004810639925832525,0.3295767307281494,0.28560855984687805,0.1359102874994278,0.4868573546409607,0.1261795163154602,0,0.9441913962364197,0.131372332572937,0.7003456771373748,0.31796209544282805,0.0687095460264905,0.24318633061792677,0.06681869676538299,0.0014884059877629892,0.04721960953209699,0.1959667210858298
id,train_mixed,pre_softmax,1,8,16.0,0.15497064612195366,0.7575985259654877,0.9416017264313977,0.0002611258796918305,0.5871140360832214,0.2974211871623993,0.2089679092168808,0.6616109013557434,0.18089492619037628,0,0.877322793006897,0.1324544996023178,0.6538623049855231,0.4604254721288934,0.12080673597357788,0.3585398512822987,0.12762430952893478,0.001941904198284194,0.0899195879297396,0.2686202633525591
id,train_mixed,pre_softmax,1,8,24.0,0.059471372085332055,0.011584039897329935,0.598289954157484,-0.004889120426601732,0.4961676597595215,0.5020191669464111,0.4303276836872101,0.5034346580505371,0.38124144077301025,0,0.9524484872817993,0.15944162011146545,0.714546427130699,0.34027965344224165,0.033216291545189285,0.24816064487312592,0.05379783294100948,0.0017932314910860953,0.038196452506032465,0.20996419236709346
id,train_mixed,pre_softmax,1,16,0.0,0.9276903372812112,0.9135553717107112,0.9933907728814814,-0.0008470169098628906,0.13987065851688385,0.15165461599826813,0.08509789407253265,0.9132622480392456,0.07958795130252838,0,0.9202744960784912,0.11184782534837723,0.6777464948594569,0.4547711411889266,0.258043839608692,0.3957529507148562,0.09475805231997525,0.0037424501700385627,0.06745337167499424,0.32829957903986196
id,train_mixed,pre_softmax,1,16,0.5,0.9282917298808941,0.904254311222876,0.9933922059469447,-0.0005816103843733784,0.13975156843662262,0.15970514714717865,0.08571134507656097,0.9103310704231262,0.08022618293762207,0,0.9128694534301758,0.10890069603919983,0.671678826212883,0.45549983168063235,0.28418092289381724,0.4041041590445878,0.09905546880840965,0.0036262563412315396,0.07042670506825621,0.3336774539763316
id,train_mixed,pre_softmax,1,16,1.0,0.8962260471940677,0.8886307277380111,0.9963273993803708,-7.320897951879715e-05,0.1639426350593567,0.16999666392803192,0.08415448665618896,0.8783007860183716,0.08122715353965759,0,0.9563825130462646,0.10710364580154419,0.7015988528728485,0.4373185137620197,0.2714930700095138,0.3875708806362679,0.05567026538850317,0.003838873436734525,0.04012084780297257,0.3474500328332953
id,train_mixed,pre_softmax,1,16,2.0,0.929199247175696,0.8617792780434664,1.0,-0.001066871916485049,0.1443161517381668,0.19235989451408386,0.09386324882507324,0.8064672946929932,0.09386324882507324,0,0.9292023181915283,0.10810484737157822,0.6828730769455432,0.46974369279906647,0.24781227875512488,0.40316426858588394,0.07848505389533622,0.003869591445908075,0.056100415160507774,0.34706385342537616
id,train_mixed,pre_softmax,1,16,3.0,0.9151583529365684,0.7921821838442669,0.9990404531384935,-0.0018395208380406719,0.15248313546180725,0.22209994494915009,0.10499747842550278,0.6705542802810669,0.10445427894592285,0,0.9141409993171692,0.10922005027532578,0.6726647146046161,0.44179285740252916,0.19406631608037034,0.3674748950058815,0.09274017987740191,0.0035957801972456124,0.06599685997335501,0.30147803503252646
id,train_mixed,pre_softmax,1,16,5.0,0.9136926496583426,0.7208317568884127,0.9999018932716888,0.0005424419634141064,0.1323770135641098,0.2209593802690506,0.09278050065040588,0.5520424842834473,0.09273543953895569,0,0.9414944052696228,0.11389067023992538,0.6932132847607135,0.4554589858010524,0.20603450546047256,0.38063164169887836,0.07030358121981617,0.0031698657116098314,0.050163466567354265,0.3304681751315241
id,train_mixed,pre_softmax,1,16,8.0,0.8466576197898791,0.6657934696070709,1.0,-0.0025330514671733297,0.14731885492801666,0.21527236700057983,0.0897057056427002,0.4654214680194855,0.0897057056427002,0,0.9412851333618164,0.12436557561159134,0.6962092660367488,0.41504504064877734,0.15905209389303143,0.3382471566220535,0.07429486858971479,0.003283929356479707,0.05299158681974426,0.28525556980230926
id,train_mixed,pre_softmax,1,16,12.0,0.6826336477077987,0.5779341020001091,0.995589489305374,-0.0023980486418329018,0.24064652621746063,0.27840933203697205,0.1277702897787094,0.4868573546409607,0.1261795163154602,0,0.9443134665489197,0.131372332572937,0.7004311263561248,0.44527103453357864,0.13268923699709273,0.3514964952726329,0.08176132339427278,0.0034354212490644133,0.05826355275071027,0.2932329425219226
id,train_mixed,pre_softmax,1,16,16.0,0.729895934331429,0.8189497166223144,0.9021315453856711,-0.0021968795519372525,0.3107382655143738,0.26792868971824646,0.2279418557882309,0.6616109013557434,0.18089492619037628,0,0.9233707189559937,0.1324544996023178,0.6860958531498909,0.4418686157602343,0.13589017720252128,0.3500750841929204,0.09319816967664951,0.0033235581889601708,0.06623578623034271,0.2838392979625777
id,train_mixed,pre_softmax,1,16,24.0,0.39585973497386906,0.006503705741582449,0.9403518039942207,-0.00902606847988012,0.4550632834434509,0.5026399493217468,0.38853004574775696,0.5034346580505371,0.38124144077301025,0,0.9474610090255737,0.15944162011146545,0.7110551923513412,0.36993016471348084,0.0515180494741628,0.2744065301416854,0.06760930101139939,0.0032622500965656135,0.04830518573694926,0.22610134440473617
id,train_mixed,pre_softmax,2,8,0.0,0.8197616589853034,0.8722529850340853,0.9840068968621858,-0.0001595140941537526,0.2526158392429352,0.21060241758823395,0.12115593999624252,0.908743143081665,0.10835525393486023,0,0.8926583528518677,0.11067862808704376,0.6580644354224204,0.6255527512094348,0.368065267396138,0.5483065060654457,0.11436788680042953,0.0022135633156964373,0.08072158975500959,0.46758491631043614
id,train_mixed,pre_softmax,2,8,0.5,0.8430635736704375,0.8822319201062949,0.9877547578635478,-0.0005770250112529186,0.2262619584798813,0.19522546231746674,0.1116105169057846,0.8942947387695312,0.10190754383802414,0,0.8990970253944397,0.11078456044197083,0.662603285908699,0.6281583456975566,0.3521473330302563,0.5453550418973665,0.11116138493019301,0.00167013534105855,0.07831401005345266,0.4670410318439138
id,train_mixed,pre_softmax,2,8,1.0,0.8653762167068138,0.8797123941349176,0.9916572767825285,-0.0007276121369755311,0.20964692533016205,0.19857239723205566,0.11209629476070404,0.878139853477478,0.10565163940191269,0,0.8987851738929749,0.10999903082847595,0.6621493309736252,0.6318224360741888,0.3495607436064308,0.5471439283338614,0.11144658949287378,0.0017863543469435756,0.0785485189490947,0.4685954093847667
id,train_mixed,pre_softmax,2,8,2.0,0.8454302854030362,0.775579188326626,0.9972408759725031,-0.0008370430388314575,0.21752291917800903,0.2650594115257263,0.11420968174934387,0.7928723692893982,0.11233198642730713,0,0.878274142742157,0.10796050727367401,0.6471800521016121,0.6290047009862276,0.326394660355251,0.5382216887969345,0.12680051263130188,0.0013592400580692237,0.08916813085933208,0.4490535579376025
id,train_mixed,pre_softmax,2,8,3.0,0.6802770609621185,0.49658305722131696,0.9974379300493571,-0.0022687797045155083,0.28410977125167847,0.38238540291786194,0.11442984640598297,0.6480555534362793,0.1130591481924057,0,0.8900788426399231,0.11472468078136444,0.6574725940823555,0.5047744663242351,0.17370718919029476,0.4054542831840529,0.11185115001525348,0.002282371792824345,0.07898051654852473,0.3264737666355282
id,train_mixed,pre_softmax,2,8,5.0,0.5447580499294992,0.4826122097340521,0.9868118483664187,-0.0007715963557003083,0.2945168912410736,0.32224076986312866,0.09731228649616241,0.5375388860702515,0.09142892062664032,0,0.8948920965194702,0.12852391600608826,0.6649816423654556,0.4854546232569106,0.2015628480406961,0.4002870906920462,0.11758184125220339,0.0020074606685358608,0.08290952707710313,0.31737756361494307
id,train_mixed,pre_softmax,2,8,8.0,0.6073652486188416,0.3784212356566053,0.9749552842095361,-0.0005021166361331553,0.23136721551418304,0.3172471821308136,0.09347926825284958,0.4591980576515198,0.0840846598148346,0,0.9433753490447998,0.13552086055278778,0.7010190024971961,0.4191867841744057,0.1599207471244859,0.34140697305942974,0.06631908716462653,0.0014231219291276733,0.046850297593976874,0.2945566754654529
id,train_mixed,pre_softmax,2,8,12.0,0.4029286126674784,0.23552275233261183,0.9344987985531562,-0.0008654238627746625,0.32263773679733276,0.38256388902664185,0.13235194981098175,0.46687379479408264,0.10890453308820724,0,0.9165932536125183,0.13758039474487305,0.6828893959522248,0.39718831131989296,0.11377634177690119,0.3121647204569954,0.0972190953900468,0.002036902495399373,0.06866443752165256,0.24350028293534282
id,train_mixed,pre_softmax,2,8,16.0,0.23818223311258693,0.2519764854028522,0.972458110096976,-0.0004905771737062573,0.5151816010475159,0.5085011124610901,0.15957540273666382,0.6305320858955383,0.14623700082302094,0,0.9705211520195007,0.14357517659664154,0.722437359392643,0.4257970520154183,0.15398464516020116,0.3442533299588531,0.03580036447616919,0.001851100074698012,0.025615585155727833,0.3186377448031253
id,train_mixed,pre_softmax,2,8,24.0,0.2127467541433037,0.1324631206052608,0.301864161929857,-0.004610854774129123,0.491121768951416,0.49931854009628296,0.48202309012413025,0.5128427147865295,0.4107450544834137,0,0.9771957993507385,0.17220407724380493,0.7356982827186584,0.3156904912626819,0.03733496317622816,0.23218383283674576,0.031149380321335962,0.0013093958730725852,0.022197384986856947,0.20998644784988882
id,train_mixed,pre_softmax,2,16,0.0,0.9141756831784978,0.8972368055612183,1.0,2.68090914544122e-06,0.177047997713089,0.19060567021369934,0.10835525393486023,0.908743143081665,0.10835525393486023,0,0.9363859295845032,0.11067862808704376,0.6886737391352653,0.5603618244909702,0.33750587530627985,0.49350503973556303,0.07759994518267077,0.0028635350454317273,0.05517902214149905,0.438326017594064
id,train_mixed,pre_softmax,2,16,0.5,0.9076783206669066,0.8963592352665938,1.0,-0.0002582358054531703,0.17506206035614014,0.1840311586856842,0.10190754383802414,0.8942947387695312,0.10190754383802414,0,0.9386395215988159,0.11078456044197083,0.6902830332517623,0.5624542944083553,0.3397131301253436,0.49563194512345177,0.07777244378148618,0.003870933997185911,0.055601990846196096,0.44002995427725566
id,train_mixed,pre_softmax,2,16,1.0,0.9249563661784467,0.8860083802901485,1.0,-0.0014464281145008806,0.1636219620704651,0.19370882213115692,0.10565163940191269,0.878139853477478,0.10565163940191269,0,0.8844687342643738,0.10999903082847595,0.6521278232336044,0.5943122316671938,0.3316148018429283,0.5155030027199141,0.13314157029616402,0.0029894097814960317,0.09409592214176363,0.42140708057815046
id,train_mixed,pre_softmax,2,16,2.0,0.8999393303638172,0.8277383468448154,1.0,-0.0021078034710178776,0.18042731285095215,0.22956299781799316,0.11233198642730713,0.7928723692893982,0.11233198642730713,0,0.9372683167457581,0.10796050727367401,0.6884759739041328,0.557634781587564,0.29317598102660064,0.47829714141927493,0.07901149278962727,0.003110724233330531,0.056241262222738245,0.4220558791965367
id,train_mixed,pre_softmax,2,16,3.0,0.8634897121831125,0.6198183823129437,0.9982539064074337,-0.001889869874665909,0.18609166145324707,0.3164549469947815,0.11399330198764801,0.6480555534362793,0.1130591481924057,0,0.9220945835113525,0.11472468078136444,0.6798836126923561,0.5377606814321714,0.22486347237906218,0.44389151871623855,0.09755079259601096,0.003471631442652411,0.06932704425000338,0.3745644744662352
id,train_mixed,pre_softmax,2,16,5.0,0.8705989822343446,0.4813433846618603,0.9976907891403191,0.0007375258672667883,0.14915600419044495,0.32280680537223816,0.09245908260345459,0.5375388860702515,0.09142892062664032,0,0.9309177398681641,0.12852391600608826,0.6901995927095413,0.5072454557242816,0.21194164359296197,0.4186543120848857,0.07808889185907375,0.0024034410221373355,0.05538325660799282,0.36327105547689287
id,train_mixed,pre_softmax,2,16,8.0,0.7926264648676855,0.3745849692179462,0.9958766849210958,-0.001296287189105785,0.1618732511997223,0.31868621706962585,0.0856313705444336,0.4591980576515198,0.0840846598148346,0,0.9409634470939636,0.13552086055278778,0.6993306711316107,0.45733252180388917,0.17485477933435764,0.3725891990630297,0.0696781663099536,0.003798426179773295,0.04991424427089951,0.32267495479213015
id,train_mixed,pre_softmax,2,16,12.0,0.7880454368757691,0.2536692629313172,0.9836081269170112,-0.008190015110783516,0.18477775156497955,0.37606799602508545,0.11477231979370117,0.46687379479408264,0.10890453308820724,0,0.9467601776123047,0.13758039474487305,0.7040062427520752,0.4461793609041106,0.15456548274988097,0.3586951974578417,0.06050185999051749,0.0038969765757784435,0.04352039496609578,0.3151748024917459
id,train_mixed,pre_softmax,2,16,16.0,0.7723909911151194,0.8080922957076374,0.9814064051274545,-0.0013576409440927558,0.25646692514419556,0.23917695879936218,0.15524178743362427,0.6305320858955383,0.14623700082302094,0,0.9239489436149597,0.14357517659664154,0.6898368135094642,0.4724161312108236,0.16225845881783554,0.37936882949292716,0.09354858432778246,0.004688981986199516,0.06689070362530758,0.3124781258676196
id,train_mixed,pre_softmax,2,16,24.0,0.2471930151796835,0.16110669855383908,0.5841225583647053,0.0011057177693340795,0.48760488629341125,0.4963940978050232,0.4532051682472229,0.5128427147865295,0.4107450544834137,0,0.9627280235290527,0.17220407724380493,0.7255708396434783,0.3727014931494842,0.04408632750632967,0.2741169434565378,0.0491600341227425,0.0040738037381030795,0.03563416500735067,0.23848277844918714
id,train_mixed,pre_softmax,3,8,0.0,0.8177810802027974,0.8609620890555177,0.9858490469755771,-0.0010046771354902681,0.2279934138059616,0.1941058337688446,0.09609708189964294,0.869771420955658,0.0849917009472847,0,0.9380639791488647,0.11582416296005249,0.691392034292221,0.5309620639246888,0.32993671705706035,0.47065445986440024,0.06704055438499601,0.0015998779371882942,0.04740835145065369,0.42324610841374655
id,train_mixed,pre_softmax,3,8,0.5,0.8117418515096971,0.8450860875758032,0.9860646168798415,-0.000593991021460899,0.228632852435112,0.20256446301937103,0.09234801679849625,0.8632493615150452,0.08145339041948318,0,0.8950760364532471,0.11430840194225311,0.6608457460999488,0.5910309890032698,0.35661263159279344,0.5207054817801269,0.10753862771731826,0.002487047891479145,0.07602315376956652,0.44468232801056035
id,train_mixed,pre_softmax,3,8,1.0,0.8269450776044533,0.8096067937054126,0.9839238450772324,-0.0008350893775632522,0.21823936700820923,0.2316405028104782,0.09690707176923752,0.8574031591415405,0.08448146283626556,0,0.8970115780830383,0.11303617060184479,0.6618189558386802,0.5918427184515671,0.33919136861546023,0.5160473135007351,0.10740826486796418,0.002068061053333724,0.07580620372357504,0.44024110977716
id,train_mixed,pre_softmax,3,8,2.0,0.10504055309477413,0.6314093812921465,0.9682359596720471,-0.000869695798315251,0.6983585357666016,0.34266185760498047,0.11504941433668137,0.7693402767181396,0.09358468651771545,0,0.9110606908798218,0.11628537625074387,0.6726280964910983,0.5801249671727811,0.29965529684676123,0.4959840660749751,0.09197029954081448,0.0020071576336716706,0.06498135696867163,0.43100270910630345
id,train_mixed,pre_softmax,3,8,3.0,0.8203177655850497,0.4147615864069136,0.9353146839749605,-0.000612830992809198,0.19322621822357178,0.40614956617355347,0.1328510344028473,0.6239058971405029,0.09889023005962372,0,0.8801423907279968,0.12149180471897125,0.6525472149252891,0.4548080601313118,0.19328550256991525,0.3763512928628928,0.12854269688454212,0.001961627279160795,0.09056837600292772,0.2857829168599651
id,train_mixed,pre_softmax,3,8,5.0,0.5951867040270079,0.5063211859629819,0.895477445567428,0.00036728985063473493,0.26767051219940186,0.30719929933547974,0.1340964436531067,0.532418966293335,0.08760315924882889,0,0.9192955493927002,0.12921291589736938,0.682270759344101,0.4955360742678375,0.2260827674731424,0.414700082229429,0.0830313866071194,0.0022874916356414423,0.058808218115676006,0.355891864113753
id,train_mixed,pre_softmax,3,8,8.0,0.5272927563333857,0.6423288218302238,0.9740849933793555,0.0002621743896789863,0.2529071569442749,0.21243517100811005,0.09571672230958939,0.43841928243637085,0.08659930527210236,0,0.8905981183052063,0.14546272158622742,0.6670574992895125,0.4504100051283475,0.17989270261191642,0.36925481437341817,0.12002817980562619,0.0018785211640417478,0.08458328221315085,0.2846715321602673
id,train_mixed,pre_softmax,3,8,12.0,0.5400497998089401,0.46706998774103764,0.925224143603998,-0.001620076778516166,0.27411630749702454,0.3020592927932739,0.1266382485628128,0.4808940887451172,0.09800758212804794,0,0.9227803349494934,0.15030309557914734,0.6910371631383896,0.4090417569102097,0.11300355214897519,0.32023029548183934,0.08465891575978446,0.0016770918257790624,0.05976436857958284,0.2604659269022565
id,train_mixed,pre_softmax,3,8,16.0,0.632733679891093,0.44125463262771736,0.939815022440217,-0.0003252426674623415,0.3172791302204132,0.4088311493396759,0.17045409977436066,0.619808554649353,0.14167781174182892,0,0.9105805158615112,0.13672181963920593,0.6784229069948196,0.5179199029153836,0.17636211779678063,0.4154525673798027,0.10130247946948245,0.0018624370975338911,0.07147046675789788,0.3439821006219048
id,train_mixed,pre_softmax,3,8,24.0,0.25462897678981067,0.19336732295690462,0.6556872708050633,-0.001793490112494789,0.48289352655410767,0.49237093329429626,0.4208483099937439,0.5222855806350708,0.367581844329834,0,0.9076465964317322,0.18080824613571167,0.689595091342926,0.2702791602329606,0.022443896180030894,0.1959285810170817,0.10692298715477966,0.0014214488092137829,0.0752725256511099,0.12065605536597179
id,train_mixed,pre_softmax,3,16,0.0,0.930856550012351,0.8977422306109033,0.9986674527700684,-0.001652081724462074,0.13925407826900482,0.1652415245771408,0.08603745698928833,0.869771420955658,0.0849917009472847,0,0.9166943430900574,0.11582416296005249,0.6764332890510558,0.5638932732481243,0.32644388351796355,0.49265845632907607,0.09818902021336284,0.0028522288470860333,0.0695879828034798,0.42307047352559624
id,train_mixed,pre_softmax,3,16,0.5,0.9464237500574069,0.8943508993191603,0.999587366460544,-0.0018503609409390347,0.12333908677101135,0.164049431681633,0.08177598565816879,0.8632493615150452,0.08145339041948318,0,0.9009045362472534,0.11430840194225311,0.6649256959557533,0.58430365830457,0.3358806469738473,0.5097767549053531,0.10918533293555455,0.0033699294773550433,0.07744071189809469,0.4323360430072584
id,train_mixed,pre_softmax,3,16,1.0,0.9393467274477141,0.8729320206670161,0.9995174561460957,-0.0028791265962991985,0.1313616931438446,0.18269506096839905,0.08485443145036697,0.8574031591415405,0.08448146283626556,0,0.8934097290039062,0.11303617060184479,0.6592976614832878,0.5873246195583006,0.32560441660953243,0.5088085586736701,0.11652219881268733,0.003559458944121163,0.08263337685211747,0.4261751818215527
id,train_mixed,pre_softmax,3,16,2.0,0.9328767724406986,0.8206965548888525,1.0,-0.0013549966383082036,0.13894358277320862,0.2147499918937683,0.09358468651771545,0.7693402767181396,0.09358468651771545,0,0.8503238558769226,0.11628537625074387,0.6301123119890689,0.6019469284999583,0.30158933039943786,0.5118396490698022,0.15946876048156822,0.0036743795459510628,0.11273044620088306,0.3991092028689191
id,train_mixed,pre_softmax,3,16,3.0,0.9047242225054463,0.7167120334355049,1.0,-0.00399032673865463,0.1489115059375763,0.2476208508014679,0.09889023005962372,0.6239058971405029,0.09889023005962372,0,0.934567391872406,0.12149180471897125,0.6906447157263755,0.49607135593676044,0.25773821266501556,0.4245714129552369,0.0737632702158979,0.003603770290121771,0.052715420238165056,0.37185599271707187
id,train_mixed,pre_softmax,3,16,5.0,0.8925721908888165,0.6982552576357907,0.9988978792009342,-0.003149500419306388,0.13538874685764313,0.22182399034500122,0.08809340000152588,0.532418966293335,0.08760315924882889,0,0.9306135177612305,0.12921291589736938,0.6901933372020721,0.5110794649599661,0.23344087856435355,0.4277878890412823,0.084440555120739,0.004319578206093163,0.06040426204634525,0.36738362699493704
id,train_mixed,pre_softmax,3,16,8.0,0.8551741894692383,0.7012331810787684,0.9935631951883248,-0.004399955460001909,0.1375519186258316,0.1917114406824112,0.08886390179395676,0.43841928243637085,0.08659930527210236,0,0.8955250382423401,0.14546272158622742,0.6705063432455062,0.4833104582210537,0.19535270126313264,0.39692313113367733,0.12380609403335441,0.002876886549414047,0.08752733178817229,0.30939579934550504
id,train_mixed,pre_softmax,3,16,12.0,0.7214656689996102,0.6438020417022661,0.9963569482770795,-0.0006929731699399167,0.20465461909770966,0.2343909740447998,0.09940245747566223,0.4808940887451172,0.09800758212804794,0,0.9418863654136658,0.15030309557914734,0.7044113844633102,0.43226424462280066,0.1662127328544339,0.3524487910922906,0.07357537916983026,0.003772536181084079,0.0526345262732064,0.2998142648190842
id,train_mixed,pre_softmax,3,16,16.0,0.7894676102277661,0.8376965227239317,0.9923517173457966,-0.0026607817149544716,0.2423398196697235,0.21928009390830994,0.14533469080924988,0.619808554649353,0.14167781174182892,0,0.9331701397895813,0.13672181963920593,0.6942356437444686,0.47157414714786206,0.1808069763880539,0.3843439959199196,0.08006394062158229,0.003384888360746144,0.05706022494333144,0.3272837709765881
id,train_mixed,pre_softmax,3,16,24.0,0.44822785453889774,0.3939951022886552,0.9307832254157006,-0.011445202423581139,0.4529430568218231,0.4613330662250519,0.37828993797302246,0.5222855806350708,0.367581844329834,0,0.9301758408546448,0.18080824613571167,0.7053655624389648,0.3187199226619676,0.0441345435871355,0.23634430893951794,0.09293718600396528,0.0034081069042927003,0.0660784622740635,0.17026584666545444
id,train_mixed,pre_softmax,4,8,0.0,0.8154800661608186,0.8836632165204101,0.9931513838882352,0.00018786094019816732,0.22987262904644012,0.17667660117149353,0.09125468134880066,0.8661046028137207,0.08591143786907196,0,0.8971552848815918,0.10782197117805481,0.6603552907705307,0.5941256448228951,0.3572333723997428,0.5230579630959493,0.10657162659906694,0.0013906477518797892,0.07501733294491078,0.44804063015103857
id,train_mixed,pre_softmax,4,8,0.5,0.8193921762978582,0.8696084116325674,0.9942223790928537,-0.0006525485542335284,0.23075512051582336,0.19197358191013336,0.09573535621166229,0.8635641932487488,0.09127335250377655,0,0.8872078657150269,0.10994982719421387,0.6540304541587829,0.5379566269990544,0.320309094713601,0.4726623673134184,0.11341636412075584,0.002095907731777985,0.08002022720406249,0.3926421401093559
id,train_mixed,pre_softmax,4,8,1.0,0.8277396124931129,0.8600870790503368,0.9943733887640809,-0.00018519272613619434,0.2223176658153534,0.1973830908536911,0.09387043863534927,0.8603687286376953,0.0895332470536232,0,0.8457159996032715,0.10793586075305939,0.6243819579482078,0.6194069798446274,0.3428653758916845,0.5364444986587446,0.15905901181588744,0.0023869805377671797,0.11205740243245135,0.4243870962262932
id,train_mixed,pre_softmax,4,8,2.0,0.7978016958517234,0.833361389147746,0.9903977802270546,-0.0007088853741203387,0.2355017066001892,0.21150147914886475,0.10551324486732483,0.773960292339325,0.0990324392914772,0,0.9228532910346985,0.10998650640249252,0.6789932556450367,0.4972008663281895,0.26076508037473106,0.4262701305421519,0.07294408818606313,0.0021869633049828607,0.05171695072173904,0.37455317982041286
id,train_mixed,pre_softmax,4,8,3.0,0.7232928876039045,0.7261161640257042,0.9760580761483191,-0.0012965386946077939,0.2675420045852661,0.26590999960899353,0.12143018841743469,0.6856440305709839,0.10759047418832779,0,0.9153496026992798,0.11325426399707794,0.6747210010886192,0.4834165141890857,0.2221626581447156,0.40504035737577465,0.08473298295475606,0.0031055950866507418,0.06024476659432446,0.34479559078145017
id,train_mixed,pre_softmax,4,8,5.0,0.7417781325117097,0.6159143530360988,0.9821823588215901,-0.00040036460549016994,0.20557062327861786,0.2645018994808197,0.0930098220705986,0.5528820753097534,0.08466733992099762,0,0.9084447026252747,0.1226113960146904,0.6726947106420994,0.4539584658360495,0.19764475366870932,0.3770643521858474,0.09625083306568916,0.002433055418620303,0.0681054997715685,0.3089588524142789
id,train_mixed,pre_softmax,4,8,8.0,0.6373140949720334,0.537671653693014,0.9670645406430272,-0.0007429566841006693,0.2102414071559906,0.24627409875392914,0.09099707752466202,0.44070687890052795,0.07908695936203003,0,0.8917892575263977,0.13053403794765472,0.6634126916527747,0.4046909971362327,0.15105750411626115,0.3286009492302412,0.10893942640859577,0.001527927768598293,0.07671597681659653,0.25188497241364466
id,train_mixed,pre_softmax,4,8,12.0,0.2902118197023003,0.24352884232836647,0.9857714605220564,-0.001535225811108938,0.36864173412323,0.3857558071613312,0.1136481761932373,0.4750339686870575,0.10843196511268616,0,0.831081211566925,0.13072903454303741,0.6209755584597587,0.3946016349233661,0.08997116438226456,0.30321249376103565,0.18749525391259747,0.001865567371394272,0.13180634795023652,0.17140614581079913
id,train_mixed,pre_softmax,4,8,16.0,0.4318248545546845,0.4146384787073826,0.8640462934005291,-0.00044959892842066847,0.413459450006485,0.4217005968093872,0.20620223879814148,0.6205264925956726,0.14101022481918335,0,0.9015108346939087,0.13820511102676392,0.6725191175937651,0.447431552253155,0.1720595472652327,0.3648199507567783,0.10616053073595455,0.0016985529123380223,0.07482193738886958,0.28999801336790876
id,train_mixed,pre_softmax,4,8,24.0,0.18748293799810037,0.2027712779675303,0.7271539008296694,-0.0011944973864472666,0.47131818532943726,0.46842077374458313,0.36904096603393555,0.5068495273590088,0.31733179092407227,0,0.9019920825958252,0.16286493837833405,0.6802539393305778,0.32521156546954755,0.03877001194266552,0.2392790994114829,0.11154416098346331,0.0017273325701518654,0.07859911245946988,0.16067998695201302
id,train_mixed,pre_softmax,4,16,0.0,0.9113122940412577,0.8854699933689061,0.9963120926388975,-0.002685364801938016,0.15510497987270355,0.17526696622371674,0.0887887179851532,0.8661046028137207,0.08591143786907196,0,0.9592382907867432,0.10782197117805481,0.7038133949041366,0.5114997905586749,0.3232644738129976,0.4550291955349717,0.049173190795533506,0.003585874735843667,0.03549699597762655,0.4195321995573451
id,train_mixed,pre_softmax,4,16,0.5,0.9044683194719505,0.8705502078324697,0.9975997616403365,-0.0024556818330694744,0.16505159437656403,0.19124624133110046,0.09312703460454941,0.8635641932487488,0.09127335250377655,0,0.9249378442764282,0.10994982719421387,0.6804414391517638,0.5389173077548866,0.3064913504316537,0.4691895205579167,0.08547554671363145,0.003547706005298751,0.06089719450113163,0.40829232605678506
id,train_mixed,pre_softmax,4,16,1.0,0.9232471162926326,0.860713370693485,0.9979867926849685,-0.0022025175829909643,0.14869709312915802,0.19690032303333282,0.09108509868383408,0.8603687286376953,0.0895332470536232,0,0.8341065645217896,0.10793586075305939,0.6162553533911704,0.6104881888810834,0.3230840271106178,0.5242669403499436,0.17275957974024603,0.0034862372303745208,0.12197757698728456,0.402289363362659
id,train_mixed,pre_softmax,4,16,2.0,0.9089648488519079,0.8337532984624343,0.999360263404743,-0.0021404328905636786,0.16047459840774536,0.21123696863651276,0.09946421533823013,0.773960292339325,0.0990324392914772,0,0.9002359509468079,0.10998650640249252,0.6631611175835133,0.5349480771599611,0.27412827396260037,0.45670213620075284,0.10517529945671178,0.0032466821438066145,0.07459671426284023,0.38210542193791264
id,train_mixed,pre_softmax,4,16,3.0,0.9109028822375346,0.7490429565443903,1.0,-0.0011506342685802745,0.15909337997436523,0.25265708565711975,0.10759047418832779,0.6856440305709839,0.10759047418832779,0,0.8873453736305237,0.11325426399707794,0.65511804074049,0.5264047529870256,0.24705196966573978,0.44259891799063983,0.12095720142181199,0.005251305444613817,0.08624543262865253,0.3563534853619873
id,train_mixed,pre_softmax,4,16,5.0,0.8812736266435834,0.692297681968498,0.9938480382086593,-0.0034141107645916905,0.14025677740573883,0.22873809933662415,0.08754777908325195,0.5528820753097534,0.08466733992099762,0,0.9303773045539856,0.1226113960146904,0.688047531992197,0.4841968997992633,0.21668073282361147,0.4039420497065677,0.08358932699029353,0.0036881994282620166,0.05961898872168407,0.34432306098488363
id,train_mixed,pre_softmax,4,16,8.0,0.8427222921866093,0.5546472867741101,0.9944126195993375,-0.0029272410940179338,0.13596171140670776,0.24013537168502808,0.08110746741294861,0.44070687890052795,0.07908695936203003,0,0.9285485744476318,0.13053403794765472,0.6891442134976387,0.4380759683520822,0.17073004291125057,0.3578721907198327,0.1003886783178981,0.004677533556256006,0.07167533488940547,0.2861968558304272
id,train_mixed,pre_softmax,4,16,12.0,0.7378879341250335,0.2979488375125456,0.9930683152317326,-0.005588189435077548,0.2045227736234665,0.36580532789230347,0.11097313463687897,0.4750339686870575,0.10843196511268616,0,0.930117666721344,0.13072903454303741,0.690301077067852,0.36469582973880854,0.13400334647919782,0.2954880847609253,0.08570849721422513,0.003618612871017518,0.061081531911262844,0.23440655284966247
id,train_mixed,pre_softmax,4,16,16.0,0.7732598147309342,0.6502060672113729,0.9787011985658577,-0.0019318956443223746,0.24973583221435547,0.30874210596084595,0.1512233465909958,0.6205264925956726,0.14101022481918335,0,0.9137904047966003,0.13820511102676392,0.6811148166656493,0.46325117574634456,0.19023199464431909,0.3813454214157369,0.10358944743310583,0.0031212532533495124,0.07344898917917893,0.307896432236558
id,train_mixed,pre_softmax,4,16,24.0,0.44006582630410307,0.25302115373728606,0.9279730341743249,-0.005782210229023959,0.42344924807548523,0.45889753103256226,0.33098217844963074,0.5068495273590088,0.31733179092407227,0,0.9276060461997986,0.16286493837833405,0.6981837138533591,0.3650361834048661,0.05151025206199302,0.2709784040020041,0.09103763762518546,0.003016465888662293,0.06463128610422851,0.2063471178977756
id,train_mixed,pre_softmax,5,8,0.0,0.8465029199193421,0.5469620626158652,0.992206977865061,-0.0020623844554675756,0.21532361209392548,0.46067115664482117,0.09598051756620407,0.9086761474609375,0.0895974189043045,0,0.9288696050643921,0.1325431764125824,0.6899716764688492,0.6155036616006452,0.32494167953493713,0.5283350669809328,0.0733313357882559,0.0016631640012740316,0.05183088425216134,0.4765041827287715
id,train_mixed,pre_softmax,5,8,0.5,0.9017957531485051,0.4943952344120783,0.9912283552510904,-0.0023919283098453943,0.1660764366388321,0.4946575164794922,0.09394628554582596,0.8934025168418884,0.0868716835975647,0,0.9214288592338562,0.13204872608184814,0.6846148192882537,0.6194342104310141,0.3524604738935815,0.5393420894697843,0.07874672549862394,0.0025606743630975405,0.05589091015796601,0.48345117931181836
id,train_mixed,pre_softmax,5,8,1.0,0.8938521579392336,0.7055335795402955,0.9927743213305086,-0.0009681344094022212,0.176105797290802,0.32566988468170166,0.09754104167222977,0.8860101699829102,0.09180235117673874,0,0.9435887336730957,0.12999945878982544,0.6995119512081145,0.5949346512125538,0.3248537345963345,0.513910376227688,0.05445996614683135,0.0016930325460803306,0.03862988606660604,0.4752804901610819
id,train_mixed,pre_softmax,5,8,2.0,0.6904641720892833,0.740052127403001,0.9958672045399141,-0.0015033817073673054,0.31619906425476074,0.28156769275665283,0.10291086137294769,0.7984073162078857,0.10002458840608597,0,0.9252231121063232,0.12943516671657562,0.686486728489399,0.5420467757294241,0.2768961526323695,0.4625015888003077,0.07897322664981032,0.001422699160621268,0.055708068403053604,0.4067935203972541
id,train_mixed,pre_softmax,5,8,3.0,0.5989638192135442,0.2285754885838236,0.9951448621070133,-0.002872208992438119,0.3318999409675598,0.5402390360832214,0.10905274748802185,0.6688100695610046,0.1063217893242836,0,0.9437505006790161,0.1322505921125412,0.7003005281090736,0.5378324555251315,0.24455255272831822,0.44984848468608746,0.05996547476625158,0.0018016168046955793,0.04251631737778478,0.4073321673083027
id,train_mixed,pre_softmax,5,8,5.0,0.5281097924959158,0.39332659355392957,0.9878294874526893,-0.001977387600559506,0.296028733253479,0.3548213243484497,0.0954984575510025,0.5263908505439758,0.09018966555595398,0,0.898623526096344,0.13496164977550507,0.6695249632000922,0.5875444707136535,0.2417809154411498,0.4838154041319024,0.1059084614973399,0.0019924026977343858,0.07473364385745825,0.40908176027444415
id,train_mixed,pre_softmax,5,8,8.0,0.4523630399345632,0.359825866906313,0.9682246272986877,-0.0008233677132510496,0.27387121319770813,0.3075264096260071,0.08625555038452148,0.43839284777641296,0.0746990442276001,0,0.9388324618339539,0.15343894064426422,0.7032144054770469,0.5138021796333256,0.14992900769736323,0.4046402280525369,0.06142102126805382,0.0018341138292430512,0.04354494903641059,0.3610952790161263
id,train_mixed,pre_softmax,5,8,12.0,0.6088093166871518,0.1390536610744356,0.9661074289660099,-0.0010141791178586127,0.25337931513786316,0.4452560245990753,0.10743708908557892,0.50205397605896,0.0935933068394661,0,0.8796688318252563,0.14499928057193756,0.6592679664492607,0.5462629590791009,0.12487685405995168,0.4198471275733561,0.13559192177810697,0.0018954350005508877,0.09548297574484015,0.32436415182851597
id,train_mixed,pre_softmax,5,8,16.0,0.7748751748345891,0.5258866292458058,0.9715229137822797,-0.0022044392043272533,0.2463945746421814,0.37730351090431213,0.14300449192523956,0.6537951827049255,0.12803229689598083,0,0.8870587348937988,0.13352499902248383,0.6609986141324042,0.6207458647815944,0.21151771410672687,0.49797741957913416,0.1272794269864046,0.00184002538883851,0.08964760650713477,0.4083298130719994
id,train_mixed,pre_softmax,5,8,24.0,0.07993750679225185,0.13894028297082542,0.21309752730597512,-0.001070593613621687,0.5077819228172302,0.4999506175518036,0.4901078939437866,0.5183918476104736,0.38566410541534424,0,0.9173287749290466,0.15174558758735657,0.6876538187265396,0.44918141839813386,0.047682145065611886,0.32873163639837727,0.0895163937507536,0.0011374689426575794,0.06300271630832478,0.2657289200900525
id,train_mixed,pre_softmax,5,16,0.0,0.9512896206578138,0.8372009955056486,0.9986903156473915,-0.0037022642657763795,0.1294950544834137,0.22294262051582336,0.0906701534986496,0.9086761474609375,0.0895974189043045,0,0.9730209708213806,0.1325431764125824,0.7208776324987411,0.5759732486534026,0.3215693426277325,0.49965207684570156,0.037799032189396176,0.002773821489860646,0.027291468979535518,0.47236060786616607
id,train_mixed,pre_softmax,5,16,0.5,0.9277347915676065,0.8735153726806993,0.997928318935402,-0.002579714561940715,0.14515580236911774,0.18888543546199799,0.08854255825281143,0.8934025168418884,0.0868716835975647,0,0.943635880947113,0.13204872608184814,0.7001597344875335,0.5907595860483208,0.332824533023257,0.5133790701408016,0.0712426064935271,0.0028389045287237407,0.05072149590408608,0.46265757423671555
id,train_mixed,pre_softmax,5,16,1.0,0.9209070117312843,0.8614851168706624,0.9982056397975815,-0.001336325681691159,0.15461862087249756,0.20181195437908173,0.09322744607925415,0.8860101699829102,0.09180235117673874,0,0.9272077679634094,0.12999945878982544,0.6880452752113342,0.5760561442911185,0.3038711628316946,0.4944006498532913,0.09014504766720755,0.004441217140040862,0.06443389850905755,0.42996675134423373
id,train_mixed,pre_softmax,5,16,2.0,0.90809228702561,0.7447848566575364,0.9996390689048846,-0.001900841180044543,0.16421134769916534,0.2782624363899231,0.1002766564488411,0.7984073162078857,0.10002458840608597,0,0.9435186386108398,0.12943516671657562,0.6992935970425606,0.5696082997319583,0.30263887376983806,0.4895174719433222,0.06281924021956842,0.003380760909297423,0.04498769642648712,0.44452977551683504
id,train_mixed,pre_softmax,5,16,3.0,0.8886813573807499,0.3745621202550353,0.9995587309980903,-0.0015785758111178992,0.16893722116947174,0.45812326669692993,0.10656999796628952,0.6688100695610046,0.1063217893242836,0,0.9409592747688293,0.1322505921125412,0.6983466699719428,0.5699379044823367,0.23719374148187383,0.47011465558219784,0.07172570575980075,0.0028294334381639957,0.05105682406330972,0.4190578315188881
id,train_mixed,pre_softmax,5,16,5.0,0.8754748664689461,0.41903645841695714,1.0,-0.0005226665449616551,0.14450767636299133,0.3436066508293152,0.09018966555595398,0.5263908505439758,0.09018966555595398,0,0.9236426949501038,0.13496164977550507,0.6870383813977241,0.5749821986278056,0.2298333967704017,0.47143755807058446,0.09476501761733513,0.0030642505044152476,0.06725478748345916,0.4041827705871253
id,train_mixed,pre_softmax,5,16,8.0,0.8112696652995496,0.35946572547520844,0.9947617449331706,-0.0011355722303177792,0.1433390974998474,0.307657390832901,0.07660416513681412,0.43839284777641296,0.0746990442276001,0,0.9147431254386902,0.15343894064426422,0.6863518700003624,0.5796457231842643,0.19419466243938696,0.4640104049608011,0.11084771723879439,0.0035057587325665897,0.07864512968692604,0.38536527527387504
id,train_mixed,pre_softmax,5,16,12.0,0.7991825205572375,0.34034187649731645,0.9865575482898378,0.0001400880508121249,0.17561934888362885,0.36303770542144775,0.09908401966094971,0.50205397605896,0.0935933068394661,0,0.9295966029167175,0.14499928057193756,0.6942174062132835,0.5601735464839381,0.18565668309130365,0.4478184874661478,0.09461298495397241,0.0030525728517222005,0.06714486132329733,0.38067362614285044
id,train_mixed,pre_softmax,5,16,16.0,0.7926188981488436,0.5317425924692525,0.9878250789678418,-0.0010606702594849978,0.23706558346748352,0.3742246627807617,0.13443341851234436,0.6537951827049255,0.12803229689598083,0,0.9234932661056519,0.13352499902248383,0.6865027859807014,0.5513641221544552,0.19635565596145396,0.4448615822965548,0.09860650809833227,0.003205689540501285,0.06998626253098297,0.37487531976557187
id,train_mixed,pre_softmax,5,16,24.0,0.32435057090841485,0.19510378560824,0.625434591849657,-0.007779766678851554,0.4753415286540985,0.49249616265296936,0.4353793263435364,0.5183918476104736,0.38566410541534424,0,0.9322195649147034,0.15174558758735657,0.6980773717164993,0.4453161369837674,0.06077519232748767,0.3299538535868834,0.08381419430629666,0.003698063173574935,0.05977935496648014,0.27017449862040327
id,train_mixed,pre_softmax,6,8,0.0,0.8038531183406814,0.8488423434368831,0.9630489308734506,-0.0010385619527921843,0.24069279432296753,0.20460160076618195,0.11298295110464096,0.8855587244033813,0.0833401158452034,0,0.9097747802734375,0.1258038431406021,0.6745834991335868,0.6039828304570971,0.35376871186062214,0.5289185948781546,0.09143749728844153,0.0019093727523536153,0.06457905992761515,0.4643395349505395
id,train_mixed,pre_softmax,6,8,0.5,0.8904270837654503,0.8608060109730279,0.9672059943347255,-0.0024851682437671816,0.1664832979440689,0.19001933932304382,0.10547701269388199,0.8739907145500183,0.07941985130310059,0,0.8718854188919067,0.12279042601585388,0.6471569210290908,0.6637206029414416,0.3657759958260221,0.5743372208068157,0.13268254860101114,0.0016961253939361354,0.09338662163888863,0.4809505991679271
id,train_mixed,pre_softmax,6,8,1.0,0.7849330357785506,0.8641003750272792,0.9693286073127152,-0.0014221055922807222,0.25032198429107666,0.18886013329029083,0.10716581344604492,0.8597075939178467,0.08335396647453308,0,0.8858436942100525,0.12796947360038757,0.6584814280271529,0.6296480020917801,0.3457632498401676,0.5444825764162963,0.11825933824150225,0.0021016714402775547,0.08341203820113484,0.4610705382151614
id,train_mixed,pre_softmax,6,8,2.0,0.7445836458840975,0.7775755153350903,0.9606575892829211,-0.00265836156428558,0.267507940530777,0.2448788732290268,0.11930318921804428,0.7782166004180908,0.09231829643249512,0,0.9145824909210205,0.13167844712734222,0.679711277782917,0.5988008498677249,0.3089142314039829,0.5118348643286023,0.09648008593928936,0.002810444684087256,0.06837919356272873,0.44345567076587356
id,train_mixed,pre_softmax,6,8,3.0,0.24260656499375377,0.0875870736444917,0.9453536930503443,-0.0015855159738795426,0.5146629810333252,0.6004406213760376,0.1258087158203125,0.6489055752754211,0.09557102620601654,0,0.8451181650161743,0.13594889640808105,0.6323673844337463,0.5851405258836684,0.24802752947453927,0.48400662696092966,0.14984601586426738,0.0020429256033526527,0.10550508878599295,0.3785015381749367
id,train_mixed,pre_softmax,6,8,5.0,0.4005957472411422,0.2998314305171545,0.9281541733720521,-0.0003027442697051695,0.3411315679550171,0.3851534128189087,0.11065220832824707,0.5161435604095459,0.07926425337791443,0,0.8730396032333374,0.14806251227855682,0.6555464759469032,0.5077080317275522,0.19227559407014916,0.4130783004303312,0.1338520879544285,0.0012545346413359998,0.09407282196050074,0.3190054784698305
id,train_mixed,pre_softmax,6,8,8.0,0.5260138482596638,0.3048328429304606,0.9446382348091656,-0.0009363962206952121,0.245688334107399,0.32773303985595703,0.09040413796901703,0.4408074915409088,0.0698682889342308,0,0.9051511287689209,0.15240445733070374,0.6793271273374557,0.47064066831464135,0.17986651784882063,0.38340842317489515,0.10572701980067967,0.0019296691343704464,0.0745878146007869,0.30882060857410826
id,train_mixed,pre_softmax,6,8,12.0,0.03446617080278891,0.0843607992725724,0.9117421055291907,-0.0020045498895738477,0.48480409383773804,0.464432030916214,0.12661081552505493,0.498876690864563,0.0905749648809433,0,0.9256836175918579,0.17428067326545715,0.7002627342939376,0.3710235587482288,0.0978251951022194,0.289064049654426,0.08089060389672942,0.0014939544156030535,0.0570716090523915,0.2319924406020345
id,train_mixed,pre_softmax,6,8,16.0,0.6734105352962106,0.40874370219516465,0.9193235884038484,-0.00219011917094711,0.3022817373275757,0.42265784740448,0.1904352456331253,0.6085631847381592,0.15374189615249634,0,0.9292883276939392,0.15264594554901123,0.6962956130504607,0.47297321168074336,0.16927083745718027,0.38186249941367445,0.0780716362664372,0.0017408976641395324,0.0551724146857479,0.32669008472792654
id,train_mixed,pre_softmax,6,8,24.0,0.17193320002694606,0.10170691325609887,0.16212307673770682,-0.0015581621682607021,0.4852735102176666,0.4929162561893463,0.4863411486148834,0.5039850473403931,0.39515477418899536,0,0.968091607093811,0.18062080442905426,0.7318503662943839,0.25107030330299296,0.02791049954067897,0.18412236217429875,0.03484975903730014,0.001660124512376147,0.024892868679822943,0.15922949349447582
id,train_mixed,pre_softmax,6,16,0.0,0.9038852539127666,0.8784434952093702,0.9960120536118415,-0.0023529988898966722,0.16044515371322632,0.18085500597953796,0.08653932064771652,0.8855587244033813,0.0833401158452034,0,0.914923369884491,0.1258038431406021,0.6781875118613242,0.5884636176593022,0.33358777402617257,0.5120008645693633,0.1098009448343179,0.003388181969536033,0.07787711597488334,0.43412374859448
id,train_mixed,pre_softmax,6,16,0.5,0.8997170963506982,0.87391009930696,0.9994016624949636,-0.0015120000942187,0.1591017246246338,0.17960721254348755,0.0798952728509903,0.8739907145500183,0.07941985130310059,0,0.8868893980979919,0.12279042601585388,0.6576597064733505,0.6303235069487064,0.3375717913201457,0.5424979922601382,0.13987985055696883,0.002661575855216515,0.09871436814644313,0.44378362411369504
id,train_mixed,pre_softmax,6,16,1.0,0.9093326111353486,0.8676984219449403,0.9997686093779661,-0.0022948851837641345,0.1537439227104187,0.18606677651405334,0.08353360742330551,0.8597075939178467,0.08335396647453308,0,0.9308948516845703,0.12796947360038757,0.6900172382593154,0.5654844997295698,0.3215158040564496,0.4922938910276337,0.08902750440190099,0.0030977146071086174,0.06324856746346327,0.42904532356417047
id,train_mixed,pre_softmax,6,16,2.0,0.9155557210520059,0.8371131988768333,0.9996422539318828,-0.00476586326926593,0.15023848414421082,0.20404207706451416,0.0925636738538742,0.7782166004180908,0.09231829643249512,0,0.9043712615966797,0.13167844712734222,0.6725634172558783,0.5961618620815605,0.28973879074843845,0.5042349406816239,0.11491054939145195,0.0038660579871814685,0.0815972019701708,0.4226377387114531
id,train_mixed,pre_softmax,6,16,3.0,0.8790597843955724,0.7979614340662902,0.9990034645931549,-0.003151534808600705,0.16249142587184906,0.207365944981575,0.09612244367599487,0.6489055752754211,0.09557102620601654,0,0.916287362575531,0.13594889640808105,0.6821858227252959,0.5774599956744488,0.2562088732625427,0.48108465895087693,0.09569836746356764,0.0027378357724679126,0.06781020795623771,0.4132744509946392
id,train_mixed,pre_softmax,6,16,5.0,0.9055527583052242,0.5873267483157548,1.0,-0.0017976378988892804,0.12052629888057709,0.25955265760421753,0.07926425337791443,0.5161435604095459,0.07926425337791443,0,0.9111844897270203,0.14806251227855682,0.6822478964924812,0.5517610581126465,0.2285238389435495,0.4547898923619174,0.10729137399292787,0.0041383359194308,0.07634546257087875,0.37844442979103865
id,train_mixed,pre_softmax,6,16,8.0,0.8551959053574578,0.4348746973508965,1.0,-0.0022937891120418967,0.12358180433511734,0.2794954180717468,0.0698682889342308,0.4408074915409088,0.0698682889342308,0,0.8914914727210999,0.15240445733070374,0.669765368103981,0.5048111702883067,0.20886223094078016,0.41602648848404866,0.12189717260010269,0.003188766972437459,0.08628465091180311,0.32974183757224557
id,train_mixed,pre_softmax,6,16,12.0,0.7168977103292931,0.15614818107516734,0.995325551405413,-0.0021669547071211594,0.2061661183834076,0.4351211190223694,0.09248355031013489,0.498876690864563,0.0905749648809433,0,0.960982620716095,0.17428067326545715,0.7249720364809036,0.49989410030881354,0.18273501701768366,0.40474637532147456,0.05154027401068373,0.0037555072778890737,0.03720484399084533,0.3675415313306292
id,train_mixed,pre_softmax,6,16,16.0,0.7904725491390953,0.6923962422524469,0.9864194788507117,-0.0013950346203166577,0.2490394413471222,0.2936466336250305,0.15991860628128052,0.6085631847381592,0.15374189615249634,0,0.9442545771598816,0.15264594554901123,0.7067719876766204,0.49158824118105693,0.17721828675649,0.3972772548536868,0.060656214419666954,0.0033470551740301057,0.0434634666459759,0.3538137882077109
id,train_mixed,pre_softmax,6,16,24.0,0.3848772830909556,0.11603269456899701,0.5994619548280846,-0.01857197860306517,0.46209874749183655,0.4913571774959564,0.4387454390525818,0.5039850473403931,0.39515477418899536,0,0.9195621013641357,0.18062080442905426,0.6978797122836112,0.36984731207142774,0.04553251348382647,0.27255287249514737,0.09042159576979492,0.0032553300211874718,0.06427171604521269,0.20828115644993467
id,train_mixed,pre_softmax,7,8,0.0,0.7972327739171488,0.0757641687810126,0.9914582065687922,-0.0023965258475472538,0.27155637741088867,0.8316375017166138,0.12077781558036804,0.8904537558555603,0.11414676159620285,0,0.8582698106765747,0.14363132417201996,0.6438782647252083,0.6891868766404017,0.3815990842762712,0.5969105389311625,0.1497094616394823,0.0018120343917830892,0.10534023346517253,0.49157030546599
id,train_mixed,pre_softmax,7,8,0.5,0.9004229807396653,0.00720958631155146,0.9914485221043225,-0.00187087953597102,0.18745404481887817,0.8700242638587952,0.1178947165608406,0.8755336403846741,0.11135990172624588,0,0.9142131209373474,0.13871896266937256,0.6815648734569549,0.6503498117501125,0.3733518173318827,0.5672504134246436,0.09537555602789805,0.001577975064291985,0.06723628173881623,0.5000141316858273
id,train_mixed,pre_softmax,7,8,1.0,0.7874426604384169,0.08648602687023206,0.9844929137855805,-0.0006316778881731579,0.2686666250228882,0.7978666424751282,0.1198999360203743,0.8631608486175537,0.108192577958107,0,0.9273564219474792,0.13862968981266022,0.6907384023070334,0.6152431938759134,0.3558331677928645,0.5374201860509987,0.07962108529561052,0.002682518122226225,0.056539515143595225,0.4808806709074035
id,train_mixed,pre_softmax,7,8,2.0,0.8576286829155465,0.10291987881193297,0.9739378592245802,-0.0017482240036096992,0.21589607000350952,0.7179660201072693,0.13852140307426453,0.7864334583282471,0.12118356674909592,0,0.8985486030578613,0.1397773176431656,0.6709172174334526,0.6394550547832554,0.33605070841056894,0.5484337508714494,0.11117067199333952,0.0017306986795702542,0.07833867999920872,0.4700950708722407
id,train_mixed,pre_softmax,7,8,3.0,0.7821510525513743,0.18592099598431922,0.9657741420357978,-0.0008724744471187275,0.23726044595241547,0.5573365688323975,0.1386854648590088,0.6571451425552368,0.12031188607215881,0,0.9342625737190247,0.14325858652591705,0.6969613775610923,0.624549576406952,0.2698896656573407,0.5181516031820685,0.07878261254510399,0.0020221153560952554,0.055754463388401364,0.4623971397936672
id,train_mixed,pre_softmax,7,8,5.0,0.7465038610841008,0.5977575610529924,0.9588147673433098,-0.00010053071299574478,0.21307913959026337,0.2747251093387604,0.1250896453857422,0.5224579572677612,0.10802096128463745,0,0.9068572521209717,0.15032437443733215,0.6798973888158798,0.5373055866742134,0.19999519736306112,0.43611246988086766,0.10146110480112824,0.001236234876565953,0.07139364382375955,0.3647188260571081
id,train_mixed,pre_softmax,7,8,8.0,0.5473100838327941,0.5303426638022601,0.91723432708928,-0.000513095294818641,0.2618309259414673,0.26766523718833923,0.13463108241558075,0.4500255584716797,0.10617179423570633,0,0.9667670130729675,0.1551026552915573,0.7232677057385444,0.5015174015546449,0.17883870322437379,0.4047137920555635,0.028862813650564645,0.0024122247022710518,0.020927636966076565,0.38378615508948694
id,train_mixed,pre_softmax,7,8,12.0,0.2783161363319124,0.20012289060172628,0.9742654856531092,0.0005829448113638759,0.3887183368206024,0.41571366786956787,0.14844971895217896,0.48480382561683655,0.13956516981124878,0,0.9300904273986816,0.16053259372711182,0.6992230772972107,0.5347391182391628,0.1476658714671533,0.41861714420755985,0.07958772066134312,0.001592295799701355,0.056189093202850586,0.36242805100470926
id,train_mixed,pre_softmax,7,8,16.0,0.761329055950458,0.6055638056517518,0.9409627886937326,-0.0013472004042958407,0.2642655670642853,0.33951467275619507,0.17748576402664185,0.632058322429657,0.14896529912948608,0,0.889342725276947,0.16678135097026825,0.6725743129849434,0.4825554543837659,0.15036685394176977,0.38289887425116703,0.11206842143084339,0.001255455430137596,0.07882453163063165,0.3040743426205354
id,train_mixed,pre_softmax,7,8,24.0,0.35199761621634107,0.0791637429218177,0.405585064391617,-0.0009562261618984989,0.47938060760498047,0.5177475214004517,0.47184494137763977,0.5288798213005066,0.38825610280036926,0,0.9325618147850037,0.21849499642848969,0.7183417692780494,0.3910587349880419,0.05531071979574516,0.29033433043035284,0.07386327812737448,0.0019234506854966023,0.05228132989481111,0.23805300053554174
id,train_mixed,pre_softmax,7,16,0.0,0.9296602714618528,0.8800503129921071,1.0,-0.0019053658870577211,0.16875198483467102,0.20726454257965088,0.11414676159620285,0.8904537558555603,0.11414676159620285,0,0.9687931537628174,0.14363132417201996,0.7212446048855781,0.5668631556545487,0.33229929418214205,0.4964939972128267,0.043893409405370676,0.003715047714980051,0.03183990089825349,0.4646540963145732
id,train_mixed,pre_softmax,7,16,0.5,0.9315274255088665,0.8852281099182286,1.0,-0.0017829748733745327,0.16368484497070312,0.19906556606292725,0.11135990172624588,0.8755336403846741,0.11135990172624588,0,0.8821428418159485,0.13871896266937256,0.6591156780719757,0.6408351725607667,0.3497142090749425,0.5534988835150194,0.13346008216556193,0.004120027286690255,0.09465806570190043,0.458840817813119
id,train_mixed,pre_softmax,7,16,1.0,0.9327300550282549,0.9057376677889456,1.0,-0.0024888945662615678,0.15897925198078156,0.179357647895813,0.108192577958107,0.8631608486175537,0.108192577958107,0,0.8638542294502258,0.13862968981266022,0.646286867558956,0.6617131569470769,0.3506824044118957,0.5684039311865224,0.1476158881667543,0.003454575638417073,0.10436749440825313,0.46403643677826933
id,train_mixed,pre_softmax,7,16,2.0,0.9058417478055839,0.8700829421950544,1.0,-0.002933686887566235,0.18382233381271362,0.2076108753681183,0.12118356674909592,0.7864334583282471,0.12118356674909592,0,0.9223435521125793,0.1397773176431656,0.6875736817717552,0.5981488206426413,0.3129268073895505,0.512582216666714,0.09028684736284387,0.003701079028182521,0.06431111686244545,0.44827109980426855
id,train_mixed,pre_softmax,7,16,3.0,0.8196627905137002,0.7043704496746402,0.9947006864712888,-0.0029340811579994263,0.2171228975057602,0.2790156602859497,0.12315673381090164,0.6571451425552368,0.12031188607215881,0,0.9291479587554932,0.14325858652591705,0.6933811470866202,0.5871220239955841,0.2635393748396268,0.4900472292487969,0.08091379289082079,0.002618668852935746,0.05742525567945527,0.4326219735693416
id,train_mixed,pre_softmax,7,16,5.0,0.8454659210231295,0.6339800425680693,0.9922280338594345,-0.0017459840568931925,0.1720656007528305,0.25971317291259766,0.11124195158481598,0.5224579572677612,0.10802096128463745,0,0.8991578221321106,0.15032437443733215,0.674507787823677,0.6028769246844989,0.24536053249280554,0.4956220070269909,0.10934863046254872,0.0041967272228250535,0.07780305949063163,0.4178189475363593
id,train_mixed,pre_softmax,7,16,8.0,0.7758635726413688,0.5296826603106987,0.9932780616161145,-0.0033238521209957577,0.18324194848537445,0.26789218187332153,0.10848315805196762,0.4500255584716797,0.10617179423570633,0,0.9658635258674622,0.1551026552915573,0.7226352646946906,0.5132665253353258,0.19656538112305869,0.41825618207164567,0.04424253418662216,0.0032930030385117533,0.03195767484218904,0.38629850722945663
id,train_mixed,pre_softmax,7,16,12.0,0.7578567416363217,0.3013563976790285,1.0,-0.004115833801424292,0.22316238284111023,0.3807639479637146,0.13956516981124878,0.48480382561683655,0.13956516981124878,0,0.938228964805603,0.16053259372711182,0.7049200534820557,0.517242162283996,0.16501363036644764,0.4115736027087315,0.07731608781742172,0.0034730103912045643,0.05516316458955657,0.35641043811917494
id,train_mixed,pre_softmax,7,16,16.0,0.8437208357454378,0.6082400694093836,0.9839339966805495,-0.0012000065145325897,0.22446267306804657,0.33822178840637207,0.15672667324543,0.632058322429657,0.14896529912948608,0,0.9409599900245667,0.16678135097026825,0.7087063983082771,0.4986266311676174,0.20063085938109113,0.4092278996316595,0.06368104528304197,0.0038090580642648466,0.04571944911740883,0.3635084505142507
id,train_mixed,pre_softmax,7,16,24.0,0.5650722287720229,0.24188240918977422,0.6405774317486159,-0.004464508051097911,0.44941726326942444,0.49486541748046875,0.4387994408607483,0.5288798213005066,0.38825610280036926,0,0.9461585283279419,0.21849499642848969,0.7278594687581061,0.40651289534814794,0.060369916063899895,0.3026700015628735,0.06648161076969195,0.0039058444480087663,0.04770888087318699,0.2549611206896865
id,train_mixed,pre_softmax,8,8,0.0,0.7780187684724389,0.8382090037485793,0.9866555548396394,-0.0007474089899073969,0.25415822863578796,0.20586949586868286,0.08677549660205841,0.8783382177352905,0.0760696679353714,0,0.8251622319221497,0.11471391469240189,0.6120277367532253,0.650129043353955,0.3274994928649405,0.5533401782072507,0.18713844723960738,0.0022869174426754374,0.13168298830052777,0.4216571899067229
id,train_mixed,pre_softmax,8,8,0.5,0.8287288159229828,0.857066234595522,0.9891462560027056,-0.0006704196741369355,0.21339061856269836,0.19045418500900269,0.08354802429676056,0.8841674327850342,0.07476295530796051,0,0.8765057325363159,0.11304936558008194,0.6474688224494457,0.651503213398124,0.3808726461841865,0.5703140432339427,0.13437216349063763,0.0024990972913164857,0.09481024363084128,0.47550379960310146
id,train_mixed,pre_softmax,8,8,1.0,0.8327320236239885,0.8682034382673761,0.9921495804225814,-0.0003658537251898375,0.21534375846385956,0.18729837238788605,0.08930066227912903,0.8737412691116333,0.08309374749660492,0,0.8668127655982971,0.11382210999727249,0.6409155689179897,0.5971441696557387,0.2977155410177723,0.5073155810643488,0.14887614836850172,0.001500601928580217,0.10466348443652526,0.40265209662782353
id,train_mixed,pre_softmax,8,8,2.0,0.7764181279377121,0.8344374956426537,0.9915027766516817,-0.0005089380469276512,0.2468242347240448,0.20664551854133606,0.09787698835134506,0.784497857093811,0.09199261665344238,0,0.9062921404838562,0.11520656943321228,0.668966469168663,0.5806659099372948,0.31937400274413713,0.5022783377793475,0.09704854592794121,0.0011701572021670212,0.06828502931020895,0.43399330846913853
id,train_mixed,pre_softmax,8,8,3.0,0.7568291678733324,0.6033173867054596,0.9856557177479515,-0.0007485553527716449,0.22914491593837738,0.311470627784729,0.10642919689416885,0.6350193023681641,0.09873660653829575,0,0.9078806042671204,0.12238945811986923,0.672233260422945,0.517385610146703,0.23747695474291822,0.43341301352556755,0.10921952881930097,0.001860787551734115,0.07701190643903091,0.3564011070865366
id,train_mixed,pre_softmax,8,8,5.0,0.5297889501689586,0.5552185648684619,0.9471347038545067,-0.0004164464891399727,0.293935626745224,0.2823287546634674,0.10344596207141876,0.5357478857040405,0.07931658625602722,0,0.9129337072372437,0.14542178809642792,0.6826801314949988,0.4798970612218292,0.2108274838293195,0.3991761880040762,0.08525328780116637,0.0019275603679814663,0.060255569571210886,0.33892061843286536
id,train_mixed,pre_softmax,8,8,8.0,0.4151075022752364,0.35381483012743925,0.9572255751260877,-0.0013891199528808986,0.3026076555252075,0.32558560371398926,0.09937355667352676,0.45822688937187195,0.08333789557218552,0,0.9288753271102905,0.15848161280155182,0.6977572128176688,0.38611801739405516,0.12832380389978557,0.3087797533457743,0.0803878412807072,0.0018684528493131147,0.05683202475128896,0.25194772859448533
id,train_mixed,pre_softmax,8,8,12.0,0.1675786150996754,0.1439100466495488,0.9740954396340554,-0.0012170567176929728,0.4094806909561157,0.417697936296463,0.1294744610786438,0.4676605761051178,0.12048092484474182,0,0.9411829710006714,0.15029825270175934,0.7039175555109978,0.39595164140508887,0.114083503100581,0.3113911999137365,0.06110927404958977,0.0020331448841519194,0.043386435299958406,0.2680047646137781
id,train_mixed,pre_softmax,8,8,16.0,0.23820145907602303,0.3608793919835036,0.9122191241366171,-0.00011313263540609701,0.5175203084945679,0.4596731960773468,0.19969643652439117,0.6298409700393677,0.15830455720424652,0,0.8917750716209412,0.14240692555904388,0.666964627802372,0.513612310786773,0.2139258581642589,0.4237063750000188,0.11247447246953057,0.002090363891999813,0.07935923989627135,0.3443471351037474
id,train_mixed,pre_softmax,8,8,24.0,0.19113962785647304,0.16754947929519767,0.4271220571541385,0.00010858299195498741,0.4808768033981323,0.4837256669998169,0.45237839221954346,0.5039597749710083,0.38319480419158936,0,0.9195284843444824,0.18423734605312347,0.6989411428570748,0.3229144505295233,0.022470852084554856,0.23278137099603274,0.10307682447843403,0.0017632345418739678,0.072682747497466,0.16009862349856674
id,train_mixed,pre_softmax,8,16,0.0,0.9668074348843599,0.8781318066526496,1.0,-0.000708404047591156,0.10269901901483536,0.1738406866788864,0.0760696679353714,0.8783382177352905,0.0760696679353714,0,0.9237829446792603,0.11471391469240189,0.6810622356832027,0.5874782430611838,0.3335778018872883,0.511308110709015,0.09295180452928853,0.0032024462915566307,0.06602699705796897,0.44528111365104606
id,train_mixed,pre_softmax,8,16,0.5,0.9528369258820453,0.8991963561394645,1.0,-0.0006441301504476906,0.11293695867061615,0.1563538759946823,0.07476295530796051,0.8841674327850342,0.07476295530796051,0,0.9457464218139648,0.11304936558008194,0.6959373049437999,0.5576979422160935,0.35207857930852593,0.49601213334382316,0.0647398564730789,0.004071487777357833,0.04653934586436258,0.44947278747946057
id,train_mixed,pre_softmax,8,16,1.0,0.9527354190601687,0.9026523019261203,1.0,-0.0013034434182015847,0.12046337127685547,0.16006146371364594,0.08309374749660492,0.8737412691116333,0.08309374749660492,0,0.8956243991851807,0.11382210999727249,0.6610837124288081,0.5800072307163779,0.33070343469414176,0.5052160919097071,0.11921871479556534,0.003767355277317549,0.084583306940091,0.4206327849696161
id,train_mixed,pre_softmax,8,16,2.0,0.9340313264149434,0.8683661177916582,0.9990132063096956,-0.0010665923012899467,0.13767626881599426,0.1831497699022293,0.09267597645521164,0.784497857093811,0.09199261665344238,0,0.9030431509017944,0.11520656943321228,0.6666921764612198,0.5649333813248799,0.3118018167299945,0.48899391194641423,0.11318814314306092,0.002979502275756232,0.0801255508828695,0.40886836106354474
id,train_mixed,pre_softmax,8,16,3.0,0.8868187502001462,0.7110872954054637,0.99832448915925,-0.0010558687232859135,0.1594337522983551,0.2536754906177521,0.09963515400886536,0.6350193023681641,0.09873660653829575,0,0.8912637233734131,0.12238945811986923,0.6606014437973499,0.539926888911114,0.25549820413685476,0.4545982834788362,0.12312186105689682,0.00359732501659784,0.08726450024480713,0.36733378323402904
id,train_mixed,pre_softmax,8,16,5.0,0.8216404021783977,0.5749229218141632,0.9963637816135806,-0.0019261792771447467,0.16072548925876617,0.2733350694179535,0.08097627013921738,0.5357478857040405,0.07931658625602722,0,0.8679841160774231,0.14542178809642792,0.6512154176831244,0.5461626358660977,0.2471580905479055,0.45646127227064004,0.14503313870742207,0.0028463709855768094,0.10237710839086848,0.35408416387977154
id,train_mixed,pre_softmax,8,16,8.0,0.832770932796155,0.3876443607276774,0.9937232033810451,-0.00164660876639705,0.1460302323102951,0.3129032850265503,0.08569099754095078,0.45822688937187195,0.08333789557218552,0,0.9484680891036987,0.15848161280155182,0.7114721462130545,0.44564556975149505,0.18327781207669852,0.36693524244905606,0.06780794097314591,0.0035935120632556976,0.04854361230017885,0.3183916301488772
id,train_mixed,pre_softmax,8,16,12.0,0.7658212652033373,0.185839702179062,0.9959659351164041,-0.002174701289747057,0.20178301632404327,0.4031408131122589,0.12188147008419037,0.4676605761051178,0.12048092484474182,0,0.955337643623352,0.15029825270175934,0.7138258263468742,0.41983054390036034,0.14627185785916344,0.33776293808800123,0.05137413876995023,0.0035197284290024865,0.037017815667665904,0.30074512242033535
id,train_mixed,pre_softmax,8,16,16.0,0.8251047195806963,0.6514461558336322,0.9873980040558998,-0.0005009437252674441,0.24077405035495758,0.3226603865623474,0.16424685716629028,0.6298409700393677,0.15830455720424652,0,0.9476435780525208,0.14240692555904388,0.7060725823044777,0.44514140261049073,0.1993693065283402,0.3714097737858455,0.0645434522857935,0.003526302874977445,0.046238307462548686,0.3251714663232968
id,train_mixed,pre_softmax,8,16,24.0,0.3504664133063521,0.27350328216771136,0.9102337002122304,-0.009205863481565569,0.4616357088088989,0.47093015909194946,0.3940354287624359,0.5039597749710083,0.38319480419158936,0,0.9763912558555603,0.18423734605312347,0.7387450829148292,0.35052093366337045,0.04591939982249893,0.25914047351110897,0.031902091056612236,0.0039934141341919464,0.023529487979886146,0.23561098553122284
id,train_mixed,pre_softmax,9,8,0.0,0.8604353434242097,0.6794360584404623,0.9373776583149445,-0.000513694683517356,0.19973717629909515,0.34490007162094116,0.1380288153886795,0.8898133039474487,0.08780518919229507,0,0.8613167405128479,0.13722333312034607,0.6440887182950973,0.6600505791633546,0.38324017405775207,0.5770074576316738,0.14734062993404828,0.0017250179309803075,0.10365594633312789,0.4733515112985459
id,train_mixed,pre_softmax,9,8,0.5,0.862682144329112,0.687690636934292,0.937640523887006,-0.0002930235604107942,0.19561509788036346,0.33425939083099365,0.13622620701789856,0.8791108727455139,0.08681932091712952,0,0.8792599439620972,0.14436964690685272,0.6587928548455237,0.5983905852540916,0.3466865589558684,0.5228793773646246,0.13215507781081492,0.002101775313739619,0.09313908706169233,0.4297402903029323
id,train_mixed,pre_softmax,9,8,1.0,0.5929315809834846,0.6581970422268627,0.9444092255087687,-0.00017136873893174295,0.4074215292930603,0.35623231530189514,0.1317494660615921,0.8724715113639832,0.088148333132267,0,0.8934508562088013,0.14803896844387054,0.669827289879322,0.5848433111992022,0.33669849327883683,0.5103998658230926,0.11337858526511635,0.0016095689330005393,0.0798478803654816,0.430551985457611
id,train_mixed,pre_softmax,9,8,2.0,0.5192086327785114,0.5134406863453416,0.9371814110772144,-0.0004958347173127009,0.43574002385139465,0.43986210227012634,0.13703465461730957,0.8067938685417175,0.09214118123054504,0,0.8938732147216797,0.15531237423419952,0.6723049625754356,0.5535444178788809,0.2917087136272698,0.4749937066033975,0.1105326736861888,0.0018665185300973013,0.07793282713936134,0.3970608794640362
id,train_mixed,pre_softmax,9,8,3.0,0.5451612848892755,0.38971122758709376,0.8853863130430264,-0.0007454528905483568,0.35465025901794434,0.4419793486595154,0.16351786255836487,0.6609122157096863,0.09912992268800735,0,0.7553390264511108,0.1593782603740692,0.5765507966279984,0.49836220784191576,0.1714458478754117,0.4002872998519645,0.26323033663224793,0.002000641731035835,0.1848614281618843,0.21542587169008018
id,train_mixed,pre_softmax,9,8,5.0,0.6007184696949217,0.4339574947644626,0.9489375449567713,-0.000501023571272074,0.267694354057312,0.34117743372917175,0.11425191909074783,0.5324004292488098,0.09175129234790802,0,0.9382912516593933,0.1779506951570511,0.7101890847086907,0.4613458659487609,0.23980426236001995,0.3948833848721386,0.07074454473662839,0.0017755509052196626,0.05005384658720577,0.3448295382849328
id,train_mixed,pre_softmax,9,8,8.0,0.46977150853856275,0.3209032598633031,0.8361207262256709,-0.0006616122121879046,0.27491506934165955,0.32814547419548035,0.14392060041427612,0.4428899586200714,0.08532274514436722,0,0.9420972466468811,0.18319787085056305,0.7144274339079856,0.48060775086274454,0.20042199884804648,0.3965520252583351,0.0639829894904067,0.002298570304683186,0.045477663734689644,0.35107436152364546
id,train_mixed,pre_softmax,9,8,12.0,0.28955661114832004,0.11154697170500756,0.7416080147660549,-0.00010208245804920985,0.3691181540489197,0.4351704716682434,0.20137980580329895,0.47656112909317017,0.10550078749656677,0,0.9378626346588135,0.1853509098291397,0.7121091172099113,0.4446435988275683,0.13170344299568262,0.3507615520780026,0.0877242772012129,0.0022584188988594837,0.06208451971050687,0.2886770323674957
id,train_mixed,pre_softmax,9,8,16.0,0.4540552739166775,0.4686714907149303,0.8927772000948329,-0.0005682001996124602,0.4200241267681122,0.4128071069717407,0.20339728891849518,0.64422208070755,0.1504541039466858,0,0.9443709254264832,0.17203493416309357,0.7126701280474663,0.4666964181997537,0.1736885371246537,0.37879405387722365,0.07489230765503696,0.0028154956941793853,0.05326926406677968,0.32552478981044397
id,train_mixed,pre_softmax,9,8,24.0,0.1158024960088202,0.16228200387386477,0.27984669404518336,-0.00264082258339081,0.5127020478248596,0.5062492489814758,0.48992761969566345,0.5287790298461914,0.3899479806423187,0,0.9476379156112671,0.18975672125816345,0.7202735573053359,0.3090231251815828,0.031643998851858444,0.2258093872826655,0.06346618162456397,0.001882279676074708,0.04499101104001718,0.18081837624264832
id,train_mixed,pre_softmax,9,16,0.0,0.8599397640588502,0.7796832191964552,0.998229650340823,-0.0017695414372899663,0.20013463497161865,0.26450103521347046,0.08922502398490906,0.8898133039474487,0.08780518919229507,0,0.9085555076599121,0.13722333312034607,0.6771558552980422,0.5762982098722078,0.340744973702415,0.50563223902127,0.11311651236897657,0.003268283727996773,0.08016204377668262,0.42547019524458735
id,train_mixed,pre_softmax,9,16,0.5,0.9472811871012609,0.7753165303317189,0.9992163124372929,-0.0020246837179295775,0.1285879909992218,0.26483413577079773,0.08744022995233536,0.8791108727455139,0.08681932091712952,0,0.883270800113678,0.14436964690685272,0.6616004541516304,0.5794300569400823,0.34203020112154997,0.5082101001945226,0.1339460191455748,0.0031317847508424623,0.0947017488271551,0.4135083513673675
id,train_mixed,pre_softmax,9,16,1.0,0.9535122683250676,0.7644305373583138,1.0,-0.0013134216917770791,0.12460973858833313,0.2729109227657318,0.088148333132267,0.8724715113639832,0.088148333132267,0,0.8893203735351562,0.14803896844387054,0.6669359520077706,0.5911840822263128,0.3332498051442617,0.5138037991016975,0.12781698742545144,0.004465075418648764,0.09081141382341064,0.42299238527828686
id,train_mixed,pre_softmax,9,16,2.0,0.9257783385283384,0.6917432260074275,1.0,-0.0008410424372382299,0.14518389105796814,0.3124377131462097,0.09214118123054504,0.8067938685417175,0.09214118123054504,0,0.8815311193466187,0.15531237423419952,0.6636654958128929,0.5596146888599594,0.2871083981297661,0.47786280164090134,0.13370601735629573,0.0028160075376121897,0.09443901441069065,0.3834237872302107
id,train_mixed,pre_softmax,9,16,3.0,0.9100190165552265,0.603147779868536,1.0,-0.0011510700839110623,0.14967964589595795,0.3220744729042053,0.09912992268800735,0.6609122157096863,0.09912992268800735,0,0.8913314938545227,0.1593782603740692,0.6717455238103867,0.5540034109102585,0.2591656046433841,0.4655520690301962,0.12152551809158818,0.003530074348884472,0.08612688496877706,0.3794251840614191
id,train_mixed,pre_softmax,9,16,5.0,0.8620475760702133,0.5159042689230492,1.0,-0.0019526933787482885,0.1525399088859558,0.30506765842437744,0.09175129234790802,0.5324004292488098,0.09175129234790802,0,0.8878625631332397,0.1779506951570511,0.6748890027403831,0.5250125534282912,0.2446214688919145,0.4408952280673782,0.1259585429002279,0.003070857316618444,0.08909223722514506,0.3518029908422331
id,train_mixed,pre_softmax,9,16,8.0,0.7540805618719625,0.34484740422328714,0.9989424456343731,-0.0018509806006889627,0.17325547337532043,0.31958383321762085,0.08570089191198349,0.4428899586200714,0.08532274514436722,0,0.9305506348609924,0.18319787085056305,0.7063448056578635,0.4836852084172837,0.19613354658336962,0.39741970986710945,0.08677040409197745,0.0037955156923114805,0.06187793757207765,0.3355417722950318
id,train_mixed,pre_softmax,9,16,12.0,0.7432549477664704,0.1263050752330046,0.9928978197965916,-0.000753209513442557,0.20076869428157806,0.4296943247318268,0.1081361249089241,0.47656112909317017,0.10550078749656677,0,0.9405547976493835,0.1853509098291397,0.7139936313033104,0.4561484212526987,0.16063558007745485,0.36749456890012555,0.0753075884293204,0.0036682323027793723,0.05381578159135809,0.31367878730876747
id,train_mixed,pre_softmax,9,16,16.0,0.7853992225060876,0.6579312877321388,0.9847307513279733,-0.0015298069109175075,0.25641709566116333,0.31935667991638184,0.15799356997013092,0.64422208070755,0.1504541039466858,0,0.9014901518821716,0.17203493416309357,0.6826535865664483,0.501773569713105,0.17480645683917176,0.40368343585092503,0.1246200879198881,0.0037103649777049503,0.08834717103723315,0.31533626481369187
id,train_mixed,pre_softmax,9,16,24.0,0.3109479505503717,0.18313681723562847,0.5595965736711577,-0.0048943874899455755,0.4856097996234894,0.5033539533615112,0.45108965039253235,0.5287790298461914,0.3899479806423187,0,0.9650883078575134,0.18975672125816345,0.7324888318777084,0.3658535739487543,0.047985406164184445,0.27049312361338335,0.0486086577440763,0.003202710910125848,0.03498687369389116,0.23550624991949218
id,train_mixed,pre_softmax,10,8,0.0,0.7917045877706285,0.7825953899689123,0.9883878161355982,-0.00028983861369410904,0.2596147954463959,0.2669917941093445,0.10033272206783295,0.9007693529129028,0.09092870354652405,0,0.8832578063011169,0.11267935484647751,0.652084270864725,0.5683754277673605,0.3098435905825014,0.49081587661190273,0.11917205016963117,0.0020705352910992845,0.0840415957060716,0.4067742809058311
id,train_mixed,pre_softmax,10,8,0.5,0.7948831534016981,0.8124016510058709,0.9927391026515828,-0.000794668522601869,0.2529650926589966,0.23870570957660675,0.0919179618358612,0.8999693989753723,0.08600787073373795,0,0.8822778463363647,0.11162771284580231,0.651082806289196,0.6005580539391405,0.3496698777000559,0.5252916010674151,0.12067328672901267,0.0023638365396122063,0.08518045167219253,0.4401111493952226
id,train_mixed,pre_softmax,10,8,1.0,0.8578787692959439,0.8711342953808776,0.9948958950008272,-0.0010560718299534534,0.20370572805404663,0.19296690821647644,0.09270279854536057,0.89870685338974,0.08856776356697083,0,0.9295341372489929,0.11161012202501297,0.6841569326817989,0.5707157103527514,0.3318581485538842,0.4990584418130912,0.07852177219129541,0.0015262857746276184,0.05542312626629507,0.44363531554679614
id,train_mixed,pre_softmax,10,8,2.0,0.8263943183286125,0.5234658296352938,0.9963831902504856,-0.0006385101270769174,0.22110740840435028,0.43228933215141296,0.1026022881269455,0.797215461730957,0.10008088499307632,0,0.9275858998298645,0.11465414613485336,0.6837063737213611,0.552237464387424,0.2927353889290154,0.4743868417499014,0.07940243801881353,0.0013419933270512631,0.05598430461128484,0.4184025371386166
id,train_mixed,pre_softmax,10,8,3.0,0.6453762721367969,0.34994205667039946,0.9921941199839721,-0.002420814814067217,0.29866278171539307,0.4620172679424286,0.10689673572778702,0.6555107831954956,0.10258062928915024,0,0.9218369126319885,0.11269328743219376,0.67909382507205,0.5441477157923642,0.24596890281915823,0.4546940719004024,0.08065922990376873,0.0017899896802384475,0.056998457836709635,0.39769561406369275
id,train_mixed,pre_softmax,10,8,5.0,0.8038821766464559,0.4201786556111544,0.9962560698229598,-0.00017425777080746694,0.17438390851020813,0.34841516613960266,0.08713146299123764,0.5389899611473083,0.08543337881565094,0,0.8991665244102478,0.12173689901828766,0.6659376367926597,0.5045149445040831,0.20342193806852135,0.41418704257341454,0.10678070017496577,0.0011791159175415984,0.0751002248977385,0.33908681767567606
id,train_mixed,pre_softmax,10,8,8.0,0.7027395290164554,0.4667928537367903,0.9609287217570358,-0.00015089618931366316,0.18880584836006165,0.27771860361099243,0.09151135385036469,0.45362207293510437,0.07678796350955963,0,0.8967134952545166,0.13986457884311676,0.6696588203310966,0.4613406491416847,0.15083510819033308,0.3681889868562792,0.1099736154157841,0.0018642504981671577,0.077540805940499,0.2906481809157802
id,train_mixed,pre_softmax,10,8,12.0,0.270415552232618,0.2712260186011472,0.973878081968415,0.0003701174516579998,0.38914647698402405,0.3888407349586487,0.1237708032131195,0.4911586046218872,0.11391651630401611,0,0.8591405749320984,0.15886357426643372,0.6490574747323989,0.4112108594304418,0.06974994760556892,0.3087725858829799,0.1526573016028212,0.0023588251407211567,0.10756775866419119,0.2012048272187887
id,train_mixed,pre_softmax,10,8,16.0,0.6287655165294788,0.6937547908196404,0.921110620518799,-0.00198366435933519,0.3368646502494812,0.30557718873023987,0.196122407913208,0.6395680904388428,0.15814308822155,0,0.9407082796096802,0.14776724576950073,0.7028259694576263,0.346653674448519,0.13829708325755496,0.2841466970912298,0.06410463855211701,0.002028237686071322,0.0454817182923033,0.2386649787989265
id,train_mixed,pre_softmax,10,8,24.0,0.14674317205859683,0.04180826401728934,0.6081458754085518,-0.0002389985524347311,0.49543535709381104,0.5083371996879578,0.4387054741382599,0.5134775638580322,0.3905266523361206,0,0.942052960395813,0.17444057762622833,0.7117692455649376,0.28999760175743483,0.032619513470439225,0.21278417527133614,0.061624763381775916,0.0023501700528773214,0.043842385383106336,0.1689417898882298
id,train_mixed,pre_softmax,10,16,0.0,0.9386355056055399,0.9578043039562124,0.9977799525078308,-0.0038698386159021227,0.14062416553497314,0.1251004934310913,0.09272658824920654,0.9007693529129028,0.09092870354652405,0,0.9210527539253235,0.11267935484647751,0.6785407342016696,0.5479092056769349,0.3151442061979368,0.47807970583323545,0.08789284886283366,0.003321528981822774,0.0625214528985304,0.41555825293470505
id,train_mixed,pre_softmax,10,16,0.5,0.930680448561163,0.9498522294220547,0.9988511558744558,-0.002523651059199061,0.1424313187599182,0.1268262267112732,0.08694298565387726,0.8999693989753723,0.08600787073373795,0,0.9211512804031372,0.11162771284580231,0.6782942101359367,0.5645944895113548,0.3339847269016447,0.4954115607284418,0.09553790765031267,0.0029658742593826766,0.06776629763303367,0.4276452630954081
id,train_mixed,pre_softmax,10,16,1.0,0.9334746481143132,0.939351944618987,1.0,-0.0022275066687801838,0.14246255159378052,0.1377011239528656,0.08856776356697083,0.89870685338974,0.08856776356697083,0,0.9479755759239197,0.11161012202501297,0.6970659397542476,0.5591966850270373,0.3251663433665819,0.4889875825289007,0.06457071153595528,0.00269682478351935,0.0460085455102245,0.4429790370186762
id,train_mixed,pre_softmax,10,16,2.0,0.9058841053033415,0.9016055830049859,0.9997260703490374,-0.0015741309520103273,0.16569232940673828,0.168675035238266,0.10027185082435608,0.797215461730957,0.10008088499307632,0,0.9084672331809998,0.11465414613485336,0.6703233070671558,0.5891023612246067,0.29572291207184104,0.501088526478777,0.09546232127525844,0.0036186619149983722,0.06790922346718041,0.4331793030115966
id,train_mixed,pre_softmax,10,16,3.0,0.8740379266826583,0.827806448918828,0.9982144914203677,-0.0017867482541374237,0.1722288578748703,0.19779163599014282,0.10356789082288742,0.6555107831954956,0.10258062928915024,0,0.9683380722999573,0.11269328743219376,0.7116446368396281,0.5462648795520356,0.2424076384130047,0.45510770721032634,0.04021246472895401,0.0032946900132475006,0.02913713231424206,0.42597057489608425
id,train_mixed,pre_softmax,10,16,5.0,0.857641323167114,0.7355390937156912,0.9983301939665744,-0.0020023873708848975,0.15000109374523163,0.2053813636302948,0.08619073033332825,0.5389899611473083,0.08543337881565094,0,0.9462557435035706,0.12173689901828766,0.6989000901579856,0.5418806118249155,0.22547295619207514,0.44695831513506334,0.06548058575034499,0.00436339755740937,0.0471454292924643,0.39981288584259905
id,train_mixed,pre_softmax,10,16,8.0,0.8516822137325102,0.6763743742365478,0.998515258210625,-0.0016956049784512255,0.13267916440963745,0.1987411379814148,0.07734746485948563,0.45362207293510437,0.07678796350955963,0,0.8887009024620056,0.13986457884311676,0.6640500053763388,0.529490336721818,0.19175882201410888,0.42817088230950523,0.11948262217331429,0.002911713609262686,0.0845113496040988,0.34365953270540645
id,train_mixed,pre_softmax,10,16,12.0,0.7703911805711801,0.7254908381513119,0.9916445886537553,-0.000719299764641641,0.2005346268415451,0.21747292578220367,0.11706852912902832,0.4911586046218872,0.11391651630401611,0,0.9593204259872437,0.15886357426643372,0.7191833704710007,0.45759518230741936,0.16057026290227805,0.3684877064858769,0.054698649402453836,0.0023886979247415554,0.03900566395914015,0.32948204252673674
id,train_mixed,pre_softmax,10,16,16.0,0.8149017182647518,0.7194698755427661,0.985598778750141,-0.003680958998089785,0.24725402891635895,0.29319730401039124,0.16507619619369507,0.6395680904388428,0.15814308822155,0,0.9435304403305054,0.14776724576950073,0.7048014819622039,0.39993314009577585,0.16554214627277147,0.3296158419488745,0.06295871814941822,0.0036288654823359973,0.04515976234929355,0.28445607959958097
id,train_mixed,pre_softmax,10,16,24.0,0.4470133422275053,0.1589977864758815,0.661500241907257,-0.009779064502461248,0.4585168659687042,0.4939286410808563,0.43214550614356995,0.5134775638580322,0.3905266523361206,0,0.9452329277992249,0.17444057762622833,0.7139952227473259,0.3495368059394708,0.04890993476085097,0.2593487445858848,0.06861299176183477,0.0029973628777111992,0.048928303096597694,0.21042044148928712
id,train_mixed,pre_softmax,11,8,0.0,0.7589934755220336,0.7627890466962187,0.9324256025265614,-0.003023248429618693,0.27223020792007446,0.26915404200553894,0.13167007267475128,0.8873655200004578,0.07690359652042389,0,0.9631349444389343,0.1349782645702362,0.7146879404783248,0.5933487991889479,0.3433747422376199,0.5183565821035494,0.04385901287519811,0.001162622776127444,0.031050095845476907,0.4873064862580725
id,train_mixed,pre_softmax,11,8,0.5,0.8210025234017341,0.7919515013813745,0.9378732590977917,-0.0017242693512586683,0.21892882883548737,0.24214278161525726,0.12554031610488892,0.8749716281890869,0.07589637488126755,0,0.8963752388954163,0.13501161336898804,0.6679661512374877,0.653487147930927,0.3457082915244997,0.5611534910089988,0.11067702445781302,0.0019525160648890467,0.07805967193993582,0.483093819069063
id,train_mixed,pre_softmax,11,8,1.0,0.8008549501682366,0.7935895606005184,0.9293832975018343,-0.0021232174890255724,0.23722918331623077,0.24296045303344727,0.13584017753601074,0.8689799904823303,0.08013451099395752,0,0.9267852902412415,0.135539248585701,0.6894114777445792,0.6272597076830233,0.3535024735631007,0.5451325374470465,0.07680274826837141,0.0015954618371749455,0.05424056233901247,0.490891975108034
id,train_mixed,pre_softmax,11,8,2.0,0.8110518296794751,0.6094013868798714,0.9030061214525432,-0.001784081248772622,0.2179754376411438,0.3577810525894165,0.15422290563583374,0.7802831530570984,0.08697639405727386,0,0.9393393397331238,0.1336926519870758,0.6976453334093093,0.6109453760946271,0.316535314537514,0.5226223576274931,0.06885892695256857,0.0017997295920708098,0.048741167744419236,0.4738811898830739
id,train_mixed,pre_softmax,11,8,3.0,0.667815232094531,0.1812266403607283,0.8631469190400536,-0.002927157657960758,0.2844265103340149,0.5595284104347229,0.1739921122789383,0.6619882583618164,0.09661968052387238,0,0.9353711009025574,0.13860900700092316,0.6963424727320671,0.5859102055738297,0.2804112856925437,0.4942605296094439,0.06833254538582778,0.001957781245595497,0.048420116143758095,0.4458404134656858
id,train_mixed,pre_softmax,11,8,5.0,0.5653534487694054,0.26591959763325274,0.8409272872885724,-0.001742092875672611,0.27466046810150146,0.4099962115287781,0.15010878443717957,0.5301844477653503,0.07821235805749893,0,0.9206984043121338,0.15381932258605957,0.6906346797943115,0.5518567521259641,0.24733728634835453,0.4605009123926812,0.0966124552529034,0.001950531227981195,0.06821387804542674,0.3922870343472545
id,train_mixed,pre_softmax,11,8,8.0,0.4795660852641062,0.49971982875767035,0.8877041856329854,-0.0016375667637315453,0.27159878611564636,0.26410141587257385,0.11976781487464905,0.45000159740448,0.07799278199672699,0,0.8659138679504395,0.16766051948070526,0.6564378634095192,0.4818585806824698,0.1530074040775354,0.3832032277009894,0.14125152685270026,0.0018644173288500695,0.0994353939955452,0.28376783370544423
id,train_mixed,pre_softmax,11,8,12.0,0.547867485435039,0.25155073089603947,0.9229810709660419,-0.0020510676334444928,0.27873072028160095,0.389826238155365,0.13809257745742798,0.48413801193237305,0.10921652615070343,0,0.9641718864440918,0.15776894986629486,0.7222510054707527,0.48106407816303387,0.146085896106723,0.3805706235461406,0.03847073909611598,0.0015471225513835423,0.027393654132696246,0.35317696941344434
id,train_mixed,pre_softmax,11,8,16.0,0.7272278933361663,0.4754551253717684,0.8616497816538556,-0.00015423848827763123,0.2835503816604614,0.4067274332046509,0.21778595447540283,0.6393386125564575,0.15009963512420654,0,0.9246014952659607,0.16014684736728668,0.6952651008963584,0.5294671333958391,0.20527451234889002,0.43220934708175435,0.07668390825662519,0.001845735291515903,0.0542324563670924,0.37797689071466195
id,train_mixed,pre_softmax,11,8,24.0,0.16061501469618134,0.1949143015508082,0.25565559020879114,-0.004287069312109419,0.5122217535972595,0.5069842338562012,0.4977090060710907,0.5367477536201477,0.3840472102165222,0,0.9275429248809814,0.21380169689655304,0.713420556485653,0.31727095449656073,0.045889999928593224,0.23585666812617045,0.08102022148792976,0.001724712349253281,0.05723156874632681,0.17862509937984364
id,train_mixed,pre_softmax,11,16,0.0,0.9443513203242138,0.811372129739263,0.9950263452220891,-0.0008059691432371134,0.12200473248958588,0.22977930307388306,0.0809345543384552,0.8873655200004578,0.07690359652042389,0,0.904577910900116,0.1349782645702362,0.673698017001152,0.6226339906459794,0.337008955014413,0.5369464799565095,0.11643818528774086,0.003024325596004302,0.08241402738021988,0.4545324525762896
id,train_mixed,pre_softmax,11,16,0.5,0.9466192025151686,0.8682861497566459,0.9961444778611556,-0.0009577616573006272,0.11855164915323257,0.18114565312862396,0.07897722721099854,0.8749716281890869,0.07589637488126755,0,0.8903195858001709,0.13501161336898804,0.6637271940708159,0.6313510172962862,0.3406903682045131,0.5441528225687542,0.13042639419566737,0.0037523482465633353,0.09242418041093615,0.45172864215781805
id,train_mixed,pre_softmax,11,16,1.0,0.8869092383459728,0.8771519205937816,0.9976456087064309,-0.0011033930602220795,0.1693456470966339,0.1770426630973816,0.0819917619228363,0.8689799904823303,0.08013451099395752,0,0.9250671863555908,0.135539248585701,0.6882088050246238,0.5879738540653077,0.32672021972366183,0.509597763762814,0.09278197166156155,0.0038321426784024074,0.06609702296661381,0.44350074079620017
id,train_mixed,pre_softmax,11,16,2.0,0.9490470044842106,0.8589419926211064,0.9996653987943224,-0.0021665685982227663,0.12230245023965836,0.18477286398410797,0.08720837533473969,0.7802831530570984,0.08697639405727386,0,0.9308844804763794,0.1336926519870758,0.6917269319295883,0.5929350805904099,0.3054737967176162,0.5066966954285718,0.08399675389018757,0.004316229325445777,0.060092596520765026,0.4466040989078067
id,train_mixed,pre_softmax,11,16,3.0,0.8999808994133376,0.7139949526693156,0.9993368166667602,-0.000714684018127714,0.15316733717918396,0.2583179473876953,0.09699462354183197,0.6619882583618164,0.09661968052387238,0,0.928073525428772,0.13860900700092316,0.6912341699004173,0.5861528157666469,0.2702655264841026,0.49138662898188357,0.0904355263645148,0.0036151543051625703,0.06438941474670913,0.42699721423517445
id,train_mixed,pre_softmax,11,16,5.0,0.8393737453053293,0.4989386305748806,0.9983729202014807,-0.002323274049259984,0.15081094205379486,0.3046781122684479,0.0789477527141571,0.5301844477653503,0.07821235805749893,0,0.9161127209663391,0.15381932258605957,0.6874247014522552,0.5849129928365768,0.27932024276786943,0.4932351678159646,0.10745630535510531,0.0031023088835083696,0.07615010641362623,0.41708506140233836
id,train_mixed,pre_softmax,11,16,8.0,0.8843221227851421,0.4982418448418109,1.0,-0.0022357621076375895,0.12102597206830978,0.26465123891830444,0.07799278199672699,0.45000159740448,0.07799278199672699,0,0.9312893152236938,0.16766051948070526,0.7022006765007972,0.5207393864936285,0.18198330269532123,0.41911256135413627,0.08847544009263142,0.00250411662729246,0.06268404305302973,0.35642851830110656
id,train_mixed,pre_softmax,11,16,12.0,0.7192533312560077,0.3703018474751451,0.9901744218281353,-0.0007238314099192168,0.21447448432445526,0.34530389308929443,0.11290034651756287,0.48413801193237305,0.10921652615070343,0,0.9178978204727173,0.15776894986629486,0.6898591592907906,0.531674774361752,0.15231139654484538,0.41786576101668005,0.10888728700160921,0.0038507700850071895,0.0773763319266286,0.3404894290900514
id,train_mixed,pre_softmax,11,16,16.0,0.7866530832834231,0.5778100278896325,0.9689620626924631,-0.003841829770416132,0.25447726249694824,0.3566514253616333,0.16528460383415222,0.6393386125564575,0.15009963512420654,0,0.931397557258606,0.16014684736728668,0.7000223442912101,0.5089653252285724,0.19614055799795424,0.4151178950593869,0.08567857223297493,0.0035802058811023074,0.06104906232741313,0.35406883273197376
id,train_mixed,pre_softmax,11,16,24.0,0.3541034158375262,0.21398889101405602,0.7978090394201156,-0.0029224517836441066,0.4826759696006775,0.5040715336799622,0.4149218797683716,0.5367477536201477,0.3840472102165222,0,0.9183239936828613,0.21380169689655304,0.7069673046469689,0.39497406335380947,0.05773409014113556,0.29380207139000725,0.09657238329525242,0.0027199907666814868,0.06841666553668113,0.22538540585332612
id,train_mixed,pre_softmax,12,8,0.0,0.8168608512742451,0.858516519370462,0.9925361980836986,-0.0008587712930412696,0.22943782806396484,0.1953362375497818,0.0856204554438591,0.8981644511222839,0.07951018214225769,0,0.8922688961029053,0.12411317229270935,0.6618221789598465,0.4876350193045492,0.31264819338810373,0.43513897152961556,0.1138495884182793,0.0017180929945987858,0.08021013979117514,0.3549288317384404
id,train_mixed,pre_softmax,12,8,0.5,0.8302224503230937,0.8728367681815544,0.9945150562338119,-0.0007036636811346601,0.2167111486196518,0.18203280866146088,0.08301442116498947,0.8923229575157166,0.07855092734098434,0,0.8014965653419495,0.12234703451395035,0.5977517060935497,0.5408893611528924,0.3082904070235589,0.47110967491409234,0.2113906380785766,0.0025656798643553967,0.14874315061431023,0.3223665242997821
id,train_mixed,pre_softmax,12,8,1.0,0.8160274222224155,0.8830079666013543,0.9940073937223017,-0.0008495670317689827,0.22425919771194458,0.17044776678085327,0.08127205073833466,0.8798466324806213,0.07645765691995621,0,0.875191867351532,0.12230483442544937,0.6493257574737071,0.5527318571811044,0.3178746322572193,0.48227468970393883,0.13308619188258608,0.001817266293562924,0.09370551420587912,0.3885691754980597
id,train_mixed,pre_softmax,12,8,2.0,0.7889288760773965,0.8255191837805986,0.9899281253837113,-0.0001872673775355808,0.24173498153686523,0.2148788571357727,0.09420791268348694,0.8207837343215942,0.0868154764175415,0,0.838452160358429,0.12559518218040466,0.6245950669050216,0.5301408181030438,0.26470139122121183,0.4505089900384942,0.163786986870757,0.0012320454427439099,0.11502050444235305,0.33548848559614114
id,train_mixed,pre_softmax,12,8,3.0,0.7318148349207304,0.704413880467312,0.9769888368075632,-0.0009425855314088217,0.2571684718132019,0.27363091707229614,0.1098683625459671,0.6968415379524231,0.09604329615831375,0,0.8487032055854797,0.12721215188503265,0.6322558894753455,0.4741936578988162,0.154795973688629,0.37837435263575997,0.16131599747071046,0.0015962113857400484,0.11340006164521932,0.26497429099054065
id,train_mixed,pre_softmax,12,8,5.0,0.6297553825801079,0.5054155495143373,0.9535553221448494,-7.216925195272343e-05,0.25039350986480713,0.3074904680252075,0.10170429944992065,0.5395777225494385,0.08037686347961426,0,0.8410438895225525,0.13107268512248993,0.6280525282025338,0.5052189268216147,0.19873631053330812,0.4132741419351227,0.17893017393432786,0.001719373196685534,0.12576693371303516,0.28750720822208753
id,train_mixed,pre_softmax,12,8,8.0,0.38909540578884577,0.4929847672362804,0.9934324471649194,-0.0016259683432382072,0.28945958614349365,0.252240389585495,0.07295099645853043,0.42885613441467285,0.07059811800718307,0,0.8960620760917664,0.14410749077796936,0.6704757004976272,0.3539609306459284,0.13627675366876826,0.2886556775527803,0.10906761081103888,0.00177368852243157,0.07687943412445669,0.21177624342832363
id,train_mixed,pre_softmax,12,8,12.0,0.3498755699456211,0.32804633743241074,0.9018833577416345,-0.0012452231591210058,0.35529935359954834,0.36376088857650757,0.1413278728723526,0.4909195303916931,0.10329550504684448,0,0.9134461879730225,0.14900349080562592,0.6841133788228034,0.38939256706648306,0.13419838081281513,0.3128343111903827,0.09470660084359206,0.0021700683384616743,0.06694564109205295,0.24588867009832974
id,train_mixed,pre_softmax,12,8,16.0,0.5875492634596784,0.6380142955345077,0.7868447309692443,-8.310653615328834e-05,0.35217756032943726,0.3260817527770996,0.2491205334663391,0.6560032367706299,0.13889651000499725,0,0.9083714485168457,0.14542478322982788,0.6794874489307403,0.4643351537309577,0.15150567193104722,0.3704863091909845,0.10868408949961483,0.001332082640505169,0.07647848744188193,0.29400782174910256
id,train_mixed,pre_softmax,12,8,24.0,0.4358390254330844,0.369499590876419,0.7296570120844575,-0.001555387222160196,0.4368995130062103,0.4487462639808655,0.3844301402568817,0.51473069190979,0.3361528813838959,0,0.8136929273605347,0.14282424747943878,0.6124323233962058,0.4035287383817019,0.05799812657803942,0.2998695548406031,0.20208454218528948,0.001861522412578482,0.1420176362534762,0.15785191858712694
id,train_mixed,pre_softmax,12,16,0.0,0.9235204096881487,0.8934163258065433,0.9986884352630059,-0.0005385613611383019,0.14212052524089813,0.16676536202430725,0.08058390021324158,0.8981644511222839,0.07951018214225769,0,0.9072476029396057,0.12411317229270935,0.6723072737455368,0.50177855720998,0.30404631218112005,0.44245888370132197,0.10691249621307708,0.003362946472183235,0.07584763129080892,0.36661125241051307
id,train_mixed,pre_softmax,12,16,0.5,0.8642682327572162,0.888081905148725,0.9991480886566798,-0.0011037272833369618,0.18900564312934875,0.16962674260139465,0.07924418896436691,0.8923229575157166,0.07855092734098434,0,0.9184182286262512,0.12234703451395035,0.6795968703925609,0.4898088656795676,0.29745178272987216,0.4321017407946589,0.09410787190838832,0.0032094749697643265,0.06683835282680112,0.3652633879678578
id,train_mixed,pre_softmax,12,16,1.0,0.9188254040240346,0.8852781342036022,0.9998232850865606,-0.0002670894519577624,0.14167243242263794,0.1686239391565323,0.07659962773323059,0.8798466324806213,0.07645765691995621,0,0.9300726056098938,0.12230483442544937,0.6877422742545604,0.49949187588410815,0.2974142581196597,0.43886859055477356,0.08200072324427377,0.0032916811812234658,0.05838801062535867,0.38048057992941486
id,train_mixed,pre_softmax,12,16,2.0,0.9182733817857219,0.8291246898637837,0.999902813428419,-0.0027761211192774632,0.1468002200126648,0.2122325301170349,0.08688680827617645,0.8207837343215942,0.0868154764175415,0,0.9432410001754761,0.12559518218040466,0.6979472547769546,0.44858823590342045,0.24426508125000848,0.3872912895073969,0.07574631617167149,0.003764472853468865,0.054151763176210704,0.33313952633118615
id,train_mixed,pre_softmax,12,16,3.0,0.8893465128471116,0.7341742750218493,0.9999690095615857,-0.0029486924707433954,0.16252371668815613,0.2557509243488312,0.09606191515922546,0.6968415379524231,0.09604329615831375,0,0.9173884987831116,0.12721215188503265,0.6803355947136879,0.5132319998181651,0.24085501217076546,0.43151890352394523,0.09351530568484057,0.00333057702908628,0.06645988708811428,0.36505901643583094
id,train_mixed,pre_softmax,12,16,5.0,0.8816343142467296,0.6798328606853068,1.0,-0.0031955662119138454,0.1347304880619049,0.2273978888988495,0.08037686347961426,0.5395777225494385,0.08037686347961426,0,0.9171952605247498,0.13107268512248993,0.6813584879040718,0.496628278755917,0.23690133284310022,0.4187101949820719,0.09907516082193346,0.00303501570807429,0.07026311728777569,0.3484470776942962
id,train_mixed,pre_softmax,12,16,8.0,0.8040684646139239,0.5815685141620358,0.9994340804952906,-0.0025225552051752476,0.14079216122627258,0.2205045521259308,0.07080086320638657,0.42885613441467285,0.07059811800718307,0,0.8909506797790527,0.14410749077796936,0.6668977230787276,0.46578607103307423,0.1866070200551112,0.3820323557396853,0.1360750783719309,0.003411136546343809,0.09627589582425476,0.2857564599154305
id,train_mixed,pre_softmax,12,16,12.0,0.6563424345235276,0.5069257657553482,0.9831279027784868,-0.007802865397188975,0.2365054339170456,0.2944229245185852,0.10983553528785706,0.4909195303916931,0.10329550504684448,0,0.9593244791030884,0.14900349080562592,0.7162281826138496,0.4502697962722316,0.17671631729824366,0.36820375258003524,0.056507046976276176,0.0034195376737646173,0.040580794185522705,0.32762295839451255
id,train_mixed,pre_softmax,12,16,16.0,0.7786808681636121,0.7509169454774728,0.9759685232553499,-0.00011964574830390193,0.2533421218395233,0.2676990330219269,0.1513233482837677,0.6560032367706299,0.13889651000499725,0,0.923493504524231,0.14542478322982788,0.6900728881359101,0.4484447163812755,0.1735700235611239,0.36598230853523,0.10315648110955877,0.0041586461371777485,0.07345713061784445,0.2925251779173855
id,train_mixed,pre_softmax,12,16,24.0,0.698953968715689,0.3932130711938448,0.8930707999913886,-0.006796307857859637,0.38991302251815796,0.4445115625858307,0.3552480638027191,0.51473069190979,0.3361528813838959,0,0.9308062791824341,0.14282424747943878,0.6944116696715354,0.3714595634319411,0.06737857741190187,0.28023526762592926,0.09337273206727525,0.0035292709838811555,0.06641969374225702,0.21381557388367223
id,train_mixed,pre_softmax,13,8,0.0,0.8222043815775675,0.6744928693565129,0.9818601583619505,-0.0004948150961168666,0.22047951817512512,0.34241560101509094,0.08868342638015747,0.899210512638092,0.07370895892381668,0,0.8493263721466064,0.1514734923839569,0.6399705082178115,0.6424985171004739,0.34967202300355,0.5546505688713967,0.15401229558141893,0.0022229030968704913,0.1084754778360544,0.44617509103534236
id,train_mixed,pre_softmax,13,8,0.5,0.8286932484459829,0.8233762454223231,0.9796781639530144,-0.0008093213565710936,0.21277779340744019,0.21719330549240112,0.0873921737074852,0.9009671807289124,0.07051587849855423,0,0.8858069777488708,0.15385225415229797,0.666220560669899,0.5896144825632135,0.32134757640437284,0.5091344107155612,0.11440566565606902,0.0015902277939477342,0.08056103429743264,0.42857337641812854
id,train_mixed,pre_softmax,13,8,1.0,0.8059139654160297,0.8178228153590542,0.9810123230071817,-0.0007727992113085468,0.2286178022623062,0.21905061602592468,0.08794942498207092,0.8760631084442139,0.07269533723592758,0,0.9176502227783203,0.1522134393453598,0.6880191877484321,0.5698167570366914,0.3184680894509256,0.4944121567609617,0.08464831016298124,0.0015709507415862837,0.05972510233656275,0.4346870544243989
id,train_mixed,pre_softmax,13,8,2.0,0.7877714887059448,0.16657699932377532,0.9752875364946787,-0.00246524339112049,0.23249629139900208,0.6723496913909912,0.0997205302119255,0.7902989983558655,0.08222220838069916,0,0.8713192939758301,0.15341785550117493,0.6559488624334334,0.6031533294682105,0.2969648489675184,0.5112967853180028,0.12807805708946118,0.001599230614575424,0.09013440914699546,0.4211623761710074
id,train_mixed,pre_softmax,13,8,3.0,0.6483042045724866,0.04709193693959301,0.9767072369749232,-0.0008766625640531429,0.2951860725879669,0.6450903415679932,0.10405620187520981,0.6724977493286133,0.0904998630285263,0,0.8928266167640686,0.15404734015464783,0.6711928337812424,0.5499195682104205,0.24720676792233434,0.45910572812399464,0.11298961783641492,0.0019148195065396471,0.07966717833745234,0.3794385497865423
id,train_mixed,pre_softmax,13,8,5.0,0.5866969949698209,0.22747569813661273,0.9364346571534937,-0.001016821700123105,0.2577686905860901,0.4196552336215973,0.1001560389995575,0.5221693515777588,0.0715097039937973,0,0.8733468651771545,0.16634976863861084,0.6612477362155914,0.5992247871021017,0.20710347086426148,0.4815883922307496,0.13972070927737046,0.0014498351684102569,0.09823944704468239,0.3833489451860672
id,train_mixed,pre_softmax,13,8,8.0,0.6931531729942314,0.21391121414070338,0.9508716966056863,-0.0015656862587617203,0.19799190759658813,0.37626731395721436,0.10212201625108719,0.4558411240577698,0.0838465541601181,0,0.9297820925712585,0.17302413284778595,0.7027547046542167,0.5227033710389314,0.170427384874081,0.4170205751894762,0.07692898353410471,0.0018285273280855964,0.054398846672298974,0.3626217285171772
id,train_mixed,pre_softmax,13,8,12.0,0.6459514917778225,0.029718205986768553,0.9039684599540481,-0.000289775154276192,0.25169479846954346,0.49012041091918945,0.15186595916748047,0.5016186237335205,0.11471058428287506,0,0.9124438166618347,0.16012075543403625,0.6867468982934951,0.551677746850191,0.13690926147726964,0.4272472012383146,0.10086638879444465,0.001528061239191862,0.07106489052786881,0.3561823107104458
id,train_mixed,pre_softmax,13,8,16.0,0.6223221427731414,0.4745961534590369,0.8275105883478303,-1.295590285918311e-05,0.3550655245780945,0.42778539657592773,0.2540590763092041,0.6614109873771667,0.16914911568164825,0,0.9475213885307312,0.15115921199321747,0.708612735569477,0.5358960455315169,0.1987205866874254,0.4347434078782894,0.061968786011051824,0.001703829857729175,0.04388929916505503,0.3908541087132344
id,train_mixed,pre_softmax,13,8,24.0,0.09658402796017451,0.0686420842854178,0.25840521266382055,-0.005804191015968733,0.514092743396759,0.5180209875106812,0.4913429617881775,0.5276710987091064,0.3870851695537567,0,0.9579096436500549,0.19223806262016296,0.7282081693410872,0.3830582740525549,0.0349831570709656,0.2786357389580781,0.04721622887514065,0.0021261887611623608,0.03368921684094716,0.24494652211713092
id,train_mixed,pre_softmax,13,16,0.0,0.9204855408330174,0.8401137565681753,0.9985015200284001,-0.001535565832353335,0.13934826850891113,0.20569530129432678,0.07494595646858215,0.899210512638092,0.07370895892381668,0,0.867856502532959,0.1514734923839569,0.6529415994882584,0.6395531923834039,0.33234364442846154,0.5473903279969212,0.14551288431200382,0.0038561281539425405,0.10301585746458543,0.4443744705323358
id,train_mixed,pre_softmax,13,16,0.5,0.9333796764790631,0.8549815865664641,0.9996307955783788,-0.0016907753810522573,0.12584081292152405,0.19094660878181458,0.07082248479127884,0.9009671807289124,0.07051587849855423,0,0.9142990112304688,0.15385225415229797,0.6861649841070174,0.5869446238912193,0.3298240791980909,0.5098084604832807,0.09082360521618671,0.004409521381229114,0.06489938006569942,0.44490908041758126
id,train_mixed,pre_softmax,13,16,1.0,0.9324479838605455,0.8491900720564224,0.9993496107444093,-0.0007728734047812147,0.12696444988250732,0.19385117292404175,0.07321783900260925,0.8760631084442139,0.07269533723592758,0,0.9302459955215454,0.1522134393453598,0.6968362286686897,0.5625200347766475,0.31298672257413207,0.48766004111589284,0.08039793092955783,0.0030443404801456706,0.057191853794734175,0.43046818732115866
id,train_mixed,pre_softmax,13,16,2.0,0.9214437474090207,0.8107602032053847,0.9999923503041328,-0.0005027123380376824,0.13784606754779816,0.2162185162305832,0.08222762495279312,0.7902989983558655,0.08222220838069916,0,0.9051612019538879,0.15341785550117493,0.679638198018074,0.5646779440926859,0.2934158470912581,0.48329931499225753,0.09986688295518042,0.0038486747705792374,0.07106142049980006,0.41223789449245746
id,train_mixed,pre_softmax,13,16,3.0,0.92514563953699,0.7646440349295752,0.9999592520890569,-0.002249725063616284,0.1340649425983429,0.22747653722763062,0.09052357822656631,0.6724977493286133,0.0904998630285263,0,0.9297122359275818,0.15404734015464783,0.6970127671957016,0.5260901107272722,0.24147605295411312,0.4407058933953244,0.08749384911283187,0.0031246817389238026,0.06218309890065944,0.37852279449466497
id,train_mixed,pre_softmax,13,16,5.0,0.8636387939301643,0.4879978370054522,0.9958769817682004,-0.0017389661437589212,0.1329621970653534,0.30224841833114624,0.07336778193712234,0.5221693515777588,0.0715097039937973,0,0.8836740255355835,0.16634976863861084,0.6684767484664917,0.5797092277780954,0.23517305630808144,0.47634837633709115,0.1299803571906547,0.0029601111360521588,0.09187428337427393,0.3844740929628172
id,train_mixed,pre_softmax,13,16,8.0,0.8125864415159141,0.21984284413161875,0.9961402625118204,-0.0007239185915248889,0.15356338024139404,0.3740607798099518,0.0852823555469513,0.4558411240577698,0.0838465541601181,0,0.9331254959106445,0.17302413284778595,0.7050950869917869,0.5316380560657927,0.19547118050347453,0.4307879933970973,0.07947842568671981,0.0037184312190235384,0.05675042734641092,0.3740375660506864
id,train_mixed,pre_softmax,13,16,12.0,0.7132361734135609,0.132106428513906,0.9935667913051586,-0.001665629435424874,0.22566181421279907,0.4505055844783783,0.11719964444637299,0.5016186237335205,0.11471058428287506,0,0.910348653793335,0.16012075543403625,0.6852802842855453,0.5410776678236997,0.1723325624617981,0.4304541362151292,0.10402765922750434,0.0032830571095896583,0.07380427859212993,0.3566498576229993
id,train_mixed,pre_softmax,13,16,16.0,0.797006883731518,0.48200287360714583,0.9687393740028609,-0.00039751615968876774,0.2690748870372772,0.4241393506526947,0.18453752994537354,0.6614109873771667,0.16914911568164825,0,0.916524350643158,0.15115921199321747,0.6869148090481757,0.5294945502967641,0.1941167062841939,0.428881197092993,0.09156295863224595,0.003410086607822396,0.06511709702491887,0.36376410006807414
id,train_mixed,pre_softmax,13,16,24.0,0.26499015004618126,0.14891290130903798,0.684926549849373,-0.002245361257894113,0.4904172122478485,0.5067360401153564,0.4313800632953644,0.5276710987091064,0.3870851695537567,0,0.9444166421890259,0.19223806262016296,0.7187630683183669,0.3887432179043754,0.04557063987457781,0.2857914444954361,0.07139971264509026,0.0031916534571371025,0.05093729488870431,0.2348541496067318
id,train_mixed,pre_softmax,14,8,0.0,0.8189885265562049,0.9083373888074155,0.9949174757419335,-0.001024039045500418,0.22481155395507812,0.15163405239582062,0.08072420209646225,0.8955703377723694,0.0765615701675415,0,0.917111337184906,0.10877251625061035,0.6746096909046173,0.5662668631402322,0.32564630867740246,0.4940806968013833,0.08544418854362401,0.0022449158011306146,0.06048440672087599,0.43359629008050726
id,train_mixed,pre_softmax,14,8,0.5,0.8584389105588032,0.8973682762370758,0.9954333462749563,-0.0013263912448009973,0.19035941362380981,0.15886695683002472,0.0795358419418335,0.8848056197166443,0.07584158331155777,0,0.9140154123306274,0.10967232286930084,0.6727124854922294,0.6001954285197963,0.3343107839668327,0.5204300351539073,0.0841171130820163,0.002465686381479035,0.05962168507185512,0.4608083500820522
id,train_mixed,pre_softmax,14,8,1.0,0.8670677430129945,0.8842642359926631,0.996896782840747,-0.0013712074262793028,0.1813296675682068,0.1677631139755249,0.07890572398900986,0.8653715252876282,0.07645755261182785,0,0.9363334774971008,0.109670490026474,0.6883345812559127,0.5804714262229442,0.315160387424504,0.5008781145834121,0.06360193326364505,0.0023023089676406476,0.045212045974843726,0.4556660686085684
id,train_mixed,pre_softmax,14,8,2.0,0.7639304982469944,0.8136547787143088,0.9934183431657434,-0.0009167822916316726,0.25046026706695557,0.21586579084396362,0.09079959988594055,0.78194659948349,0.08622056990861893,0,0.9058228135108948,0.11481436342000961,0.6685202784836293,0.5780074881115831,0.31192639683701484,0.4981831607292126,0.09209252187802763,0.0016315935269620812,0.06495424337270796,0.43322891735650465
id,train_mixed,pre_softmax,14,8,3.0,0.7224304436845426,0.7059217041249511,0.9922927986908161,-0.0011040175938190461,0.25152185559272766,0.26082244515419006,0.0994885042309761,0.6585201621055603,0.09514646977186203,0,0.9412359595298767,0.12101353704929352,0.6951692327857016,0.506403371338107,0.2373209035840792,0.4256786310118986,0.06054534293741065,0.0021462652230801477,0.043025619623111494,0.38265301138878716
id,train_mixed,pre_softmax,14,8,5.0,0.6579703608320495,0.5343124891024505,0.9920672356607206,-0.0004788193447009934,0.2330331802368164,0.2874636948108673,0.08597368001937866,0.5226521492004395,0.08248191326856613,0,0.8974208831787109,0.12047719955444336,0.6643377780914306,0.5006937766396629,0.20141268325665548,0.4109094486247606,0.10908790476384067,0.0021492831354308697,0.07700631827531773,0.33390313034944286
id,train_mixed,pre_softmax,14,8,8.0,0.45276485759456264,0.3076348863583726,0.983516584542624,-0.0007728275243339981,0.26965174078941345,0.3215210735797882,0.07996150851249695,0.43146952986717224,0.07407034933567047,0,0.9381930232048035,0.1279948353767395,0.6951335668563842,0.42709890335489953,0.1614751064033356,0.3474117642694303,0.06368551683196433,0.0016132561780682897,0.04506383863579551,0.30234792563363483
id,train_mixed,pre_softmax,14,8,12.0,0.5333864134843613,0.14047059840847484,0.9801674919372154,-4.836571515671591e-06,0.29081079363822937,0.4506031274795532,0.10911235213279724,0.5077301859855652,0.10104680061340332,0,0.941951334476471,0.12825100123882294,0.6978412345051765,0.4282373138485107,0.15279083009183647,0.34560336872150843,0.06315219863163879,0.0016539034887904228,0.04470271008878428,0.30090065863272414
id,train_mixed,pre_softmax,14,8,16.0,0.6617594974276327,0.49373841482164593,0.9629724676478266,0.0006873934505918841,0.30977439880371094,0.3938829302787781,0.1589922457933426,0.6410400867462158,0.140456885099411,0,0.9249761700630188,0.12700624763965607,0.68558519333601,0.42671526738837484,0.1681176625556268,0.34913598593855044,0.07923590148522808,0.002085752791663395,0.05609085687715867,0.2930451290613918
id,train_mixed,pre_softmax,14,8,24.0,0.17724958026065807,0.07498158888584233,0.16576085039275826,-0.0005508128503859461,0.4943954050540924,0.5069228410720825,0.49580273032188416,0.5161077976226807,0.3936116397380829,0,0.9195599555969238,0.14251387119293213,0.6864461302757263,0.36585949301832144,0.0268725557475881,0.26416341183710146,0.09429338386111896,0.0016311193500045556,0.06649470450778464,0.19766870732931682
id,train_mixed,pre_softmax,14,16,0.0,0.9378234508944131,0.9114204588169427,0.9982586569361488,-8.565801695359192e-05,0.12748470902442932,0.14910899102687836,0.07798774540424347,0.8955703377723694,0.0765615701675415,0,0.9189364910125732,0.10877251625061035,0.6758872985839843,0.5681541004275877,0.3197700292214372,0.49363887906574255,0.08931204969775353,0.004781192525439666,0.06395279254605936,0.4296860865196832
id,train_mixed,pre_softmax,14,16,0.5,0.9420178791490653,0.9005370965380752,0.9989181533914335,-3.632434638856192e-05,0.1227470338344574,0.1563034951686859,0.07671675831079483,0.8848056197166443,0.07584158331155777,0,0.9337314963340759,0.10967232286930084,0.6865137442946434,0.5476409557372517,0.3094375500115784,0.4761799340195497,0.07665834016919693,0.0027617484510588292,0.054489362653755494,0.42169057136579424
id,train_mixed,pre_softmax,14,16,1.0,0.9368828193646047,0.8916572645165485,1.0,-0.0002442621416695678,0.12625157833099365,0.161930650472641,0.07645755261182785,0.8653715252876282,0.07645755261182785,0,0.9117294549942017,0.109670490026474,0.6711117655038833,0.562868256648982,0.3078870725316675,0.4863739014137876,0.09613339757892514,0.0033630452016401094,0.06830229186573962,0.418071609548048
id,train_mixed,pre_softmax,14,16,2.0,0.9320338958855604,0.8311354550226605,0.9989550086905731,-0.001861493844740957,0.13350635766983032,0.20370402932167053,0.08694759756326675,0.78194659948349,0.08622056990861893,0,0.9244019389152527,0.11481436342000961,0.6815256662666798,0.5204588827900711,0.29971498047661355,0.45423571209603386,0.07991173597556867,0.0035867482990398084,0.057014239672610004,0.39722147242342387
id,train_mixed,pre_softmax,14,16,3.0,0.8806781143733926,0.7671432355838255,0.998802839187287,-0.0011502519674174096,0.1623692810535431,0.22633184492588043,0.09582091867923737,0.6585201621055603,0.09514646977186203,0,0.9176030158996582,0.12101353704929352,0.6786261722445487,0.5191711626917359,0.24392046506353635,0.43659595340327606,0.09063597214409547,0.0037357734794985797,0.0645659125447164,0.3720300408585597
id,train_mixed,pre_softmax,14,16,5.0,0.8426301691496025,0.6305889967118239,0.9994355828956075,-0.004359747630654181,0.15175142884254456,0.24508564174175262,0.08273035287857056,0.5226521492004395,0.08248191326856613,0,0.9485118389129639,0.12047719955444336,0.7001014471054077,0.49458366301113443,0.21854596331997397,0.4117723531037863,0.06409311571450926,0.0036924897457720745,0.04597292792388811,0.36579942517989816
id,train_mixed,pre_softmax,14,16,8.0,0.825668522283812,0.44472163095292644,0.9953763141789043,-0.0028587447147974164,0.1363762766122818,0.2725263833999634,0.07572285085916519,0.43146952986717224,0.07407034933567047,0,0.9620428085327148,0.1279948353767395,0.7118284165859222,0.4482774202576487,0.18407293919304926,0.36901607593826885,0.0485322974470932,0.002796423440303094,0.03481153524505617,0.3342045406932127
id,train_mixed,pre_softmax,14,16,12.0,0.7709101108527535,0.3435959762656245,0.9946331460505363,5.349541221879184e-05,0.1942138522863388,0.36799541115760803,0.10322941094636917,0.5077301859855652,0.10104680061340332,0,0.9537217020988464,0.12825100123882294,0.7060804918408394,0.48338067013826835,0.17632876188619867,0.3912650976626474,0.062414479050762806,0.0035866836581464464,0.04476614043297789,0.3464989572296695
id,train_mixed,pre_softmax,14,16,16.0,0.8204503421339262,0.4993994981777763,0.9912950603344628,-0.0015352938077137976,0.23033642768859863,0.3910490870475769,0.14481443166732788,0.6410400867462158,0.140456885099411,0,0.9487951993942261,0.12700624763965607,0.702258513867855,0.4680228343945332,0.1940015015642263,0.3858164345454411,0.06363443798465818,0.0043054540054504415,0.045835742790895855,0.33998069175454526
id,train_mixed,pre_softmax,14,16,24.0,0.20589744419431336,0.08243507938249597,0.6484709469334151,-0.0038070315736922636,0.4908861517906189,0.5060098171234131,0.4366725981235504,0.5161077976226807,0.3936116397380829,0,0.9689936637878418,0.14251387119293213,0.7210497260093689,0.3789094219106909,0.05348005494492053,0.28128061182095976,0.04501800395936262,0.003572241164166292,0.03258427512080372,0.24869633670015603
id,train_mixed,pre_softmax,15,8,0.0,0.910611075628915,0.7498253331004349,0.9400399831813987,-0.0008744943725065425,0.1520218700170517,0.28086674213409424,0.12843915820121765,0.881735622882843,0.08039049059152603,0,0.8547590970993042,0.14098839461803436,0.6406278863549232,0.6676842297683265,0.3531551890321104,0.5733255175474616,0.14712519300006743,0.0016335156414276277,0.10347768979247549,0.4698478277549861
id,train_mixed,pre_softmax,15,8,0.5,0.9182314633732377,0.821032054515804,0.9444466894418774,-0.001054192215820225,0.13913454115390778,0.21660758554935455,0.118239626288414,0.871013343334198,0.07396071404218674,0,0.852973222732544,0.13882625102996826,0.6387291312217712,0.7009206796332683,0.3639914387462863,0.5998419073671737,0.15406314511852404,0.0018285643850836975,0.10839277089849192,0.49144913646868177
id,train_mixed,pre_softmax,15,8,1.0,0.8402804047749166,0.8210420256407375,0.9388378382287039,-0.0013109696039939585,0.20093809068202972,0.21587435901165009,0.12442019581794739,0.8533139228820801,0.07693519443273544,0,0.902129590511322,0.13814814388751984,0.6729351565241813,0.6756860952287955,0.3659835457863894,0.5827753303960737,0.10093449392418641,0.0020662432092448334,0.07127401870970393,0.5115013116863697
id,train_mixed,pre_softmax,15,8,2.0,0.870101412302762,0.7489512914105356,0.9259347956450278,-0.0015615656732211477,0.1738584339618683,0.2608271837234497,0.133777916431427,0.7984688878059387,0.0806095153093338,0,0.8931316137313843,0.1383586823940277,0.6666997343301773,0.6578420352885248,0.3243939381354112,0.5578076061425907,0.10701173020262489,0.0018964560822128495,0.07547714796650128,0.48233045817608944
id,train_mixed,pre_softmax,15,8,3.0,0.8247998759955038,0.4205777838560049,0.9062498071227654,-0.0004918166452972226,0.1877688318490982,0.41027602553367615,0.14293408393859863,0.6417863368988037,0.09132856130599976,0,0.841608464717865,0.13457424938678741,0.6294982001185416,0.5208977538512979,0.15666647138959497,0.41162836911278694,0.14501175553116474,0.0022415856175770034,0.10218070455708843,0.3094476645556985
id,train_mixed,pre_softmax,15,8,5.0,0.8502500145928369,0.3047698858473167,0.9051191144128061,-5.5814817913805394e-05,0.13854649662971497,0.38495171070098877,0.11376093327999115,0.5226228833198547,0.07090117782354355,0,0.8881511092185974,0.14153820276260376,0.6641672372817993,0.627573002745345,0.2609136804811016,0.517575206066072,0.11801575348033022,0.001479150887720669,0.08305477270254735,0.43452043336352464
id,train_mixed,pre_softmax,15,8,8.0,0.6548898902495773,0.3125066332533011,0.9494754971200654,-0.0013944191320609328,0.19732001423835754,0.32744908332824707,0.08535732328891754,0.4462229907512665,0.06615455448627472,0,0.918378472328186,0.16348037123680115,0.6919090420007705,0.555931795046833,0.18750133736627378,0.4454026577426652,0.09115085953700353,0.0017019589659357406,0.06431618936568319,0.381086468376982
id,train_mixed,pre_softmax,15,8,12.0,0.49896984506250414,0.09419054720566317,0.8869538762336436,-0.0010948322707125414,0.28372788429260254,0.4437820017337799,0.13031479716300964,0.48102596402168274,0.0856151357293129,0,0.9657570123672485,0.18200968205928802,0.7306328132748603,0.4681012298195514,0.15359053012231075,0.3737480199103792,0.03806778374514441,0.0015188576428468148,0.027103105914455132,0.34664491399592406
id,train_mixed,pre_softmax,15,8,16.0,0.7199949707456039,0.2266430090665042,0.8096641065892151,-0.0008063704201926793,0.261240690946579,0.5118432641029358,0.2156924456357956,0.6269686222076416,0.11900961399078369,0,0.8507319092750549,0.15980686247348785,0.6434543952345848,0.5720825711342588,0.13597843969873358,0.4412513317036012,0.14007946508707025,0.0024215932964250053,0.09878210354987667,0.34246922815372455
id,train_mixed,pre_softmax,15,8,24.0,0.14226958431733724,0.097390863699655,0.23478742014322723,-0.001963149904635141,0.4968031346797943,0.5050168633460999,0.479870468378067,0.5228413939476013,0.33982083201408386,0,0.9024980664253235,0.22739920020103455,0.6999684065580368,0.4672899876554315,0.0480740711167592,0.3415252126938298,0.12153698360164567,0.0017748499009360651,0.08560834349143277,0.25591686920239703
id,train_mixed,pre_softmax,15,16,0.0,0.936668452951155,0.86795954093062,0.9989068169512184,-0.00182374138976677,0.13114091753959656,0.18620046973228455,0.08126650750637054,0.881735622882843,0.08039049059152603,0,0.8959153890609741,0.14098839461803436,0.6694372907280921,0.6495351514308068,0.3312646789716321,0.5540540096930543,0.11558515133946135,0.0036058209666350316,0.08199135222761345,0.47206265746544085
id,train_mixed,pre_softmax,15,16,0.5,0.923903570128278,0.8674315243611401,1.0,-0.001672783264218104,0.13461357355117798,0.1796247661113739,0.07396071404218674,0.871013343334198,0.07396071404218674,0,0.8429133892059326,0.13882625102996826,0.6316872477531433,0.6782328429865472,0.340876096513358,0.5770258190445904,0.17445524268642787,0.0036508136394850545,0.12321391397234502,0.45381190507224534
id,train_mixed,pre_softmax,15,16,1.0,0.9328979582498674,0.848980241975654,1.0,-0.0012437935438220965,0.12903179228305817,0.19418372213840485,0.07693519443273544,0.8533139228820801,0.07693519443273544,0,0.9112291932106018,0.13814814388751984,0.6793048784136771,0.6155227230111158,0.3342553771828052,0.5311425192626226,0.10436938875476875,0.0037685977517358383,0.07418915145385888,0.4569533678087637
id,train_mixed,pre_softmax,15,16,2.0,0.943236045738256,0.7814786163707788,1.0,-0.002232373833690848,0.12135805189609528,0.2374771386384964,0.0806095153093338,0.7984688878059387,0.0806095153093338,0,0.898996114730835,0.1383586823940277,0.6708048850297927,0.6236774523844267,0.3219463409093327,0.5331581189418985,0.10736584248075143,0.0027538896044591436,0.07598225661786373,0.45717586232403473
id,train_mixed,pre_softmax,15,16,3.0,0.9251520468159203,0.6234237801685711,0.9976950696734833,-0.0005293904841167154,0.13252919912338257,0.2986178696155548,0.09259732812643051,0.6417863368988037,0.09132856130599976,0,0.9268696904182434,0.13457424938678741,0.6891810581088066,0.5883910839763009,0.2663836909269541,0.4917888660614968,0.07837257724167201,0.00327190984360792,0.05584237702225278,0.43594648903924405
id,train_mixed,pre_softmax,15,16,5.0,0.9257291977522133,0.6389798449954552,0.9986750908116488,0.00044625464346215095,0.10445091128349304,0.23398181796073914,0.07149966806173325,0.5226228833198547,0.07090117782354355,0,0.9213759899139404,0.14153820276260376,0.6874246537685393,0.5733469015920767,0.2619363638504818,0.4799237402695982,0.08585038290118685,0.003238862858672059,0.061066926888432405,0.4188568133811658
id,train_mixed,pre_softmax,15,16,8.0,0.90258492906815,0.5410526190328606,1.0,-0.002986674369963947,0.1031789481639862,0.24058596789836884,0.06615455448627472,0.4462229907512665,0.06615455448627472,0,0.9271211624145508,0.16348037123680115,0.6980289250612258,0.5547391526906497,0.2032359356650654,0.44928818758297434,0.09025219285869501,0.0034713557925682634,0.06421794173885699,0.38507024584411736
id,train_mixed,pre_softmax,15,16,12.0,0.752227552363061,0.48384328183773995,0.9938094983181349,-0.0038079451200061774,0.18358704447746277,0.28970909118652344,0.08806292712688446,0.48102596402168274,0.0856151357293129,0,0.9621798992156982,0.18200968205928802,0.7281288340687752,0.5220348458112525,0.19105988804566112,0.42274235848157504,0.049171041012397665,0.004160847265943789,0.0356679828884615,0.38707437559311353
id,train_mixed,pre_softmax,15,16,16.0,0.8051370442487554,0.6607241633496196,0.9689638914554071,-0.0033564347350394934,0.21799200773239136,0.29134783148765564,0.13477468490600586,0.6269686222076416,0.11900961399078369,0,0.9228503108024597,0.15980686247348785,0.6939372763037681,0.5655834757451413,0.22983037341002077,0.46485754504460514,0.07815114957868607,0.0039083240610141715,0.0558783019233845,0.40897924312122064
id,train_mixed,pre_softmax,15,16,24.0,0.3414299697239166,0.0998728088594467,0.5041688439186726,-0.0012857524591074214,0.46035268902778625,0.5045626163482666,0.430568128824234,0.5228413939476013,0.33982083201408386,0,0.9628045558929443,0.22739920020103455,0.7421829491853714,0.42062063219842416,0.062148600393223535,0.31307902265686394,0.05349055727146801,0.004490886037340342,0.03879065590122971,0.2742883667556342
id,train_mixed,pre_softmax,16,8,0.0,0.05068911154636761,0.8580533710391318,0.9655006649360924,0.00025978323288214193,0.8274638056755066,0.20486681163311005,0.12200909107923508,0.8665525913238525,0.09540501236915588,0,0.9425584673881531,0.14209207892417908,0.7024185508489608,0.6023256342971581,0.3328313123232838,0.5214773377049958,0.06103279909750614,0.0017469938875227578,0.04324705753451112,0.4782302801704847
id,train_mixed,pre_softmax,16,8,0.5,0.06012521155646078,0.8368819705270681,0.9668776373189918,0.00025460007343923,0.8176883459091187,0.21431933343410492,0.1133413165807724,0.8643923997879028,0.08761253207921982,0,0.8885940313339233,0.13884861767292023,0.6636704072356223,0.6086101096698864,0.359563347702519,0.5338960810796761,0.1180826547315158,0.0013820226231344005,0.08307246509900137,0.4508236159806748
id,train_mixed,pre_softmax,16,8,1.0,0.7715639034591645,0.8101090898427624,0.9634937027134554,-0.00018506722534378356,0.2591139078140259,0.23002730309963226,0.11428165435791016,0.8413441777229309,0.0867336168885231,0,0.828665018081665,0.13802474737167358,0.6214729368686676,0.6757647772915653,0.3740547733210643,0.5852517761004149,0.17875887921406852,0.0025531536231996397,0.12589716153680786,0.45935461456360704
id,train_mixed,pre_softmax,16,8,2.0,0.7537786659886333,0.7284509986406209,0.9518459197611748,-0.0007684417899395201,0.2623187303543091,0.2789722681045532,0.13208484649658203,0.7579459547996521,0.10042240470647812,0,0.8475993275642395,0.1462826132774353,0.6372043132781982,0.6213041204662951,0.30988167906970066,0.5278773880473168,0.15154331264563248,0.00199722022395116,0.10667948491912808,0.42119790312818867
id,train_mixed,pre_softmax,16,8,3.0,0.7207463557890582,0.6034404864677543,0.9645628449038703,-0.0007755917076770009,0.25473880767822266,0.31946665048599243,0.12020406126976013,0.6524372100830078,0.10065030306577682,0,0.9166008830070496,0.1538243442773819,0.6877679213881492,0.5429442385291765,0.25875601175711704,0.4576877704975586,0.09098816394928722,0.0015473181798396354,0.06415591021845293,0.3935318602791057
id,train_mixed,pre_softmax,16,8,5.0,0.82760393847296,0.49424076372059705,0.9557234839855592,-0.0011191376385979697,0.15823407471179962,0.3053320646286011,0.10170075297355652,0.5234180092811584,0.08216354250907898,0,0.9272162318229675,0.1625146120786667,0.6978057458996771,0.48465851556606665,0.20112800876080184,0.39959936352448716,0.06759221740141363,0.0017065020704310422,0.04782650280211885,0.3517728607223683
id,train_mixed,pre_softmax,16,8,8.0,0.5614171723318475,0.35516078540802415,0.9411055029602281,-0.0009301538614692365,0.24339614808559418,0.31770870089530945,0.1065974310040474,0.44567033648490906,0.08537820726633072,0,0.8710405826568604,0.18566933274269104,0.6654292076826095,0.43423153983413276,0.0971478164689376,0.3331064228245742,0.1389839929286244,0.0018738207998117349,0.09785094128998059,0.2352554815345936
id,train_mixed,pre_softmax,16,8,12.0,0.668833193021727,0.07830033799208017,0.9443172210133958,-0.0008415559684801699,0.22791682183742523,0.43832001090049744,0.12976357340812683,0.46621793508529663,0.10992414504289627,0,0.93667072057724,0.18710047006607056,0.7117996454238891,0.42770416763083596,0.13690765454397633,0.340465213704778,0.06821387735673246,0.0018742307212147994,0.04831198336607715,0.29215323033870083
id,train_mixed,pre_softmax,16,8,16.0,0.1362507588347555,0.1464666873358237,0.9390326760183284,-0.0007848739068243996,0.5464732646942139,0.5419673323631287,0.1923908144235611,0.6065692901611328,0.1655000001192093,0,0.92372065782547,0.2041051834821701,0.70783601552248,0.45641305955671385,0.1436596595582727,0.36258703955718147,0.09583010617412846,0.0016441761721989656,0.06757432717354961,0.29501271238363186
id,train_mixed,pre_softmax,16,8,24.0,0.14531799114317856,0.08771147530516211,0.4687230365572824,-0.0017655672793292945,0.4879302382469177,0.49610409140586853,0.44204193353652954,0.5085495710372925,0.36665844917297363,0,0.9735162854194641,0.24804756045341492,0.7558756679296493,0.2639388478262523,0.020530720146497566,0.19091640952232586,0.03667667340986547,0.0020274573600384945,0.026281908594917375,0.16463450092740847
id,train_mixed,pre_softmax,16,16,0.0,0.9083474165191296,0.8576016682087351,0.997759350293033,-0.003098384609733276,0.16608268022537231,0.20521514117717743,0.09713288396596909,0.8665525913238525,0.09540501236915588,0,0.8930563926696777,0.14209207892417908,0.6677670985460281,0.6066794610950756,0.32526718532804905,0.5222557783649676,0.12176311212375512,0.0035787156756034665,0.08630779318930962,0.435947985175658
id,train_mixed,pre_softmax,16,16,0.5,0.9203423569127972,0.8384145202458038,0.9983207080222398,-0.004773252612525842,0.14948898553848267,0.21312887966632843,0.08891697227954865,0.8643923997879028,0.08761253207921982,0,0.9192649722099304,0.13884861767292023,0.6851400658488273,0.586979579365007,0.32773621766249283,0.5092065708542527,0.0967392924579148,0.004589887887589649,0.06909447108681724,0.4401120997674355
id,train_mixed,pre_softmax,16,16,1.0,0.9201420803663115,0.8274142181963716,0.9991096848639072,-0.002104695384767587,0.14699524641036987,0.21696867048740387,0.08740545809268951,0.8413441777229309,0.0867336168885231,0,0.8709693551063538,0.13802474737167358,0.6510859727859497,0.6315670705014327,0.35054885293677135,0.5472616052320343,0.13266646822315553,0.004505127408038336,0.09421806597862037,0.4530435392534139
id,train_mixed,pre_softmax,16,16,2.0,0.9254702453902189,0.743926212455277,0.9980895582555442,-0.0020786998566831587,0.14942747354507446,0.2687969505786896,0.10167856514453888,0.7579459547996521,0.10042240470647812,0,0.8727172017097473,0.1462826132774353,0.6547868251800537,0.5713353925075852,0.3045098109845809,0.49128771805068394,0.13344649553614374,0.0038197596360057358,0.09455847476610232,0.3967292432845816
id,train_mixed,pre_softmax,16,16,3.0,0.8018064913542251,0.6040590694641349,0.9978601689436958,-0.0035931068206768915,0.21001088619232178,0.31912532448768616,0.10183103382587433,0.6524372100830078,0.10065030306577682,0,0.9290828108787537,0.1538243442773819,0.6965052708983421,0.494312876327351,0.2409943517528009,0.4183173189549859,0.08067757471986081,0.0029869138331826742,0.05737037645385737,0.3609469425011286
id,train_mixed,pre_softmax,16,16,5.0,0.6562915560896317,0.6408684278439554,0.998711725340795,-0.0013767351614472551,0.2338264286518097,0.24063195288181305,0.08273199945688248,0.5234180092811584,0.08216354250907898,0,0.9344735741615295,0.1625146120786667,0.7028858855366706,0.5036179116609578,0.2270310582448019,0.420641855636111,0.07843870457092872,0.003154576022244571,0.05585346600632347,0.36478838962978755
id,train_mixed,pre_softmax,16,16,8.0,0.8536148543875975,0.5012101616062719,0.9945967118171788,-0.002586977502663439,0.1381196230649948,0.2650882601737976,0.08732496947050095,0.44567033648490906,0.08537820726633072,0,0.8986920118331909,0.18566933274269104,0.6847852081060409,0.5088305338259587,0.18100228562901244,0.41048205936687476,0.1139858846690881,0.003962001057654041,0.08097871958565787,0.3295033397812169
id,train_mixed,pre_softmax,16,16,12.0,0.8545952763834038,0.35909605546674395,0.9963099849369345,-0.0025240823879194517,0.16173094511032104,0.3382742404937744,0.11123887449502945,0.46621793508529663,0.10992414504289627,0,0.9157269597053528,0.18710047006607056,0.697139012813568,0.4622705736667875,0.16194740137551533,0.3721736219794058,0.09256020003327392,0.003734732106898017,0.06591255965536115,0.30626106232404465
id,train_mixed,pre_softmax,16,16,16.0,0.7766356362416202,0.7433591042383292,0.9945044299327908,-0.005746147278250739,0.2640191614627838,0.2786964178085327,0.1679239273071289,0.6065692901611328,0.1655000001192093,0,0.9393092393875122,0.2041051834821701,0.7187480226159095,0.44774822964094385,0.16268982098858376,0.3622307070452358,0.0747331663754387,0.003478696446906382,0.053356825396879,0.30887388164835683
id,train_mixed,pre_softmax,16,16,24.0,0.45851357970341156,0.10661476523374128,0.8399664277570869,-0.0060738370906072495,0.44349056482315063,0.49342188239097595,0.3893657922744751,0.5085495710372925,0.36665844917297363,0,0.9050883054733276,0.24804756045341492,0.7079760819673537,0.3813762550633415,0.05236148260429239,0.2826718233256268,0.1200002039610859,0.0035607267338974074,0.08506836079292936,0.19760346253269745
id,train_mixed,pre_softmax,17,8,0.0,0.8802672619864172,0.941285928483142,0.9935773607732782,-6.618820766753871e-05,0.20011109113693237,0.15279974043369293,0.11225512623786926,0.8826339244842529,0.10727527737617493,0,0.8669283390045166,0.09752186387777328,0.6361063964664936,0.5926341826108378,0.3426902887901581,0.5176510144646339,0.13421273557328783,0.0013548479432103136,0.09435536928426456,0.42329564518036933
id,train_mixed,pre_softmax,17,8,0.5,0.7938436509174452,0.9390054569172296,0.9965134116531151,-0.0002547005589183322,0.26995283365249634,0.1573064923286438,0.11268001049757004,0.8859797716140747,0.10997439920902252,0,0.9150852560997009,0.09680356830358505,0.6696007497608661,0.5678235927682921,0.34212066394556506,0.500112714121474,0.09443263248076761,0.0019218536705548227,0.06667939883770377,0.43343331528377016
id,train_mixed,pre_softmax,17,8,1.0,0.7907137146930066,0.930389555050315,0.9972932689840077,-0.000830190843289949,0.2708858251571655,0.1632028967142105,0.11162355542182922,0.8804856538772583,0.1095368042588234,0,0.8711228370666504,0.09745611250400543,0.6390228196978569,0.5726667675354645,0.3120295752615914,0.4944756098533026,0.12747009841866108,0.0016023114463173803,0.08970976232695797,0.4047658475263446
id,train_mixed,pre_softmax,17,8,2.0,0.7907884809304825,0.8691770501670061,0.9954131731615664,-2.0988786695667526e-05,0.2590986490249634,0.20723041892051697,0.12370236963033676,0.7823483943939209,0.12066735327243805,0,0.8992507457733154,0.0995459258556366,0.6593392997980118,0.5676799012634962,0.2836690975296664,0.4824766601433472,0.10838845132278163,0.001437001380057081,0.07630301633996427,0.40617364380338294
id,train_mixed,pre_softmax,17,8,3.0,0.7712216681647607,0.6186217500194432,0.9972552334273814,0.0002089317998523295,0.2472487837076187,0.3261326253414154,0.13040471076965332,0.6459182500839233,0.12898585200309753,0,0.9080861806869507,0.10459467768669128,0.6670387297868728,0.5359374933503748,0.23924324388108298,0.4469292185095872,0.09640836917387952,0.002108007244799101,0.06811826059515538,0.37881095791443187
id,train_mixed,pre_softmax,17,8,5.0,0.6927419791873162,0.2019619080952923,0.995490231407338,-5.463228730514433e-05,0.2298147976398468,0.4375687837600708,0.10165727883577347,0.5230620503425598,0.09974823147058487,0,0.948325514793396,0.11414851248264313,0.6980724141001701,0.41773255620626004,0.17226812678485395,0.3440932273798382,0.06000634930960658,0.0023843412545253946,0.04271974689308222,0.301373480486756
id,train_mixed,pre_softmax,17,8,8.0,0.599193914851967,0.617567580237025,0.9958961267241918,-0.00024633237314318365,0.23355558514595032,0.22695572674274445,0.09105933457612991,0.44878727197647095,0.08958521485328674,0,0.9131865501403809,0.11552358418703079,0.6738876603543759,0.3932962866033174,0.1450333776136493,0.31881741390641694,0.10967304706962622,0.0014881841229950532,0.07721758818563686,0.2415998257207801
id,train_mixed,pre_softmax,17,8,12.0,0.05043269067867021,0.3135621063016684,0.980919155070243,-0.0006952951310399272,0.46932730078697205,0.3727610111236572,0.12784656882286072,0.48783567547798157,0.12084405869245529,0,0.9011110067367554,0.11673959344625473,0.6657995827496052,0.30189971843794583,0.08650541983214093,0.23728142885620435,0.11518285525531802,0.0016351357206317652,0.08111853939491215,0.1561628894612922
id,train_mixed,pre_softmax,17,8,16.0,0.6596757610961023,0.5771841326237811,0.9842717187786698,-0.0004749839967005646,0.31824588775634766,0.3559156656265259,0.1700192391872406,0.6194866299629211,0.1628369241952896,0,0.9086257815361023,0.10935386270284653,0.6688442058861255,0.42864405281780127,0.17903106098032298,0.3537601552665578,0.09924728679167194,0.002463867068815178,0.0702122608748149,0.2835478943917429
id,train_mixed,pre_softmax,17,8,24.0,0.11488702206664557,0.09856217584402018,0.713913500047233,-0.0040828169679574915,0.49789392948150635,0.5007728934288025,0.39225277304649353,0.5181547999382019,0.3418000638484955,0,0.8651716709136963,0.12719979882240295,0.6437801092863082,0.37038556044107795,0.02476526074862911,0.2666994705333433,0.155725529421764,0.001232289448204806,0.10937755742969622,0.15732191310364707
id,train_mixed,pre_softmax,17,16,0.0,0.9158777284714494,0.9428971424106168,0.9991127340076972,-0.0033912039408197474,0.17250020802021027,0.15155047178268433,0.10796322673559189,0.8826339244842529,0.10727527737617493,0,0.9000322222709656,0.09752186387777328,0.6592791147530079,0.5455993496888593,0.32305340707929564,0.47883556690599016,0.12409442294752593,0.003368554685103147,0.08787666246879909,0.39095890443719106
id,train_mixed,pre_softmax,17,16,0.5,0.9259643812098504,0.9389957021008898,0.9996109498888748,-0.002986125943627262,0.1674264371395111,0.15731406211853027,0.11027630418539047,0.8859797716140747,0.10997439920902252,0,0.8720452785491943,0.09680356830358505,0.6394727654755115,0.5679602329844027,0.31923923634087664,0.4933439339913448,0.14274637139022472,0.003771521851280133,0.10105391652854133,0.39229001746280345
id,train_mixed,pre_softmax,17,16,1.0,0.9017378815635309,0.9313755516392689,0.9999264943244311,-0.0010804541846691224,0.18529187142848969,0.16244274377822876,0.1095934733748436,0.8804856538772583,0.1095368042588234,0,0.9348626136779785,0.09745611250400543,0.6836406633257865,0.5134624135746586,0.2920272139087747,0.4470318536748934,0.08553780443324377,0.003958210653979705,0.06106392629946454,0.38596792737542884
id,train_mixed,pre_softmax,17,16,2.0,0.9026157680782309,0.8965580484193744,0.9976346628280909,-0.0017279266368939675,0.18510465323925018,0.18911293148994446,0.12223245203495026,0.7823483943939209,0.12066735327243805,0,0.8898804783821106,0.0995459258556366,0.6527801126241684,0.5653347888319937,0.27814757524942374,0.4791786247572227,0.1256303140110563,0.003071865702829251,0.08886277951858816,0.39031584523863455
id,train_mixed,pre_softmax,17,16,3.0,0.9015557636033541,0.8293168443249966,0.9984490676562562,0.0002286488736794533,0.17987486720085144,0.21721750497817993,0.12978757917881012,0.6459182500839233,0.12898585200309753,0,0.8819624781608582,0.10459467768669128,0.6487521380186081,0.5411568658344221,0.23294994683782025,0.44869479013544156,0.15096860395399925,0.003419205557645481,0.10670378443509312,0.34199100570034846
id,train_mixed,pre_softmax,17,16,5.0,0.8217597161824514,0.7241250601346774,0.9992974893313474,-0.0014093158856628599,0.17519980669021606,0.21652990579605103,0.10004561394453049,0.5230620503425598,0.09974823147058487,0,0.9480322003364563,0.11414851248264313,0.6978670939803123,0.4387628240639655,0.1917981012466164,0.36467340721876074,0.07962701869706534,0.0033245787476934674,0.056736286712253774,0.30793712050650696
id,train_mixed,pre_softmax,17,16,8.0,0.8258996794194488,0.6324769943899441,0.9978364816004486,-0.0012393779016547247,0.1521224081516266,0.2216002345085144,0.09036235511302948,0.44878727197647095,0.08958521485328674,0,0.8871718049049377,0.11552358418703079,0.6556773386895657,0.4287488762435022,0.15692653625125494,0.347202174245828,0.1540226718680211,0.003779125085372294,0.10894960783322645,0.23825256641260156
id,train_mixed,pre_softmax,17,16,12.0,0.5855814248194579,0.48755642395714005,1.0,-0.0006297610069159817,0.2729322016239166,0.30890655517578125,0.12084405869245529,0.48783567547798157,0.12084405869245529,0,0.9460258483886719,0.11673959344625473,0.6972399719059468,0.36474845642997256,0.11990807596721843,0.2912963422911463,0.07965565380843398,0.0033385500944482947,0.05676052269423827,0.23453581959690806
id,train_mixed,pre_softmax,17,16,16.0,0.7521329166813916,0.7114861513742933,0.9883344700513551,-0.0020318977402137097,0.27602535486221313,0.2945866882801056,0.1681639850139618,0.6194866299629211,0.1628369241952896,0,0.911465585231781,0.10935386270284653,0.6708320684731006,0.43491484123789836,0.1805719980385304,0.358611988278088,0.11078339572737173,0.004309557529177977,0.0788412442679136,0.2797707440101744
id,train_mixed,pre_softmax,17,16,24.0,0.4182511381950738,0.15333106998364002,0.8651923461377076,-0.003994941768316022,0.44439423084259033,0.49111413955688477,0.36557403206825256,0.5181547999382019,0.3418000638484955,0,0.9444851875305176,0.12719979882240295,0.6992995709180831,0.3240003919827338,0.0490611370244481,0.24151861549524806,0.07770855222669071,0.003592826634806103,0.05547383454912533,0.18604478094612273
id,train_mixed,pre_softmax,18,8,0.0,0.8192101276699766,0.8242732031922863,0.9898145601006416,-0.0008081765831040813,0.23037150502204895,0.22633828222751617,0.09446879476308823,0.8829505443572998,0.08635511994361877,0,0.8649868369102478,0.10101035982370377,0.6357938937842845,0.5590333588362679,0.34484707164057904,0.4947774726775612,0.13596971033450223,0.0019792763268567833,0.09577258013220859,0.39900489254535265
id,train_mixed,pre_softmax,18,8,0.5,0.8202959087269007,0.8454214968896584,0.9924848318828144,-0.0010624602481136478,0.22978419065475464,0.20966553688049316,0.09190843999385834,0.8866145610809326,0.08589086681604385,0,0.9203929901123047,0.10167018324136734,0.6747761480510234,0.4863965722356861,0.2972147035512397,0.4296420116303522,0.08472633295892273,0.0018999330301977585,0.05987841298030524,0.369763598650047
id,train_mixed,pre_softmax,18,8,1.0,0.8237139568110996,0.8486853422604035,0.9936332630802029,-0.0005677178397824704,0.22116419672966003,0.2021041214466095,0.09146875888109207,0.8498858213424683,0.08660917729139328,0,0.8734778761863708,0.10492829233407974,0.6429130010306834,0.5143697223811728,0.2996936243389977,0.44996689296852027,0.13062775721605258,0.0015480256266407865,0.09190383773922903,0.35806305522929127
id,train_mixed,pre_softmax,18,8,2.0,0.7753593349172726,0.7956182822273397,0.9932876766223669,-0.001576854318779371,0.2563582956790924,0.24243943393230438,0.10663114488124847,0.7890670895576477,0.10201945900917053,0,0.9006601572036743,0.10259794443845749,0.6612414933741093,0.5361105938884683,0.28289156749290567,0.4601448859697994,0.10580114432320153,0.0016049656833915485,0.07454229073125854,0.3856025952385409
id,train_mixed,pre_softmax,18,8,3.0,0.7648140280564721,0.694650049871802,0.9916557461039636,0.00037881152120448555,0.23873132467269897,0.2777358293533325,0.11262888461351395,0.6638952493667603,0.10799027234315872,0,0.8784273862838745,0.10264283418655396,0.6456920206546783,0.49558801302839806,0.24292765651777518,0.41978990607521116,0.12216340174363827,0.0022408468866925817,0.08618663528655456,0.3336032707886566
id,train_mixed,pre_softmax,18,8,5.0,0.7748804743106822,0.6051465774791833,0.9788707447017648,5.99315653989416e-05,0.1980099380016327,0.2754928171634674,0.1048891544342041,0.5517399311065674,0.09524372965097427,0,0.8719828724861145,0.1055322140455246,0.6420476749539376,0.4410381545348805,0.17660986812087687,0.3617096686106794,0.13586239316036386,0.002335727049912193,0.09580439332722836,0.26590527528345104
id,train_mixed,pre_softmax,18,8,8.0,0.4373498833122987,0.6907131876955396,0.9780885500458184,-0.0015670005415464126,0.29196202754974365,0.19806596636772156,0.0915650874376297,0.4540432393550873,0.0834447368979454,0,0.8839386701583862,0.12188968062400818,0.6553239732980728,0.3752914802120402,0.13949351976945049,0.3045520920792632,0.14194989107030387,0.0015385201972366689,0.0998264798083837,0.2047256122708795
id,train_mixed,pre_softmax,18,8,12.0,0.06764031321429147,0.598073109221364,0.9881583607928712,-0.00187440474170908,0.4514019787311554,0.2643345296382904,0.12676337361335754,0.47525665163993835,0.122587189078331,0,0.879223644733429,0.12371019273996353,0.6525696091353893,0.3565936410653362,0.11504493219444853,0.2841290284040699,0.15351841873569128,0.0020128242520409045,0.10806674039059616,0.17606228801347373
id,train_mixed,pre_softmax,18,8,16.0,0.5924167781818033,0.6652580322484809,0.9731821889600075,-0.0015779978439404174,0.34217745065689087,0.30609580874443054,0.15356673300266266,0.635628879070282,0.14028263092041016,0,0.9177775979042053,0.12428390979766846,0.6797294914722443,0.3476467022746009,0.14431892836265184,0.2866483701010162,0.10700983839346534,0.002041807188436984,0.07551942903195684,0.21112894106905933
id,train_mixed,pre_softmax,18,8,24.0,0.10674863622438513,0.06772587820233997,0.44102330663166134,-0.004512430055963663,0.4932202696800232,0.49873611330986023,0.445970743894577,0.5083091259002686,0.36695972084999084,0,0.9191663861274719,0.14750294387340546,0.687667353451252,0.31309297995915053,0.032683750875385886,0.22897021123402111,0.0950883450009572,0.001843845100953561,0.0671149950309561,0.16185521620306503
id,train_mixed,pre_softmax,18,16,0.0,0.8935384482657931,0.9390220255242682,0.9981644492316991,-0.002440242839067994,0.17116190493106842,0.13492989540100098,0.08781731128692627,0.8829505443572998,0.08635511994361877,0,0.9684122204780579,0.10101035982370377,0.7081916622817516,0.4337408446674461,0.3052865471142973,0.39520455540150146,0.041174621669205935,0.002451688183827379,0.029557741623592367,0.3656468137779091
id,train_mixed,pre_softmax,18,16,0.5,0.9124278231823999,0.9449804536215082,0.9993165618193096,-0.0018393000960302756,0.15601198375225067,0.12994632124900818,0.08643811196088791,0.8866145610809326,0.08589086681604385,0,0.9352375864982605,0.10167018324136734,0.6851673655211925,0.47299820649266877,0.302623276373333,0.421885727456868,0.08063913659739297,0.003731608719056785,0.05756687823389211,0.36431884922297586
id,train_mixed,pre_softmax,18,16,1.0,0.9249863075652199,0.9467212327848423,0.9997374988282767,-0.0008733640055195528,0.14386537671089172,0.12727561593055725,0.08680953830480576,0.8498858213424683,0.08660917729139328,0,0.9260606169700623,0.10492829233407974,0.6797209195792674,0.47081419880936193,0.29090656392499015,0.4168419083440503,0.08091164310768506,0.003376984482158488,0.05765124552002708,0.35919066282402323
id,train_mixed,pre_softmax,18,16,2.0,0.9270811802792748,0.9096653812938456,0.9978689129668983,-0.0007407120474107763,0.15211816132068634,0.16408364474773407,0.10348361730575562,0.7890670895576477,0.10201945900917053,0,0.9132449626922607,0.10259794443845749,0.6700508572161198,0.5249111696556076,0.2844952306478199,0.45278638795327125,0.09956720318605194,0.0046032721861116385,0.07107802388606985,0.38170836406720143
id,train_mixed,pre_softmax,18,16,3.0,0.9325628509282176,0.8596230034609708,0.9989655593394564,0.0014719288318978709,0.14547891914844513,0.18602654337882996,0.1085653230547905,0.6638952493667603,0.10799027234315872,0,0.9410011768341064,0.10264283418655396,0.6894936740398407,0.44978729894523595,0.24020820400627577,0.3869135704635479,0.06963732043037363,0.0038990771635022798,0.049915847450312224,0.33699772301323566
id,train_mixed,pre_softmax,18,16,5.0,0.9249954010847384,0.8196025117266831,0.998465494050315,0.00048075822178410233,0.12948304414749146,0.17759449779987335,0.09594422578811646,0.5517399311065674,0.09524372965097427,0,0.9565333724021912,0.1055322140455246,0.7012330248951911,0.42437389557952865,0.2213703638258064,0.36347283605341196,0.05791317712973054,0.004138069849852615,0.04178064494576716,0.3216921911076448
id,train_mixed,pre_softmax,18,16,8.0,0.8891745380747015,0.8812503129970194,0.9988351635613107,-0.001253294849635679,0.12451648712158203,0.12745319306850433,0.08387642353773117,0.4540432393550873,0.0834447368979454,0,0.9329690933227539,0.12188968062400818,0.6896452695131301,0.37568186649761126,0.18584892540028092,0.31873198416841214,0.08579681030544317,0.003761339428087354,0.06118616904223642,0.2575458151261757
id,train_mixed,pre_softmax,18,16,12.0,0.8051731576553877,0.8003815568409794,0.992012040944179,-0.0033210453247899934,0.19129666686058044,0.19298651814460754,0.12540429830551147,0.47525665163993835,0.122587189078331,0,0.9415817260742188,0.12371019273996353,0.6962202660739422,0.3554113893276426,0.14223177644203774,0.29145750546196114,0.0732780211664884,0.003102317924110448,0.052225310193775014,0.23923219526818612
id,train_mixed,pre_softmax,18,16,16.0,0.7456260616800539,0.9327279448208544,0.9938951554359162,-0.0028835702556190453,0.26628580689430237,0.17360559105873108,0.1433066427707672,0.635628879070282,0.14028263092041016,0,0.9364821910858154,0.12428390979766846,0.6928227066993713,0.3685530566323597,0.17552891489430092,0.31064581411094205,0.079821101118564,0.004903570260601313,0.05734584186117519,0.25329997224976686
id,train_mixed,pre_softmax,18,16,24.0,0.2977440590659847,0.2519916616398536,0.9647342268937205,-0.005239833274965374,0.46622318029403687,0.47269025444984436,0.37194451689720154,0.5083091259002686,0.36695972084999084,0,0.9493880271911621,0.14750294387340546,0.7088225021958351,0.32926207219889325,0.04828865274292883,0.2449700463621039,0.06656098076306516,0.003039557616917671,0.04750455381922091,0.19746549254288298
id,train_mixed,pre_softmax,19,8,0.0,0.7916813773197906,0.8477641683257657,0.963937738964601,9.692586852465772e-05,0.2811927795410156,0.23939312994480133,0.1528065949678421,0.8712490797042847,0.12592865526676178,0,0.947980523109436,0.0977383404970169,0.6929078683257103,0.49772403755211414,0.2821207094267383,0.43304303911450137,0.05384679066895515,0.001647056391359401,0.03818687038567642,0.39485616872882495
id,train_mixed,pre_softmax,19,8,0.5,0.6781575299639798,0.8361480136457901,0.9664957800314616,0.0006075730242659156,0.3615276515483856,0.24478679895401,0.14847144484519958,0.8626254796981812,0.12371481955051422,0,0.8866028785705566,0.0979430302977562,0.6500049240887165,0.5518515926464382,0.29331684012393583,0.47429116688968753,0.1280564446030027,0.0013062265683589462,0.09003137919260956,0.38425978769707797
id,train_mixed,pre_softmax,19,8,1.0,0.8895997443053512,0.8196311216415549,0.9600439616822971,0.0007312227054315241,0.2135457992553711,0.26359882950782776,0.1631525456905365,0.849933385848999,0.1345694363117218,0,0.9513603448867798,0.09805996716022491,0.6953702315688133,0.467632921061252,0.27629152748083824,0.4102305029871278,0.054300767539682604,0.0019780175726617968,0.03860394254957636,0.3716265604375515
id,train_mixed,pre_softmax,19,8,2.0,0.17711844803359922,0.7583284216600037,0.9404817152649233,-0.00032588588151073814,0.6522666811943054,0.29179146885871887,0.1788172423839569,0.7621182203292847,0.1419031023979187,0,0.9132731556892395,0.10055648535490036,0.6694581545889378,0.5567762871901196,0.30307268853468644,0.48066520759348963,0.0853336610266695,0.0019509006623294014,0.06031883291736747,0.4203463746761222
id,train_mixed,pre_softmax,19,8,3.0,0.5289874394456504,0.6804568716082354,0.9288814131197213,-0.0002006461371814455,0.37171870470046997,0.29518043994903564,0.16965027153491974,0.639018714427948,0.13371369242668152,0,0.9125470519065857,0.10379922389984131,0.6699227035045623,0.5078089282160585,0.23761612224879566,0.4267510864258796,0.08229661939508326,0.002025670492248577,0.058215334724232855,0.36853575170164676
id,train_mixed,pre_softmax,19,8,5.0,0.41207899946182364,0.6282400990581521,0.960632528229981,-0.000375302496597036,0.3431798219680786,0.25296008586883545,0.11422856897115707,0.5151703357696533,0.09779766201972961,0,0.9014400243759155,0.10677944123744965,0.6630418494343757,0.4228225547411958,0.17623908166498137,0.34884751281833143,0.10286975736679527,0.001948525229986202,0.07259338772575255,0.27625412509257885
id,train_mixed,pre_softmax,19,8,8.0,0.4874471194800765,0.5105325681785959,0.9595913433689939,0.0001178215136706713,0.2805948555469513,0.27195847034454346,0.10396327078342438,0.46295133233070374,0.08884618431329727,0,0.9174015522003174,0.11191882193088531,0.6757567331194877,0.4224891377087231,0.1605368370811776,0.3439034475204594,0.08152745565287445,0.0017177514783482165,0.05758454440051657,0.28631890311994285
id,train_mixed,pre_softmax,19,8,12.0,0.09368827478963265,0.3801843459676776,0.9006113671687627,-0.0003072765825604332,0.4224340319633484,0.3262915313243866,0.15164636075496674,0.45387399196624756,0.11829347163438797,0,0.9268029928207397,0.11824290454387665,0.6842349663376808,0.3133129457696041,0.08260114671808438,0.24409940605414818,0.07226280757844528,0.0016958190948912326,0.051092711033379055,0.19300669502076911
id,train_mixed,pre_softmax,19,8,16.0,0.4878618528246691,0.8125153026762661,0.9580241916088151,0.0005358900686901315,0.3885408043861389,0.24572676420211792,0.1817178577184677,0.6031497120857239,0.1632528305053711,0,0.9295760989189148,0.11608199775218964,0.6855278685688971,0.2795240303025407,0.0962188477097671,0.22453247552470862,0.07943769446224047,0.0019054260112892892,0.05617801392695511,0.16835446159775352
id,train_mixed,pre_softmax,19,8,24.0,0.24957838979904837,0.3789230961780372,0.7393823171908775,-0.005059675962950628,0.4647136926651001,0.4538106918334961,0.42342609167099,0.4857516884803772,0.4014575481414795,0,0.8266457319259644,0.1161935031414032,0.613510063290596,0.3304212066019334,0.018403338296037835,0.23681584611016473,0.19090675910266242,0.0018137545731378808,0.13417885774380506,0.10263698836635968
id,train_mixed,pre_softmax,19,16,0.0,0.9181174141337869,0.8593592252424231,0.999110473237954,-0.001954671681913931,0.18695741891860962,0.23075109720230103,0.12659163773059845,0.8712490797042847,0.12592865526676178,0,0.9194991588592529,0.0977383404970169,0.6729709133505821,0.4989051570706897,0.272069458643173,0.4308544475424347,0.10165533054150278,0.0029672633022154614,0.07204891036971657,0.3588055371727181
id,train_mixed,pre_softmax,19,16,0.5,0.8649181733565475,0.8442166874666184,0.9982259020956006,-0.0010096908583027704,0.22352822124958038,0.2388247698545456,0.12502571940422058,0.8626254796981812,0.12371481955051422,0,0.937289297580719,0.0979430302977562,0.6854854173958301,0.5003398363441872,0.289985291262912,0.4372334728198046,0.08083339100154252,0.003264091694336316,0.05756260120938066,0.37967087161042395
id,train_mixed,pre_softmax,19,16,1.0,0.8590045189413218,0.8298602823881104,0.9985308264403832,-0.0016046738928789566,0.23543252050876617,0.2562812566757202,0.13562043011188507,0.849933385848999,0.1345694363117218,0,0.914701521396637,0.09805996716022491,0.6697090551257133,0.5241775346626896,0.2945747771818858,0.4552967074184484,0.11543397858935289,0.0038210656551989873,0.08195010470910671,0.3733466027093417
id,train_mixed,pre_softmax,19,16,2.0,0.9050965245918906,0.7636866544301691,0.9975405995089319,-0.0031320987214144697,0.20076367259025574,0.28846821188926697,0.14342845976352692,0.7621182203292847,0.1419031023979187,0,0.9176608324050903,0.10055648535490036,0.6725295282900333,0.5164308771242133,0.27649634854553196,0.4444505185506089,0.11027123139310224,0.00410623065900483,0.07842173117287302,0.3660287873777359
id,train_mixed,pre_softmax,19,16,3.0,0.8566066043484064,0.677481151383264,0.9997565351986228,-0.0014982993735912526,0.20617109537124634,0.2966840863227844,0.13383671641349792,0.639018714427948,0.13371369242668152,0,0.8882430791854858,0.10379922389984131,0.6529099225997924,0.5336258315444651,0.23767244286255362,0.4448398149398916,0.13859041063212496,0.0038450044574364697,0.0981667887797184,0.3466730261601732
id,train_mixed,pre_softmax,19,16,5.0,0.8102789827103081,0.6542911334856584,0.9967463429963491,-0.001942061891637402,0.17698203027248383,0.24208709597587585,0.09915564954280853,0.5151703357696533,0.09779766201972961,0,0.9185788631439209,0.10677944123744965,0.6750390365719795,0.4657771279352293,0.1988505757931055,0.3856991622925921,0.10261370386343571,0.0028404813907492287,0.07268173712162976,0.3130174251709623
id,train_mixed,pre_softmax,19,16,8.0,0.8043285983065687,0.6744643955673698,0.9982331154412044,-0.004188359636747271,0.1620478630065918,0.21063072979450226,0.08950718492269516,0.46295133233070374,0.08884618431329727,0,0.9306393265724182,0.11191882193088531,0.6850231751799583,0.44044855501206004,0.18189586414753228,0.3628827477527017,0.08940964985211819,0.004659347330999079,0.06398455909578245,0.29889818865691925
id,train_mixed,pre_softmax,19,16,12.0,0.7697686911138787,0.653835900761653,0.9984372854378541,-0.002277043808338008,0.19555461406707764,0.23445940017700195,0.11881788820028305,0.45387399196624756,0.11829347163438797,0,0.930450975894928,0.11824290454387665,0.6867885544896125,0.4180279937366673,0.1544606879542211,0.33895780200193343,0.09028839520670173,0.003866078361961542,0.06436170015327967,0.27459610184865374
id,train_mixed,pre_softmax,19,16,16.0,0.7491871204817726,0.8357948482740072,0.9982473481571411,-0.002689477110854721,0.27358463406562805,0.23548616468906403,0.16402381658554077,0.6031497120857239,0.1632528305053711,0,0.9355195760726929,0.11608199775218964,0.6896883025765418,0.3345172600699827,0.14609902594724666,0.27799178983316186,0.07655790230109305,0.003547191936030713,0.054654689191574346,0.22333710064158752
id,train_mixed,pre_softmax,19,16,24.0,0.6483053214455167,0.38282771928856946,0.7504350451591371,-0.009902978388809104,0.43110334873199463,0.4534815549850464,0.42249441146850586,0.4857516884803772,0.4014575481414795,0,0.8789218068122864,0.1161935031414032,0.6501033157110214,0.3424748973254048,0.042087223391500894,0.2523585951452336,0.14926107420490786,0.003527638200787771,0.10554104340367183,0.1468175517415618
ood_inverted,train_mixed,original,0,8,0.0,0.9367744341095984,0.7848599885052026,0.8597249650323572,-0.0008668851034677716,0.2687799632549286,0.36572206020355225,0.31794801354408264,0.8665695786476135,0.22843344509601593,0,0.938506007194519,0.22610078752040863,0.7247844412922859,0.8063668831766995,0.3713120175711168,0.6758504234950246,0.08706483839025458,0.0027297735384756313,0.061764318934720897,0.6140861045603037
ood_inverted,train_mixed,original,0,8,0.5,0.9252221372221779,0.7870197677584747,0.8506163532264308,-0.0014936030777836845,0.28246819972991943,0.37141165137290955,0.330482542514801,0.8779171109199524,0.23434311151504517,0,0.9281812906265259,0.2254350781440735,0.7173574268817902,0.8230305688565485,0.35007717320025133,0.6811445501596592,0.10903407419412059,0.0018274473802353704,0.07687208614995503,0.6042724640097042
ood_inverted,train_mixed,original,0,8,1.0,0.9373304612277936,0.7891749472505296,0.8520440495192863,-0.0013207389011761802,0.28179478645324707,0.3751077353954315,0.33551082015037537,0.8721546530723572,0.24232356250286102,0,0.9502487182617188,0.2255842536687851,0.7328493788838386,0.8165546481296349,0.3366295698245723,0.672577124638116,0.07342758874518873,0.0014694658105790716,0.05184015186480583,0.6207369727733102
ood_inverted,train_mixed,original,0,8,2.0,0.938924961010896,0.7626052495390337,0.7991133244715268,-0.0006178170006171156,0.3067094087600708,0.39661073684692383,0.3779961168766022,0.7854454517364502,0.2755686640739441,0,0.9697265625,0.22410079836845398,0.7460388332605361,0.7345354626663332,0.30234102887401376,0.6048771325286373,0.04621081829819673,0.001684194962004586,0.03285283129733909,0.5720243012312982
ood_inverted,train_mixed,original,0,8,3.0,0.9380382547326972,0.7748365664923279,0.7624827246833862,-0.0015267103998173896,0.3167073726654053,0.3768807053565979,0.3814356327056885,0.6625670790672302,0.2938617467880249,0,0.936152458190918,0.22963128983974457,0.7241961076855659,0.7367556726976465,0.22301644523867398,0.5826339044599548,0.07378577127938568,0.0025101421828062982,0.052403082550411866,0.530230821909543
ood_inverted,train_mixed,original,0,8,5.0,0.8842694430947842,0.8167004957539467,0.5897891349226219,-0.00217903726892882,0.28307414054870605,0.3023625612258911,0.3671373128890991,0.535500168800354,0.25003737211227417,0,0.9276162385940552,0.246110737323761,0.7231645882129669,0.7727531463714274,0.2751359015052452,0.6234679729115727,0.08219526428617474,0.0025415176695378415,0.05829914030118367,0.5651688326103891
ood_inverted,train_mixed,original,0,8,8.0,0.6440472951792992,0.6127309117367533,0.2985264824490062,8.80649814837426e-06,0.2802414894104004,0.28808391094207764,0.3667687177658081,0.4415273666381836,0.19110184907913208,0,0.9823992848396301,0.284476637840271,0.7730224907398224,0.6376424149707116,0.1465895095725481,0.4903265433512625,0.019445731619920692,0.0019612500334424683,0.014200387143977224,0.4761261562072853
ood_inverted,train_mixed,original,0,8,12.0,0.31594527712002957,0.131759889859488,-0.10278200932072581,-0.0004379381373208278,0.38700634241104126,0.4283437430858612,0.48098284006118774,0.4579150974750519,0.23348143696784973,0,0.9890056252479553,0.30385974049568176,0.7834618598222732,0.5547202345990547,0.0918596613018694,0.4158620626098991,0.01765699739584692,0.0019342673940953424,0.012940178395321444,0.40292188421457764
ood_inverted,train_mixed,original,0,8,16.0,0.7518026424413099,0.6082153693306697,0.5533535131889771,-0.00044543398006554284,0.3089471459388733,0.3688172698020935,0.39169245958328247,0.6224186420440674,0.20545881986618042,0,0.9764928221702576,0.27405911684036255,0.765762710571289,0.5514465448398811,0.19001551982362644,0.44301723733500464,0.026048260241644416,0.0011949029568064226,0.018592253056193015,0.42442498427881165
ood_inverted,train_mixed,original,0,8,24.0,0.2157478369487136,0.020282123198982416,-0.32016325260687145,-1.4641489405509775e-06,0.48778098821640015,0.5196101665496826,0.575047492980957,0.522912859916687,0.3600752055644989,0,0.9792250394821167,0.30310067534446716,0.7763877302408219,0.48899310897086257,0.05187073802044058,0.35785639768573596,0.025901387057807645,0.002331034227444722,0.018830281208698767,0.3390261164770372
ood_inverted,train_mixed,original,0,16,0.0,0.9437434206902291,0.811624657431054,0.9264256604342117,-0.0031149392646855636,0.2643328011035919,0.3486425578594208,0.2753838896751404,0.8665695786476135,0.22843344509601593,0,0.9499707818031311,0.22610078752040863,0.7328097835183144,0.7199328099084803,0.32381100192998463,0.6010962675149315,0.08273448722417998,0.003762424408698742,0.0590428683795356,0.5420533991353959
ood_inverted,train_mixed,original,0,16,0.5,0.9513770007168406,0.7976452620913592,0.9428433564438781,-0.0026281375667059972,0.26563560962677,0.3645733594894409,0.2711276412010193,0.8779171109199524,0.23434311151504517,0,0.9235453605651855,0.2254350781440735,0.714112275838852,0.7834460243699468,0.31981192554659876,0.6443557947229424,0.11058914132322217,0.0031281124700443647,0.07835083266726882,0.5660049620556735
ood_inverted,train_mixed,original,0,16,1.0,0.941987163631113,0.7851810748317214,0.9516664782228907,-0.001504900401727115,0.2788618505001068,0.37762320041656494,0.27276551723480225,0.8721546530723572,0.24232356250286102,0,0.9488966464996338,0.2255842536687851,0.7319029286503791,0.7271597143782177,0.3026966527285283,0.5998207958833108,0.08566756534331976,0.0033341731237884987,0.060967547677460376,0.5388532482058505
ood_inverted,train_mixed,original,0,16,2.0,0.9436671302534756,0.7579830782436883,0.9735154652395814,-0.001152634933980087,0.3042914867401123,0.3989674746990204,0.28907251358032227,0.7854454517364502,0.2755686640739441,0,0.9569517374038696,0.22410079836845398,0.7370964556932449,0.7003543049342582,0.30005251968076296,0.5802637693582096,0.06815973148548582,0.0040448349337313646,0.048925262519959475,0.5313385068382501
ood_inverted,train_mixed,original,0,16,3.0,0.9186807663749956,0.8163594843650402,0.9489327172389757,-0.00116346195970836,0.3238445818424225,0.36157098412513733,0.31269052624702454,0.6625670790672302,0.2938617467880249,0,0.970718502998352,0.22963128983974457,0.7483923390507697,0.6887230537629123,0.23650876421689765,0.5530587668991078,0.051780705756589995,0.003636379357170382,0.03733740783676411,0.5157213590623437
ood_inverted,train_mixed,original,0,16,5.0,0.9805897390229118,0.8343025483419084,0.9312210563987713,-0.0018746068034153841,0.25557827949523926,0.2973378300666809,0.2696712017059326,0.535500168800354,0.25003737211227417,0,0.9583469033241272,0.246110737323761,0.7446760535240173,0.6905558728731573,0.2560834536796086,0.5602141471150928,0.0596680880991346,0.003725712161903857,0.04288537531796537,0.5173287717971274
ood_inverted,train_mixed,original,0,16,8.0,0.7300365612481235,0.5969972697475605,0.9092466564463686,-0.008054851630737344,0.25870758295059204,0.29202401638031006,0.21382880210876465,0.4415273666381836,0.19110184907913208,0,0.9742702841758728,0.284476637840271,0.7673321902751923,0.6319626735940798,0.15168440125742041,0.4878791918930819,0.04854674398976566,0.0034978020560050664,0.03503206140963748,0.4528471304834444
ood_inverted,train_mixed,original,0,16,12.0,0.669039075023663,0.1604419164959,0.7254040238255344,-0.0073639470416203235,0.30776020884513855,0.4219065308570862,0.2951100170612335,0.4579150974750519,0.23348143696784973,0,0.9534193873405457,0.30385974049568176,0.7585514932870865,0.6159933965308646,0.12313011237880613,0.468134411285247,0.0695390323454056,0.003609478928438289,0.0497601663203154,0.41837424496493164
ood_inverted,train_mixed,original,0,16,16.0,0.7940813460225791,0.6533669505426761,0.8323955299356365,-0.002971513524910924,0.2913186252117157,0.3499908745288849,0.2753431499004364,0.6224186420440674,0.20545881986618042,0,0.99330735206604,0.27405911684036255,0.7775328814983367,0.5644331267891827,0.21254073865775697,0.4588654103497549,0.01720410974857489,0.0045252704939626786,0.013400457972191226,0.44546495237756367
ood_inverted,train_mixed,original,0,16,24.0,0.3417793985093134,0.09608038177683625,-0.5,-0.0046472087373088024,0.4672583043575287,0.5072673559188843,0.6512678265571594,0.522912859916687,0.3600752055644989,0,0.9794502854347229,0.30310067534446716,0.7765454024076461,0.513007433471801,0.07193610093300787,0.3806860337101631,0.029448500568077907,0.0032083952484906553,0.02157646897220173,0.35910956473796135
ood_inverted,train_mixed,original,1,8,0.0,0.8588822668227046,0.8011386065284147,0.8343870376180726,-0.0003304834895594207,0.324780136346817,0.3643444776535034,0.3415635824203491,0.9132622480392456,0.22809021174907684,0,0.9460534453392029,0.23886696994304657,0.7338975027203559,0.756749458446152,0.35413930119763215,0.635966411271596,0.06991163275849976,0.0017390623626713565,0.04945986163975124,0.5865065496318448
ood_inverted,train_mixed,original,1,8,0.5,0.8546223521919735,0.7996899032745081,0.8279473410002125,-0.00022181082681551524,0.34102195501327515,0.377615362405777,0.3587915897369385,0.9103310704231262,0.24417822062969208,0,0.9661034941673279,0.23722195625305176,0.7474390327930449,0.7316485905527251,0.34870220203973396,0.6167646739988277,0.0523590260838912,0.0019155854423231215,0.03722599389142077,0.579538680107407
ood_inverted,train_mixed,original,1,8,1.0,0.8492926549238384,0.7933681124523042,0.8292834456803408,-0.001145209213694807,0.348349928855896,0.3832463324069977,0.3608354926109314,0.8783007860183716,0.25430992245674133,0,0.9627035856246948,0.23571079969406128,0.7446057498455048,0.695958320889048,0.3267059147177155,0.5851825990376481,0.057739617971234725,0.002318928026687905,0.04111341098787068,0.5440691880497774
ood_inverted,train_mixed,original,1,8,2.0,0.833159251882179,0.7427946130773413,0.7838553863257264,-0.0015448265020573029,0.3717876076698303,0.41893306374549866,0.3975106477737427,0.8064672946929932,0.28474268317222595,0,0.9419143199920654,0.22963255643844604,0.7282297909259796,0.7054945582329647,0.2805380192374706,0.5780075965343164,0.06137533121047456,0.002505469225148613,0.04371437261487677,0.5342932239194397
ood_inverted,train_mixed,original,1,8,3.0,0.722298540717593,0.6879511959979615,0.6931401423439115,-0.000974917821847434,0.4082881808280945,0.4207596778869629,0.4188755750656128,0.6705542802810669,0.3074549734592438,0,0.9686589241027832,0.22745773196220398,0.7462985664606094,0.6326727183000544,0.19665602904906654,0.5018677115247581,0.03778320978551675,0.0021478163137272108,0.027092591743979884,0.4747751197807782
ood_inverted,train_mixed,original,1,8,5.0,0.761918461749941,0.6999716921334296,0.5885005015532971,-0.0014565630476911402,0.32094526290893555,0.3397343158721924,0.3735446035861969,0.5520424842834473,0.24873283505439758,0,0.9809231162071228,0.24279476702213287,0.7594846114516257,0.6030880047246578,0.19934381513331406,0.48196474784725474,0.02326741543229338,0.0019918804675373145,0.01688475494286656,0.4650799929043882
ood_inverted,train_mixed,original,1,8,8.0,0.6204267381652002,0.5003135974478287,0.4786201641777985,0.00034600614125641953,0.30809760093688965,0.33855512738227844,0.34405601024627686,0.4654214680194855,0.21184782683849335,0,0.9887758493423462,0.2646898031234741,0.7715500354766845,0.5872822831624132,0.14934899406993413,0.4559022964346694,0.018256758226955716,0.002044116049065396,0.013392965573588619,0.4425093308610808
ood_inverted,train_mixed,original,1,8,12.0,0.400957777145185,0.08502812792499452,0.1374544976620398,-0.000846440168078418,0.4046662747859955,0.4694277048110962,0.45868098735809326,0.4868573546409607,0.2818704843521118,0,0.9881640672683716,0.27149391174316406,0.7731630206108092,0.5370976596493202,0.09936907012679547,0.4057790827925628,0.019893689097867928,0.0015952493860991702,0.0144041571843373,0.3913749256082255
ood_inverted,train_mixed,original,1,8,16.0,0.8003910703530667,0.6004542388571337,0.6653655024006456,0.00026182418729604425,0.2778763175010681,0.3737328052520752,0.3426121473312378,0.6616109013557434,0.18217703700065613,0,0.9767582416534424,0.26073259115219116,0.7619505465030669,0.502366766539706,0.1686175806429718,0.4022420107706857,0.026028768874546637,0.0014119121937994313,0.018643711870322474,0.38359829890036323
ood_inverted,train_mixed,original,1,8,24.0,0.2323405243127081,0.07202808200672525,0.12566070333707893,-0.003514634051835154,0.46394142508506775,0.4911913275718689,0.4820748567581177,0.5034346580505371,0.3334546983242035,0,0.9838883280754089,0.2608155906200409,0.7669665068387984,0.4423143231318327,0.04556478072526442,0.32328946040986223,0.022390074602691934,0.0016689574410936052,0.016173739454212435,0.3071157209556498
ood_inverted,train_mixed,original,1,16,0.0,0.9084898481261341,0.7707840590301449,0.9769704159209529,-0.0010305969731009361,0.2907904088497162,0.38514256477355957,0.24386943876743317,0.9132622480392456,0.22809021174907684,0,0.9506685137748718,0.23886696994304657,0.7371280506253242,0.6963469156886725,0.332283598259468,0.5871279204599111,0.06577716983175785,0.0038714702603334455,0.04720545996033053,0.5399224604995806
ood_inverted,train_mixed,original,1,16,0.5,0.9432421750336614,0.7645124419745808,0.9776828915381071,-0.0007247550210591663,0.28198760747909546,0.4010489284992218,0.2590448260307312,0.9103310704231262,0.24417822062969208,0,0.9036568403244019,0.23722195625305176,0.7037263751029967,0.7026104378417706,0.31860677359580447,0.5874093385679807,0.1221028638505346,0.003403599624489951,0.08649308458272119,0.5009162539852595
ood_inverted,train_mixed,original,1,16,1.0,0.9295351500375472,0.757496193819949,0.9739241621997952,-9.35157077493716e-05,0.298279345035553,0.40563008189201355,0.2705810070037842,0.8783007860183716,0.25430992245674133,0,0.943374514579773,0.23571079969406128,0.7310754001140595,0.6864380492678863,0.32189480282805594,0.5770750753359372,0.08168805878500518,0.003138896344862081,0.05812331005296225,0.5189517652829749
ood_inverted,train_mixed,original,1,16,2.0,0.9173339598551894,0.7109653263451697,0.9567534834712305,-0.0014572002687280653,0.3278715908527374,0.435539186000824,0.3073054552078247,0.8064672946929932,0.28474268317222595,0,0.9701400399208069,0.22963255643844604,0.7479877948760986,0.652201763930266,0.2700268203230932,0.5375492808481142,0.0540586159672678,0.0032533285729359897,0.03881702974896825,0.4987322510991459
ood_inverted,train_mixed,original,1,16,3.0,0.9375173542841351,0.6826237026505568,0.9441223035146206,-0.0028679557611544903,0.33014237880706787,0.4226940870285034,0.32774412631988525,0.6705542802810669,0.3074549734592438,0,0.9641761779785156,0.22745773196220398,0.743160644173622,0.6230894866967895,0.24004007459198748,0.508174663065349,0.05397142076328043,0.0029518905717147,0.03866556170581071,0.4695091013595383
ood_inverted,train_mixed,original,1,16,5.0,0.8426028577287501,0.7020255600088943,1.0,0.0008214292416822674,0.2964729070663452,0.3391113579273224,0.24873283505439758,0.5520424842834473,0.24873283505439758,0,0.8834240436553955,0.24279476702213287,0.6912352606654166,0.6540943470116858,0.21592632550729685,0.5226439405603691,0.127287280860794,0.0038525030090565057,0.09025684750527274,0.43238709305509637
ood_inverted,train_mixed,original,1,16,8.0,0.7701895729333406,0.5081625540142441,0.9495915241188553,-0.0037531793868486756,0.270121693611145,0.336564838886261,0.22463008761405945,0.4654214680194855,0.21184782683849335,0,0.9782466888427734,0.2646898031234741,0.7641796231269836,0.5937931880268899,0.16873670997131818,0.4662762446102183,0.03000099483397467,0.0028937449513058476,0.021868819869174022,0.44440742474104433
ood_inverted,train_mixed,original,1,16,12.0,0.5938584674111812,0.09876875085959765,0.744959668332699,-0.004219406828919933,0.3651241660118103,0.4666110575199127,0.33415040373802185,0.4868573546409607,0.2818704843521118,0,0.9749351739883423,0.27149391174316406,0.7639027953147888,0.5737806848332154,0.13730501603744583,0.4428379841944845,0.03574719317327746,0.0025832271454771616,0.025798003364937365,0.41703998082954713
ood_inverted,train_mixed,original,1,16,16.0,0.8884327168094796,0.7150239529969639,0.7997759824296825,-0.0022027544874222756,0.2356661707162857,0.31880420446395874,0.27817121148109436,0.6616109013557434,0.18217703700065613,0,0.9744991660118103,0.26073259115219116,0.7603691935539245,0.5617427591860731,0.21163832539843308,0.45671142904978107,0.035598342188955634,0.003414648747817045,0.025943234156614058,0.43076819489316703
ood_inverted,train_mixed,original,1,16,24.0,0.3732314838695199,0.04510657427325044,-0.3173034625089045,-0.006488555172618746,0.4399927854537964,0.4957674443721771,0.5573698878288269,0.5034346580505371,0.3334546983242035,0,0.9643576145172119,0.2608155906200409,0.7532950073480605,0.5332971726986663,0.07805619922404534,0.39672488065628,0.0468585622888964,0.0031513878237099855,0.03374640994934047,0.3629784707069395
ood_inverted,train_mixed,original,2,8,0.0,0.8959556083902874,0.8100176560772595,0.9253356393340013,-0.00019049673847705952,0.3082631826400757,0.3658598065376282,0.2885723412036896,0.908743143081665,0.23853141069412231,0,0.9446921944618225,0.21486133337020874,0.7257429361343384,0.7494608910301366,0.35863107087642676,0.6322119449840236,0.07039077642380354,0.00257224137897986,0.050045215910356426,0.5821667290736672
ood_inverted,train_mixed,original,2,8,0.5,0.9052871913317011,0.8266129530408144,0.9357852057547567,-0.0006892252334783048,0.29373350739479065,0.3459254503250122,0.27350133657455444,0.8942947387695312,0.23090168833732605,0,0.9358510375022888,0.215491384267807,0.7197431415319443,0.811762910506958,0.36958812081664977,0.6791104735998654,0.07808986642742866,0.0011199008774303804,0.05499887676242917,0.6241115968374362
ood_inverted,train_mixed,original,2,8,1.0,0.915108641703687,0.8405952803559226,0.9326456535662807,-0.0008885343964338018,0.29925763607025146,0.34639352560043335,0.28816401958465576,0.878139853477478,0.2455568015575409,0,0.9344882965087891,0.21345765888690948,0.7181791052222251,0.8048629235586794,0.3431139892032618,0.6663382432520542,0.08868858392460066,0.0019640571237944464,0.06267122588435879,0.6036670173676953
ood_inverted,train_mixed,original,2,8,2.0,0.9362796791724454,0.8406533628074351,0.9347072654851047,-0.00109374850685361,0.30524304509162903,0.35504674911499023,0.3060619831085205,0.7928723692893982,0.2720564901828766,0,0.9596285820007324,0.20894421637058258,0.7344232723116875,0.7621878365041855,0.3186018168499691,0.6291120306079205,0.05783684549652257,0.0010172917967051491,0.04079097938657734,0.5883210512213431
ood_inverted,train_mixed,original,2,8,3.0,0.9520031021411285,0.7770574246377092,0.8460766856869236,-0.0033566419734364743,0.3038035035133362,0.36706528067588806,0.342107355594635,0.6480555534362793,0.2864474356174469,0,0.9449320435523987,0.2163965404033661,0.7263713926076888,0.7168052265771585,0.2283430728129108,0.5702665804478841,0.05461927940908051,0.0019388477535687702,0.03881514991242699,0.5314514305354572
ood_inverted,train_mixed,original,2,8,5.0,0.9061908296795007,0.8189411647386055,0.7995104774357695,-0.0012175342643657974,0.281343936920166,0.3060108423233032,0.31150421500205994,0.5375388860702515,0.2548225522041321,0,0.9832711219787598,0.2232583612203598,0.7552672937512397,0.6385352342388908,0.2144201190100249,0.511300699670231,0.02541983563539174,0.0016249212451233262,0.018281361318311214,0.49301933835191974
ood_inverted,train_mixed,original,2,8,8.0,0.566347728940912,0.5546231217795001,0.5887049546010047,-0.000730303528937584,0.31313279271125793,0.31615665555000305,0.3073666989803314,0.4591980576515198,0.20129066705703735,0,0.9821219444274902,0.2290603220462799,0.756203457713127,0.6047712275924273,0.11393608251131693,0.45752068406809415,0.020689739461161594,0.0015486553124097549,0.01494741421653604,0.4425732698515581
ood_inverted,train_mixed,original,2,8,12.0,0.40215765987538804,0.1975586918223881,0.12468264052946522,-0.001508350778400417,0.38427597284317017,0.4262978732585907,0.44126564264297485,0.46687379479408264,0.26148712635040283,0,0.9451865553855896,0.2387988567352295,0.7332702457904815,0.5149440297799541,0.07704641589724828,0.3835747456151424,0.06782405001477676,0.0020070255651247846,0.048078942679881165,0.3354958029352612
ood_inverted,train_mixed,original,2,8,16.0,0.6970447256835415,0.6826390740255514,0.7422119883179739,-0.0005524589656113698,0.3307690918445587,0.3369642198085785,0.3113449811935425,0.6305320858955383,0.20048364996910095,0,0.996403157711029,0.23038743436336517,0.7665984407067299,0.5453996348355448,0.17531214308508317,0.43437338731040626,0.0046063805728741025,0.001982767840687181,0.003819296753218026,0.43055409055718824
ood_inverted,train_mixed,original,2,8,24.0,0.3286862340278139,0.16425825606635264,0.6776840613867022,-0.003172694739806292,0.46407297253608704,0.4884704351425171,0.41228944063186646,0.5128427147865295,0.3644649088382721,0,0.9678421020507812,0.2458341121673584,0.7512397050857543,0.48422391540733634,0.05170893452842106,0.35446942114366176,0.036380977905482004,0.0018016209141178696,0.02600717080807276,0.328462250335589
ood_inverted,train_mixed,original,2,16,0.0,0.9759154137563368,0.8198495378141807,0.9394031831453609,3.2016258567573027e-06,0.25467318296432495,0.3592703640460968,0.2791441082954407,0.908743143081665,0.23853141069412231,0,0.9704658389091492,0.21486133337020874,0.743784487247467,0.7091397161861144,0.3468523123192242,0.6004534950260473,0.0531253521123608,0.003013059336160642,0.038091664279500746,0.5623618307465466
ood_inverted,train_mixed,original,2,16,0.5,0.9740757735353773,0.826494443318098,0.9331180182083585,-0.0003084487324378856,0.24809964001178741,0.34600406885147095,0.2752707302570343,0.8942947387695312,0.23090168833732605,0,0.9451372623443604,0.215491384267807,0.7262434989213943,0.7190145730376925,0.3468733800230974,0.607372215133314,0.0781706696095591,0.00309132701990003,0.05564686683266137,0.5517253483006526
ood_inverted,train_mixed,original,2,16,1.0,0.9840367210630941,0.8364039985932324,0.9177731142023461,-0.0017663272317654344,0.255654901266098,0.3490448594093323,0.29757213592529297,0.878139853477478,0.2455568015575409,0,0.9392017126083374,0.21345765888690948,0.721478496491909,0.7312128295111016,0.34160089279781547,0.6143292484971157,0.08071661478160663,0.0036764084128123624,0.05760455287096835,0.5567246956261473
ood_inverted,train_mixed,original,2,16,2.0,0.9632756514610218,0.8536435861927212,0.9030761662449663,-0.0027542274318236868,0.29118311405181885,0.34828123450279236,0.3225359618663788,0.7928723692893982,0.2720564901828766,0,0.9715532064437866,0.20894421637058258,0.7427705094218254,0.6733199005906747,0.29806260891074954,0.5607427130866971,0.04894479783518768,0.0031223926163606933,0.03519807626953958,0.5255446368171575
ood_inverted,train_mixed,original,2,16,3.0,0.9707195459203836,0.8201532032450506,0.9013482033913391,-0.002796047819456046,0.29703548550605774,0.35148149728775024,0.322120726108551,0.6480555534362793,0.2864474356174469,0,0.948188066482544,0.2163965404033661,0.7286506086587905,0.676046169572152,0.240981761783892,0.545526847235674,0.06920873966442354,0.0029499676220340154,0.04933110805170667,0.49619573918396737
ood_inverted,train_mixed,original,2,16,5.0,0.9398248184292732,0.7944891763839254,0.8520318485880713,0.001163773011134061,0.271835058927536,0.3129238188266754,0.2966555655002594,0.5375388860702515,0.2548225522041321,0,0.9597771167755127,0.2232583612203598,0.7388214901089668,0.6444006308871291,0.23027378897382408,0.5201625783131375,0.05674575889567379,0.002521545798447951,0.04047849496650604,0.4796840833466315
ood_inverted,train_mixed,original,2,16,8.0,0.7300772735088403,0.6131792516145255,0.8425322304209322,-0.00188538486995975,0.2709057331085205,0.30105459690093994,0.24190276861190796,0.4591980576515198,0.20129066705703735,0,0.9647083282470703,0.2290603220462799,0.7440139263868332,0.6299750271023956,0.1526555474959434,0.48677918322045993,0.055902699941144274,0.003723728616928971,0.04024900854387968,0.44653017467658024
ood_inverted,train_mixed,original,2,16,12.0,0.62619657779223,0.2743735773509704,0.8290222360941158,-0.014274410723844408,0.33826136589050293,0.41052111983299255,0.2966036796569824,0.46687379479408264,0.26148712635040283,0,0.9693360328674316,0.2387988567352295,0.750174880027771,0.5456204175635899,0.09815107690882235,0.4113796153671596,0.048033805733567414,0.0036793386572257403,0.03472746561066491,0.3766521497564947
ood_inverted,train_mixed,original,2,16,16.0,0.782909891184572,0.7216019147845213,0.8787236839615937,-0.0015288948443700503,0.2938429117202759,0.3202083110809326,0.2526383399963379,0.6305320858955383,0.20048364996910095,0,0.9845876097679138,0.23038743436336517,0.7583275571465492,0.5756631209382342,0.19095595707910093,0.4602509717804942,0.02737843139096774,0.0033478417784392317,0.020169254507209185,0.440081717273285
ood_inverted,train_mixed,original,2,16,24.0,0.32251136986056494,0.2107660724123989,0.8697630501575401,0.0007608361404397464,0.46498918533325195,0.48156970739364624,0.38378918170928955,0.5128427147865295,0.3644649088382721,0,0.9804083108901978,0.2458341121673584,0.7600360512733458,0.5246430487029125,0.06742690222224972,0.38747820475871364,0.03178987237692421,0.0038941154334480744,0.023421145293881368,0.36405705946483224
ood_inverted,train_mixed,original,3,8,0.0,0.8960319249222474,0.7977494680475039,0.7617941890690008,-0.0012239811476553563,0.29257577657699585,0.3558862507343292,0.3790475130081177,0.869771420955658,0.22560280561447144,0,0.9326159358024597,0.2299843579530716,0.7218264624476433,0.8065287618468242,0.36991009878485015,0.675543162928232,0.08333442003793967,0.0018754237710888477,0.05889672115788442,0.6166464417703476
ood_inverted,train_mixed,original,3,8,0.5,0.8732776789812842,0.7936518687840882,0.7762808645546345,-0.0007204244373498783,0.3003416061401367,0.35166776180267334,0.36286497116088867,0.8632493615150452,0.21865741908550262,0,0.9422883987426758,0.22720009088516235,0.7277619063854217,0.7908209414085831,0.3779578518148056,0.6669620145304498,0.06661638784041801,0.0024083208962461366,0.04735396775716645,0.6196080467732833
ood_inverted,train_mixed,original,3,8,1.0,0.9047093472827152,0.7779336142619176,0.7724749862966708,-0.0010330202061385192,0.29211652278900146,0.3713293969631195,0.3747400939464569,0.8574031591415405,0.2325763702392578,0,0.9497984051704407,0.23113757371902466,0.7342001557350158,0.7934065429135422,0.34797908841208913,0.6597783065631062,0.055145832958472196,0.001988254843753875,0.039198559524056695,0.6205797470390495
ood_inverted,train_mixed,original,3,8,2.0,0.8773775629354682,0.7307696657118227,0.7018208726630172,-0.001143609055040825,0.3184551000595093,0.39379703998565674,0.40867385268211365,0.7693402767181396,0.25543931126594543,0,0.9640004634857178,0.22930940985679626,0.7435931473970413,0.7556679455462013,0.307225021723632,0.6211350683994304,0.042939478968584965,0.0019417374345477257,0.03064015650837379,0.5904949118910566
ood_inverted,train_mixed,original,3,8,3.0,0.858235366441053,0.6264990730290906,0.5365401929033734,-0.0009515167993922138,0.3337022066116333,0.41206151247024536,0.442480206489563,0.6239058971405029,0.2857659161090851,0,0.9666444063186646,0.2367432713508606,0.7476740658283233,0.6922000126835182,0.24363833800550636,0.5576315102801146,0.036454127859648966,0.0018369883568588904,0.026068986008811943,0.5315625242713027
ood_inverted,train_mixed,original,3,8,5.0,0.8391399916835165,0.6968166349311502,0.4487339906018826,0.0006117949877451281,0.3083314597606659,0.34633809328079224,0.41258713603019714,0.532418966293335,0.26537472009658813,0,0.9722000360488892,0.24954605102539062,0.7554038405418396,0.6683712431309732,0.22734163241931188,0.5360623599174748,0.03787137955785913,0.0011101903074294567,0.026843022782730225,0.5092193371347445
ood_inverted,train_mixed,original,3,8,8.0,0.7063317303115728,0.5803920800932325,0.2766094500921013,0.00042667900428422945,0.2857266068458557,0.31295186281204224,0.3786226809024811,0.43841928243637085,0.22224228084087372,0,0.9775751829147339,0.26914268732070923,0.7650454342365265,0.5707093183308943,0.1554868978211412,0.44614259217796837,0.04075678981893471,0.0012404152991549251,0.028901877463000776,0.4172407147149676
ood_inverted,train_mixed,original,3,8,12.0,0.5020165167532668,0.19109424173957268,-0.19289870143916257,-0.00316171598512198,0.38240212202072144,0.44340279698371887,0.5187394022941589,0.4808940887451172,0.284701406955719,0,0.974740207195282,0.2698611319065094,0.7632764846086502,0.48350428266857604,0.079537534413514,0.3623142581920574,0.03028648603440698,0.002222771613482929,0.021867371708129763,0.3404468864839277
ood_inverted,train_mixed,original,3,8,16.0,0.7817197978605336,0.5834394604631848,0.682732119051237,-0.0003987432937976581,0.31494051218032837,0.39226916432380676,0.3535453677177429,0.619808554649353,0.22981198132038116,0,0.9924397468566895,0.2560870349407196,0.7715339332818985,0.5176690948828753,0.15725108817530895,0.4095436928706054,0.008994001961686093,0.002693862019669513,0.007103959979081118,0.40243973289152424
ood_inverted,train_mixed,original,3,8,24.0,0.21042131051748447,0.04913127154398323,0.13346799830596612,-0.0019963867758139137,0.4930410385131836,0.515457272529602,0.5037360787391663,0.5222855806350708,0.3833046853542328,0,0.9728835225105286,0.2592957317829132,0.7588071852922439,0.4265604830025983,0.03204119883291524,0.30820469775169335,0.028691518930305193,0.001725218462171513,0.020601628789865087,0.28760306896182825
ood_inverted,train_mixed,original,3,16,0.0,0.8931243219895783,0.801860741887285,0.9745683865692959,-0.002012703199561484,0.29444876313209534,0.35323789715766907,0.24198505282402039,0.869771420955658,0.22560280561447144,0,0.9717279672622681,0.2299843579530716,0.7492048844695092,0.6761569693949703,0.3296940360846979,0.5722180894018886,0.05239597369005167,0.004233524086172916,0.03794723880888804,0.5342708505930005
ood_inverted,train_mixed,original,3,16,0.5,0.8922495031131125,0.7992984299514032,0.9786944482401604,-0.00224421782755507,0.2881125211715698,0.3480280339717865,0.23239080607891083,0.8632493615150452,0.21865741908550262,0,0.9526926279067993,0.22720009088516235,0.7350448668003082,0.6866816841906649,0.3374533415255541,0.5819131813911316,0.07418376779725744,0.0028092223342123033,0.052771404158343894,0.5291417772327877
ood_inverted,train_mixed,original,3,16,1.0,0.9200806383452446,0.7854753104450372,0.9739279255439406,-0.0035615300947623614,0.2825121283531189,0.3666171431541443,0.24886690080165863,0.8574031591415405,0.2325763702392578,0,0.9486831426620483,0.23113757371902466,0.7334194719791411,0.7026527885695455,0.31293081944006035,0.5857361978306999,0.07335584331600387,0.0038511920252043107,0.052504447928764,0.5332317499019359
ood_inverted,train_mixed,original,3,16,2.0,0.8870546296594313,0.7413367989559058,0.931036024555119,-0.0017817568259165472,0.31348204612731934,0.38836658000946045,0.2908799648284912,0.7693402767181396,0.25543931126594543,0,0.9603219628334045,0.22930940985679626,0.741018196940422,0.6653250720870034,0.27865491362440464,0.5493240245482237,0.05965553336562168,0.0031748356748966546,0.042711324058404165,0.5066127004898195
ood_inverted,train_mixed,original,3,16,3.0,0.9331549753461433,0.6421568830509528,0.8762696769240871,-0.006195611794189983,0.30836889147758484,0.40676698088645935,0.3276040852069855,0.6239058971405029,0.2857659161090851,0,0.9685538411140442,0.2367432713508606,0.749010670185089,0.6429645757524245,0.24482014429304494,0.5235212463146106,0.051177304626037756,0.0031657267819336795,0.036773831272806534,0.4867474150418041
ood_inverted,train_mixed,original,3,16,5.0,0.9732359222982422,0.7011952880402673,0.9536649555304727,-0.005246125279810832,0.2725219130516052,0.345168799161911,0.2777482271194458,0.532418966293335,0.26537472009658813,0,0.9496293067932129,0.24954605102539062,0.7396043300628662,0.6537173610409945,0.22290782139674298,0.524474499147719,0.07765291583913658,0.003508551591194571,0.05540960656475398,0.4690648925829651
ood_inverted,train_mixed,original,3,16,8.0,0.6150202176228354,0.5639812749265151,0.9120714521209979,-0.007160762791771065,0.30546605587005615,0.3164995014667511,0.2412504106760025,0.43841928243637085,0.22224228084087372,0,0.977653443813324,0.26914268732070923,0.7651002168655395,0.5672841691838609,0.17543782045586973,0.44973026456546356,0.03338836512536858,0.0031552718263105064,0.02431843713565116,0.4254118274298124
ood_inverted,train_mixed,original,3,16,12.0,0.6111431120800518,0.3093815195011981,0.8985190032589341,-0.0013523953788575473,0.36099228262901306,0.42019569873809814,0.3046112358570099,0.4808940887451172,0.284701406955719,0,0.9764887690544128,0.2698611319065094,0.7645004779100418,0.5130516760087355,0.12473701133936892,0.39655727660792545,0.03470437636977086,0.004087340146065605,0.02551926550265928,0.3710380111052662
ood_inverted,train_mixed,original,3,16,16.0,0.8711002697630583,0.7176452351570999,0.883552935713113,-0.003262083887626376,0.28008243441581726,0.33992937207221985,0.2752259373664856,0.619808554649353,0.22981198132038116,0,0.9698106050491333,0.2560870349407196,0.7556935340166091,0.5535793876845563,0.16981480214934766,0.4384500120239937,0.038888628273937464,0.0035863159884008187,0.02829793458827647,0.41015207743571724
ood_inverted,train_mixed,original,3,16,24.0,0.4138083061269346,0.05264671352064202,0.2707164798404606,-0.012739992602003892,0.46477413177490234,0.5149686932563782,0.48466116189956665,0.5222855806350708,0.3833046853542328,0,0.9806123375892639,0.2592957317829132,0.7642173558473587,0.5069493445951585,0.05414392670951579,0.37110771922946567,0.02876985702777335,0.0036173217080328057,0.021224096431851185,0.3498836227976145
ood_inverted,train_mixed,original,4,8,0.0,0.8867153794100241,0.821267002893056,0.8940273366673033,0.0002319160424314874,0.30571240186691284,0.3470748960971832,0.30109134316444397,0.8661046028137207,0.2341180443763733,0,0.9532917141914368,0.1907326877117157,0.7245240062475204,0.8211981940348183,0.37444602960055695,0.6871725447045398,0.06718983532594491,0.0019337432276703898,0.04761300769646255,0.6395595370080772
ood_inverted,train_mixed,original,4,8,0.5,0.8910285949845493,0.8333039180825916,0.915669900967909,-0.0008118801252033421,0.31047719717025757,0.34630855917930603,0.29518163204193115,0.8635641932487488,0.24283552169799805,0,0.9592295289039612,0.20300401747226715,0.732361875474453,0.7675555583564895,0.3274506037848481,0.6355240719849969,0.05875391431847332,0.0025483862901629867,0.04189225590998021,0.5936318160750167
ood_inverted,train_mixed,original,4,8,1.0,0.89432158781262,0.8355958774567281,0.9109530024894917,-0.00023153566513272274,0.308975487947464,0.34518277645111084,0.29872140288352966,0.8603687286376953,0.24381954967975616,0,0.9316383600234985,0.20098364353179932,0.7124419450759888,0.7808476101574986,0.3453256049629105,0.6501910085991222,0.088410201340404,0.002176097858338426,0.06253997029578433,0.5876510383033379
ood_inverted,train_mixed,original,4,8,2.0,0.9099574157659392,0.8280498451902777,0.8740258085517314,-0.0009456879744528761,0.31359076499938965,0.35502979159355164,0.3317694365978241,0.773960292339325,0.26803603768348694,0,0.9473477602005005,0.21001645922660828,0.7261483699083328,0.7383211447771252,0.2695231539880896,0.5976817475404145,0.06695691348912647,0.0023960450266526535,0.04758865295038432,0.5500930945900302
ood_inverted,train_mixed,original,4,8,3.0,0.7886316489706797,0.7470461120198332,0.7411277763702522,-0.0019598159792958395,0.3840571343898773,0.3999601900577545,0.40222346782684326,0.6856440305709839,0.3032260835170746,0,0.938880443572998,0.21512944996356964,0.7217551454901695,0.6993829540881288,0.2218341442342538,0.5561183111319662,0.0901715903229906,0.0019781261080287376,0.06371355105850203,0.4924047600734642
ood_inverted,train_mixed,original,4,8,5.0,0.9001370126436229,0.8164300468010562,0.666658232524246,-0.0006631344478209127,0.2984289526939392,0.3220914602279663,0.3644293546676636,0.5528820753097534,0.27019941806793213,0,0.9525269269943237,0.22693763673305511,0.7348501399159432,0.6609340827046122,0.21376999508639555,0.5267848564191472,0.048916162723818934,0.001815368392996959,0.03478592442457234,0.49199893199457484
ood_inverted,train_mixed,original,4,8,8.0,0.6632897550893455,0.6077756120177633,0.5185828724208,-0.0011668699035193393,0.2879866063594818,0.30076855421066284,0.32130488753318787,0.44070687890052795,0.21046018600463867,0,0.9878479242324829,0.24449853599071503,0.7648431077599526,0.6227046898473716,0.1281860634790441,0.4743491019368733,0.014123327196118973,0.002180182306658501,0.01054038372928083,0.46380871820759245
ood_inverted,train_mixed,original,4,8,12.0,0.2931937111541803,0.23283683084942858,0.17919885718104658,-0.0031552830314776448,0.42273616790771484,0.433502197265625,0.4430697560310364,0.4750339686870575,0.2966611087322235,0,0.8710849285125732,0.24610263109207153,0.6835902392864227,0.555100201602361,0.08724444022563371,0.4147434731893428,0.1398686143571124,0.0024349090551171776,0.09863850276651381,0.316104970422829
ood_inverted,train_mixed,original,4,8,16.0,0.7722622663777533,0.624974187798986,0.5796072057336635,-0.0005375328165121997,0.31079280376434326,0.36986610293388367,0.3880615830421448,0.6205264925956726,0.21945330500602722,0,0.9849640130996704,0.232889324426651,0.7593416064977645,0.5680832579073198,0.20946139839082728,0.46049670005237203,0.016604004952164186,0.0014794440157545835,0.012066636671241306,0.44843006338113073
ood_inverted,train_mixed,original,4,8,24.0,0.25361654203102785,0.031502017387557424,0.14651462918093375,-0.0018063388797322168,0.4750651717185974,0.502901554107666,0.4884876608848572,0.5068495273590088,0.38152506947517395,0,0.9699363112449646,0.24813179671764374,0.7533949568867683,0.4921212440798559,0.045871219352493754,0.35824623666164723,0.03646307095749379,0.0014905030187705947,0.02597130057587683,0.3322749360857704
ood_inverted,train_mixed,original,4,16,0.0,0.9247913439388473,0.813209075754682,1.0,-0.0033151073165786017,0.2816489040851593,0.35216739773750305,0.2341180443763733,0.8661046028137207,0.2341180443763733,0,0.9689774513244629,0.1907326877117157,0.7355040222406387,0.6824941431183005,0.3278143748397537,0.5760902126347365,0.05802479387014048,0.0035242357736006273,0.04167462644117852,0.534415586193558
ood_inverted,train_mixed,original,4,16,0.5,0.9288991779317635,0.8235670699884838,1.0,-0.003055281114573618,0.2869698405265808,0.352352499961853,0.24283552169799805,0.8635641932487488,0.24283552169799805,0,0.9372119903564453,0.20300401747226715,0.7169495984911919,0.71750667215059,0.31929299580754666,0.5980425692476771,0.0892329376783566,0.0034116847696875697,0.06348656180575589,0.5345560074419212
ood_inverted,train_mixed,original,4,16,1.0,0.9349911899229298,0.8248703140462271,0.9961657403830223,-0.002753679284192265,0.2839006781578064,0.35179561376571655,0.24618355929851532,0.8603687286376953,0.24381954967975616,0,0.9377013444900513,0.20098364353179932,0.7166860342025757,0.7178610639005242,0.31623635585931803,0.5973736514881623,0.0933246629163591,0.003324068495081648,0.06632448458997586,0.5310491668981865
ood_inverted,train_mixed,original,4,16,2.0,0.8956781399812594,0.8156126404563713,0.977620701129789,-0.002855442810117648,0.32081499695777893,0.3613220751285553,0.27935826778411865,0.773960292339325,0.26803603768348694,0,0.9599030017852783,0.21001645922660828,0.7349370390176773,0.688137968784677,0.26303797410598023,0.560607970381068,0.062186602038369565,0.00253950059323648,0.04429247160482964,0.5163154987762384
ood_inverted,train_mixed,original,4,16,3.0,0.9255475666462513,0.7458455026283495,0.9815695625958506,-0.0017392704400319924,0.3316980302333832,0.40041932463645935,0.310274213552475,0.6856440305709839,0.3032260835170746,0,0.9451665282249451,0.21512944996356964,0.7261554047465324,0.6917923421415355,0.2652262194594441,0.563822505336908,0.07613190127490588,0.0042592479433813625,0.05457010527544852,0.5092524000614596
ood_inverted,train_mixed,original,4,16,5.0,0.9567581518095031,0.8192541139638192,0.9382521673637485,-0.00565488163946234,0.28242313861846924,0.3212931454181671,0.28765445947647095,0.5528820753097534,0.27019941806793213,0,0.9450187683105469,0.22693763673305511,0.7295944288372993,0.6173269930013175,0.20262380551252818,0.49291603675468076,0.07339651721293294,0.003292505203705319,0.05236531361016465,0.4405507231445161
ood_inverted,train_mixed,original,4,16,8.0,0.7423254843480873,0.5966307424334344,0.8722870274743175,-0.0045974544762177934,0.2697888910770416,0.30333462357521057,0.23986567556858063,0.44070687890052795,0.21046018600463867,0,0.963540256023407,0.24449853599071503,0.7478277400135994,0.6063990863785065,0.14828665833056953,0.46896535796412536,0.0566127303152314,0.0032905943641803517,0.040616089529916084,0.4283492684342093
ood_inverted,train_mixed,original,4,16,12.0,0.7967962641181581,0.13007401590590123,0.7654753391699526,-0.011485163403060883,0.33290714025497437,0.45183229446411133,0.3384939432144165,0.4750339686870575,0.2966611087322235,0,0.9616385102272034,0.24610263109207153,0.7469777464866637,0.5545100717997005,0.13278648446627994,0.4279929955996743,0.0451280728559148,0.0037803469770463665,0.03272375509225427,0.39526924050742
ood_inverted,train_mixed,original,4,16,16.0,0.851332199367459,0.6620710855569598,0.7555183494933749,-0.0023097415079437675,0.27907997369766235,0.3549875319004059,0.317508339881897,0.6205264925956726,0.21945330500602722,0,0.9631038904190063,0.232889324426651,0.7440395206212996,0.5912663759247507,0.20777980608968968,0.47622040497423235,0.0459052624551638,0.0028293679110712225,0.03298249409193602,0.4432379108822963
ood_inverted,train_mixed,original,4,16,24.0,0.4523059713577814,0.11923144513531014,0.4416148992994611,-0.008743954793016536,0.4501645267009735,0.49190691113471985,0.4515043795108795,0.5068495273590088,0.38152506947517395,0,0.9767096638679504,0.24813179671764374,0.7581363037228583,0.5258283531326589,0.06283848785188693,0.38693139354842726,0.03926509829667624,0.002930854970326041,0.028364825298771178,0.3585665682496561
ood_inverted,train_mixed,original,5,8,0.0,0.9053854015109587,0.8115108096277218,0.9379007016261003,-0.0023978879194053804,0.27085357904434204,0.3369860053062439,0.2479473203420639,0.9086761474609375,0.20419983565807343,0,0.9513241052627563,0.2029838114976883,0.7268220171332359,0.7633450074386283,0.32631084531831206,0.6322347588025334,0.0632015576524364,0.0015293033952309882,0.04469988137527478,0.5875348774272586
ood_inverted,train_mixed,original,5,8,0.5,0.9053235651328523,0.8357259438531641,0.9389251142975354,-0.002824230811366888,0.2749978303909302,0.322538286447525,0.2520454227924347,0.8934025168418884,0.2103266417980194,0,0.9489274024963379,0.20345890522003174,0.725286853313446,0.7469448995031143,0.34185000875229377,0.6254164322778681,0.06501236298337099,0.002333996580359339,0.04620885306246749,0.5792075792154007
ood_inverted,train_mixed,original,5,8,1.0,0.8920065345238327,0.8336828745401772,0.9256874039439087,-0.0011651373561461808,0.2973553240299225,0.33584439754486084,0.275128573179245,0.8860101699829102,0.2260880470275879,0,0.9646399021148682,0.2074197679758072,0.7374738618731498,0.7438781622004789,0.3311172150798581,0.6200498780642926,0.0479364348894038,0.0017245973449610855,0.034072883626070985,0.5859769944382216
ood_inverted,train_mixed,original,5,8,2.0,0.8284750298198847,0.8168203686408037,0.8745221020096405,-0.001901284119630977,0.34090304374694824,0.34733903408050537,0.3154747188091278,0.7984073162078857,0.24618273973464966,0,0.9321314096450806,0.20802123844623566,0.7148983582854271,0.7918104435903223,0.32084844126461975,0.6505218428926115,0.07920597650397798,0.0014943220366029455,0.05589248016376547,0.594629362728846
ood_inverted,train_mixed,original,5,8,3.0,0.8473258886834198,0.7729625728620929,0.8275563707504002,-0.003975345961797226,0.324456125497818,0.3546774387359619,0.332490473985672,0.6688100695610046,0.2624092400074005,0,0.9325148463249207,0.2081831395626068,0.7152153342962265,0.7469444695464871,0.23657257718671504,0.5938329018385555,0.08284868370435283,0.0017518997580991751,0.05851964852047673,0.5353132533180788
ood_inverted,train_mixed,original,5,8,5.0,0.8303624975487088,0.767354937583298,0.6634787990324483,-0.0029499072280575298,0.28359681367874146,0.3020199239253998,0.3323928117752075,0.5263908505439758,0.23399561643600464,0,0.9633674621582031,0.2143016755580902,0.7386477261781692,0.6666946129314868,0.21920825590755286,0.5324487058243066,0.05536900911174181,0.001682919163877995,0.03926318212738266,0.4931855236969239
ood_inverted,train_mixed,original,5,8,8.0,0.4983362914881209,0.5377219249980983,0.3363233094145389,-0.001273865970232511,0.32124656438827515,0.3119879961013794,0.35933172702789307,0.43839284777641296,0.20331808924674988,0,0.983566164970398,0.24021002650260925,0.7605593234300613,0.5775843821266854,0.1304782372918014,0.44345253867622014,0.02171773709291891,0.002059276994524145,0.01582019906340048,0.42763233961281966
ood_inverted,train_mixed,original,5,8,12.0,0.23595897833431898,0.14928790244341406,0.016171168084666517,-0.001635079152829025,0.4422730505466461,0.4642314314842224,0.4979569613933563,0.50205397605896,0.24870093166828156,0,0.9684084057807922,0.24850767850875854,0.752438187599182,0.4917139891626128,0.09832386615845425,0.3736969522613652,0.035797956719057056,0.0018657780736476446,0.02561830312543423,0.34807864913593095
ood_inverted,train_mixed,original,5,8,16.0,0.740223870303498,0.6142021621766434,0.7094161064621258,-0.002559875598866243,0.3186505436897278,0.37570828199386597,0.33259910345077515,0.6537951827049255,0.20103399455547333,0,0.9786728024482727,0.24177832901477814,0.7576044604182244,0.5091075118851731,0.1798593730893171,0.41033307024641624,0.019894491683572046,0.0022952450311262296,0.0146147176878383,0.39571835255857796
ood_inverted,train_mixed,original,5,8,24.0,0.21193930912572734,0.042726124518862235,0.19742606641406082,-0.0008129216348999807,0.48134517669677734,0.5109233856201172,0.4838820695877075,0.5183918476104736,0.3435933589935303,0,0.9753262400627136,0.22927485406398773,0.7515108242630958,0.46208946160354136,0.05265279146266023,0.339258460561277,0.03145711461127976,0.0015448276727732886,0.022483428529727817,0.3167750320315492
ood_inverted,train_mixed,original,5,16,0.0,0.92969378829127,0.8482021921836392,0.9806992909072045,-0.00430453921130758,0.2537288963794708,0.3111377954483032,0.21779672801494598,0.9086761474609375,0.20419983565807343,0,0.9437373280525208,0.2029838114976883,0.721511273086071,0.7252830826876655,0.31827044676508387,0.603179291910891,0.08130410751695394,0.002889581597450464,0.05777974974110289,0.5453995421697881
ood_inverted,train_mixed,original,5,16,0.5,0.9345070071962215,0.8589518522572839,0.9858539334455865,-0.0030459564027801997,0.25506332516670227,0.30667322874069214,0.21998947858810425,0.8934025168418884,0.2103266417980194,0,0.9463023543357849,0.20345890522003174,0.7234493196010588,0.683319186890152,0.3316731541050221,0.577825377054613,0.06850060109949585,0.004001748003465971,0.04915094517068688,0.5286744318839262
ood_inverted,train_mixed,original,5,16,1.0,0.9277482970930455,0.846103419398146,0.9811842961883931,-0.0016082508343828602,0.2737685441970825,0.3276478052139282,0.23850494623184204,0.8860101699829102,0.2260880470275879,0,0.9513518810272217,0.2074197679758072,0.7281722471117973,0.6852183483079672,0.31273804009209466,0.5734742558432054,0.06717203512158065,0.0029263522315254287,0.04789833025456408,0.5255759255886414
ood_inverted,train_mixed,original,5,16,2.0,0.8869176865403655,0.8141770278466076,0.9682338220041877,-0.0024039398190417896,0.30862957239151,0.3487987518310547,0.26372480392456055,0.7984073162078857,0.24618273973464966,0,0.9764785170555115,0.20802123844623566,0.7459413334727287,0.6691218255809449,0.3028549478284725,0.5592417622552032,0.04445794245682788,0.004254053265180471,0.032396775699333656,0.5268449865558695
ood_inverted,train_mixed,original,5,16,3.0,0.9032940078901194,0.7694084478411657,0.961910011103249,-0.002184863633753672,0.3017106354236603,0.35612183809280396,0.27788904309272766,0.6688100695610046,0.2624092400074005,0,0.9792057275772095,0.2081831395626068,0.7478989511728287,0.6134686052248731,0.23296396364662358,0.49931721275139823,0.03566128783917144,0.0035624855187238644,0.026031647143037167,0.47328556560836105
ood_inverted,train_mixed,original,5,16,5.0,0.8846151258832292,0.7673262967177364,0.9441395081272788,-0.0007797246318374715,0.2677336037158966,0.3020282983779907,0.2503289580345154,0.5263908505439758,0.23399561643600464,0,0.9516171813011169,0.2143016755580902,0.7304225295782089,0.6138910806067177,0.2158993705991308,0.49449356760444163,0.0723752842321096,0.0029420288234935825,0.05154530760952479,0.4429482599949168
ood_inverted,train_mixed,original,5,16,8.0,0.6531451101701362,0.4578159943203428,0.8858429473363929,-0.0017568903876873146,0.284854918718338,0.33077186346054077,0.23015353083610535,0.43839284777641296,0.20331808924674988,0,0.9675342440605164,0.24021002650260925,0.7493369787931442,0.5989125525994603,0.16406017662293237,0.4684568398065019,0.04339835734486208,0.0027384362919639373,0.031200381028992634,0.43725645877750924
ood_inverted,train_mixed,original,5,16,12.0,0.5128151681234849,0.1768753343310453,0.6461312880336026,0.00022585265995911713,0.37213069200515747,0.45724207162857056,0.3383546471595764,0.50205397605896,0.24870093166828156,0,0.9740856289863586,0.24850767850875854,0.7564122438430786,0.5543669392385198,0.13879148668680596,0.42969430347300563,0.03918177270233314,0.003113683726380841,0.02836134600954745,0.4013329574634582
ood_inverted,train_mixed,original,5,16,16.0,0.8319267237090853,0.7074583841668962,0.8474080798797036,-0.001231689179891621,0.277131050825119,0.33348548412323,0.270121693611145,0.6537951827049255,0.20103399455547333,0,0.9804132580757141,0.24177832901477814,0.7588227793574334,0.5478876218542517,0.21123144844250782,0.4468907698307285,0.024487489021289388,0.002907519848650012,0.018013498269497573,0.42887727156123095
ood_inverted,train_mixed,original,5,16,24.0,0.3612913246530761,0.042129049945577896,0.5854865185949004,-0.005907321477771504,0.4552386701107025,0.5110277533531189,0.41604968905448914,0.5183918476104736,0.3435933589935303,0,0.9859786033630371,0.22927485406398773,0.7589674785733223,0.5271888218923092,0.0778873495643756,0.3923983801939291,0.023859752345640084,0.0034469608862673527,0.017735914907828262,0.3746624652861008
ood_inverted,train_mixed,original,6,8,0.0,0.9052164026399641,0.8408378629952279,0.8950819775301014,-0.0012303302459258788,0.27256524562835693,0.31616103649139404,0.27942806482315063,0.8855587244033813,0.20837979018688202,0,0.9236874580383301,0.19058384001255035,0.7037563726305961,0.82857420029691,0.36687331599396766,0.6900639350060273,0.0990700873337329,0.0020344113344730286,0.06995938453395494,0.6201045504720724
ood_inverted,train_mixed,original,6,8,0.5,0.9291104872723327,0.8715764586752015,0.9089854030767005,-0.0029952398388868547,0.2614651918411255,0.2993950843811035,0.2747328579425812,0.8739907145500183,0.21473056077957153,0,0.9602778553962708,0.1915656328201294,0.7296641886234283,0.7610782617683689,0.33118697030524225,0.6321108743294308,0.06992046120124407,0.002159986110702754,0.04959231867408167,0.5825185556553492
ood_inverted,train_mixed,original,6,8,1.0,0.9337708246394357,0.8962508024547066,0.905737526993801,-0.0017462508000978382,0.269336462020874,0.29305827617645264,0.28706035017967224,0.8597075939178467,0.22746345400810242,0,0.9337448477745056,0.19304092228412628,0.7115336701273918,0.7578676036507366,0.33583381367536697,0.6312574666581257,0.06799752318194696,0.0014283120734344791,0.04802675984939322,0.5832307068087325
ood_inverted,train_mixed,original,6,8,2.0,0.8943133315242787,0.9788284713694058,0.8767758359477514,-0.0035256396034747447,0.3157018721103668,0.27199292182922363,0.32477179169654846,0.7782166004180908,0.26104357838630676,0,0.9489762783050537,0.19226111471652985,0.7219617292284966,0.7473432113225125,0.2804810170713544,0.6072845530471651,0.09385757982383269,0.0023026561054126627,0.06639110270830668,0.5408934503388584
ood_inverted,train_mixed,original,6,8,3.0,0.9274667195925166,0.9877920082536951,0.6653746884974391,-0.0025183693477202674,0.32580530643463135,0.30478987097740173,0.4171099364757538,0.6489055752754211,0.30053699016571045,0,0.9345279335975647,0.18435125052928925,0.709474928677082,0.7095143373953563,0.22665072668411254,0.5646552541819831,0.06519013571681276,0.0013325075907134835,0.04603284727898298,0.5186224069030002
ood_inverted,train_mixed,original,6,8,5.0,0.7962328834771042,0.8827533490327563,0.4726508685909089,-0.000500939741734974,0.30591484904289246,0.2830709218978882,0.3913499414920807,0.5161435604095459,0.2521143853664398,0,0.940077543258667,0.19122354686260223,0.7154213443398475,0.7269804367965809,0.18593788078326715,0.5646676699925868,0.07236926483932926,0.0017152732703480122,0.05117306736863489,0.5134946026239519
ood_inverted,train_mixed,original,6,8,8.0,0.5384869798253836,0.64129911058957,0.37527147226299123,-0.0014961180838315206,0.31578972935676575,0.29192036390304565,0.35368263721466064,0.4408074915409088,0.2086426168680191,0,0.9828953146934509,0.22081340849399567,0.7542707428336143,0.6544574453833198,0.14084889581854826,0.5003748805138883,0.02149221051008754,0.002200558869813819,0.01570471501800542,0.48467016549588293
ood_inverted,train_mixed,original,6,8,12.0,0.2179332964366389,0.27984604638911176,0.1277281295458938,-0.0036206309651157487,0.4496118128299713,0.435616135597229,0.4700031280517578,0.498876690864563,0.272821843624115,0,0.9649226665496826,0.2663736045360565,0.7553579479455947,0.5550097100642319,0.10796592153231664,0.4208965735046573,0.04401448519157802,0.0021711789728519285,0.03146149332596019,0.3894350801786971
ood_inverted,train_mixed,original,6,8,16.0,0.8431677668298599,0.7588155153773809,0.33884399363633966,-0.002937831257526083,0.32267534732818604,0.351276159286499,0.4936733841896057,0.6085631847381592,0.26949918270111084,0,0.9524498581886292,0.24520987272262573,0.740277862548828,0.5622379688973449,0.14669504691515053,0.43757509230268654,0.058191072429749635,0.002850847968549814,0.041589005091389686,0.39598608721129686
ood_inverted,train_mixed,original,6,8,24.0,0.21397201746815814,0.07722992295563362,-0.027066545159248178,-0.0010654056059059046,0.46992820501327515,0.49169275164604187,0.508293092250824,0.5039850473403931,0.344820111989975,0,0.9781039953231812,0.25905296206474304,0.7623886853456496,0.511057909801058,0.06445459119472235,0.3770769142191573,0.026493007376775624,0.002490056805971294,0.019292122205534324,0.35778479201362295
ood_inverted,train_mixed,original,6,16,0.0,0.9452283873134714,0.9355568763791622,0.9582435658241315,-0.0027874752152115224,0.24546997249126434,0.25201931595802307,0.23665636777877808,0.8855587244033813,0.20837979018688202,0,0.9536669254302979,0.19058384001255035,0.7247419998049736,0.7559725483187107,0.3361386774258594,0.6300223870508553,0.07660115593778505,0.004261906721601373,0.054899381172929945,0.5751230058779254
ood_inverted,train_mixed,original,6,16,0.5,0.966950287282278,0.9533042434598641,0.9666513871371677,-0.0018223325241511499,0.23651891946792603,0.24551521241664886,0.23671597242355347,0.8739907145500183,0.21473056077957153,0,0.9471374154090881,0.1915656328201294,0.7204658806324005,0.7341950086770626,0.3252848499743096,0.6115219610662367,0.0806313113867787,0.0029993003776088976,0.05734170808402776,0.554180252982209
ood_inverted,train_mixed,original,6,16,1.0,0.9562413005047987,0.9527931080271019,0.945742253928699,-0.0028179659161974026,0.2551296353340149,0.2573097348213196,0.26176759600639343,0.8597075939178467,0.22746345400810242,0,0.9419972896575928,0.19304092228412628,0.7173103794455528,0.7568948052839626,0.3211304800794826,0.6261655077226186,0.08716974780728093,0.0030632648986986355,0.061937802934706236,0.5642277047879124
ood_inverted,train_mixed,original,6,16,2.0,0.9656475166000161,0.9395108072765025,0.9082692908215872,-0.006320703892431285,0.2788097560405731,0.292326956987381,0.3084842264652252,0.7782166004180908,0.26104357838630676,0,0.9523600935935974,0.19226111471652985,0.7243303999304771,0.7227688253190394,0.2896519259349739,0.5928337555038198,0.08163912972083476,0.002924628738184717,0.058024779426039744,0.53480897607778
ood_inverted,train_mixed,original,6,16,3.0,0.9728660630952554,0.8793540422830775,0.9267906317823721,-0.0050057702293805195,0.3099896013736725,0.34256625175476074,0.3260408341884613,0.6489055752754211,0.30053699016571045,0,0.9037808775901794,0.18435125052928925,0.6879519894719123,0.7592188928363971,0.2611614301231027,0.6098016540224088,0.12917522041064045,0.003747236224677203,0.09154682515485146,0.5182548288675574
ood_inverted,train_mixed,original,6,16,5.0,0.9112167270981197,0.8480360125783508,0.9359796075309822,-0.0029744849198287595,0.2755557596683502,0.2922373116016388,0.26901763677597046,0.5161435604095459,0.2521143853664398,0,0.9180643558502197,0.19122354686260223,0.7000121131539344,0.7033975594391069,0.2157425707443157,0.5571010628306695,0.10937313799029669,0.0033412864454332447,0.07756358252683765,0.47953748030383186
ood_inverted,train_mixed,original,6,16,8.0,0.6367147377772255,0.6413803669385245,0.8893034360460225,-0.0036648795618524164,0.2929846942424774,0.29190149903297424,0.23434247076511383,0.4408074915409088,0.2086426168680191,0,0.9615018367767334,0.22081340849399567,0.739295308291912,0.6249404069810378,0.1689271822864187,0.48813643957265207,0.05776389618878164,0.004733586677736841,0.0418548033354682,0.44628163623718387
ood_inverted,train_mixed,original,6,16,12.0,0.5533599766490858,0.2726477632191988,0.8330980487906489,-0.003913967596124107,0.373786985874176,0.43724334239959717,0.31055083870887756,0.498876690864563,0.272821843624115,0,0.9579468965530396,0.2663736045360565,0.7504749089479446,0.5669190500160792,0.12139000843704324,0.4332603375423684,0.06524901111095827,0.003935219179745912,0.04685487353159456,0.38640546401077386
ood_inverted,train_mixed,original,6,16,16.0,0.9168340789832207,0.7663651545648715,0.8504167142769247,-0.0018713028803473645,0.2976977527141571,0.3487163484096527,0.320217490196228,0.6085631847381592,0.26949918270111084,0,0.9790065884590149,0.24520987272262573,0.7588675737380981,0.5795506597739999,0.17632070028833216,0.4585816719282995,0.03551054504569018,0.004262707107856045,0.026136193664339936,0.43244547826395957
ood_inverted,train_mixed,original,6,16,24.0,0.2775282365252873,0.07555223679940921,-0.36506413311091507,-0.012698736061957549,0.4598122835159302,0.4919597804546356,0.5620904564857483,0.5039850473403931,0.344820111989975,0,0.9756805300712585,0.25905296206474304,0.7606922596693039,0.5675828600527469,0.06536500014853819,0.4169175020814843,0.045511422184687955,0.003347898191291745,0.03286236498666909,0.3840551370948152
ood_inverted,train_mixed,original,7,8,0.0,0.8921016801657091,0.8267703927418024,0.8984303685073008,-0.0028477957068565062,0.3076516091823578,0.35033196210861206,0.3035171329975128,0.8904537558555603,0.23716259002685547,0,0.9329138398170471,0.24171434342861176,0.7255539909005164,0.8038906913014644,0.3809655857477817,0.6770131596353595,0.09120153709145773,0.001772975274077728,0.06437296854624372,0.6126401910891157
ood_inverted,train_mixed,original,7,8,0.5,0.9131214537129091,0.8419550584760255,0.8934838451643468,-0.0022403698468971634,0.29283130168914795,0.3382456600666046,0.30536291003227234,0.8755336403846741,0.23739033937454224,0,0.9660190939903259,0.23648591339588165,0.7471591398119926,0.7245106799388654,0.3638186828948828,0.6163030808256705,0.052071643074299456,0.0018748453192726886,0.03701260374779142,0.5792904770778791
ood_inverted,train_mixed,original,7,8,1.0,0.8959461539049066,0.8569169774958522,0.8971060003198263,-0.0007711106540174386,0.3090590238571167,0.3331967890262604,0.30834171175956726,0.8631608486175537,0.24470646679401398,0,0.9470762610435486,0.23586337268352509,0.7337123945355415,0.7602052635007017,0.352170133758742,0.6377947245781138,0.07039627986863117,0.0015853595239152028,0.04975300376521638,0.5880417208128974
ood_inverted,train_mixed,original,7,8,2.0,0.9200286384455801,0.8742118427708769,0.8795975899788083,-0.0023010762236806005,0.32143422961235046,0.3445908725261688,0.3418688178062439,0.7864334583282471,0.2810152471065521,0,0.9362788200378418,0.22713573276996613,0.723535893857479,0.7314115411322859,0.3296700292141137,0.6108890875568342,0.06320276153099247,0.0022472468257968706,0.044916107119433786,0.5659729804374004
ood_inverted,train_mixed,original,7,8,3.0,0.8107531943258742,0.7746057382472052,0.7717027242473525,-0.0013070465828707537,0.36661598086357117,0.37956923246383667,0.38060951232910156,0.6571451425552368,0.29880037903785706,0,0.9448155760765076,0.22130446135997772,0.7277622416615486,0.7089136306596676,0.2596402312179845,0.5741316108271627,0.059633089629684055,0.0016719028314328842,0.0422447335902087,0.5318868772369539
ood_inverted,train_mixed,original,7,8,5.0,0.8371781807571896,0.7688610051184669,0.5813598615689036,-0.00017052611086539195,0.3179151117801666,0.3346066474914551,0.38041770458221436,0.5224579572677612,0.2781338095664978,0,0.8944830298423767,0.2253342717885971,0.6937384024262429,0.7686002096416054,0.24804552518370107,0.612433804304234,0.12734850668450115,0.001286262437444513,0.08952983341038416,0.5229039708938499
ood_inverted,train_mixed,original,7,8,8.0,0.5923773664606242,0.5469003907599645,0.45066348946642204,-0.0008247643291656729,0.32330694794654846,0.3330351710319519,0.3536217212677002,0.4500255584716797,0.23611021041870117,0,0.9743768572807312,0.25588032603263855,0.7588278979063033,0.6029169966421499,0.12730307038983185,0.4602328187664545,0.03385053983578723,0.001878224629894639,0.02425884527401945,0.43597397349243505
ood_inverted,train_mixed,original,7,8,12.0,0.22567252049019923,0.1952412077199673,0.06718232639786287,0.0010224470505513991,0.4403831958770752,0.44637319445610046,0.4715798795223236,0.48480382561683655,0.28796714544296265,0,0.9577333927154541,0.2707423269748688,0.7516360729932785,0.5168924785591291,0.07926857182441237,0.38560530653871405,0.0506022233053276,0.001884630310116105,0.03598694540676414,0.3496183611319499
ood_inverted,train_mixed,original,7,8,16.0,0.7689879826463099,0.5893727015921275,0.6596721416919296,-0.0014692855536760196,0.2914334833621979,0.3709944486618042,0.3398551642894745,0.632058322429657,0.18910622596740723,0,0.9660162329673767,0.2669289708137512,0.756290054321289,0.5485141833151199,0.19569975637492115,0.44266985523306024,0.03600961003471892,0.0020870948108267268,0.02583285546755126,0.416836999765509
ood_inverted,train_mixed,original,7,8,24.0,0.14633947145130816,0.1304957298714861,0.6271171151570735,-0.0007551173762348897,0.5028203129768372,0.5056416988372803,0.41720548272132874,0.5288798213005066,0.35080409049987793,0,0.9758755564689636,0.27069413661956787,0.7643211305141449,0.4424724325155259,0.052142627327763806,0.32537349095919726,0.03232069682881222,0.002421404220282188,0.02335090904625321,0.30202258191294407
ood_inverted,train_mixed,original,7,16,0.0,0.920590494495323,0.8832216723338833,0.9991568059470785,-0.0022641494973681176,0.28904011845588684,0.3134528398513794,0.23771344125270844,0.8904537558555603,0.23716259002685547,0,0.9692996144294739,0.24171434342861176,0.7510240331292152,0.6784643746302712,0.3450151577298514,0.5784296095601452,0.05004978636698121,0.00302901892914856,0.03594355613563141,0.5424860534245138
ood_inverted,train_mixed,original,7,16,0.5,0.9448817739290666,0.8796906167489923,0.9930771394850194,-0.0021351044079972593,0.2725636661052704,0.3141649663448334,0.24180811643600464,0.8755336403846741,0.23739033937454224,0,0.960760772228241,0.23648591339588165,0.7434783145785331,0.7218653574583943,0.34570763151264017,0.609018039674668,0.06631977509523002,0.0037730377391646925,0.04755575388841042,0.5614622857862577
ood_inverted,train_mixed,original,7,16,1.0,0.9336710632872371,0.8932431706024978,0.9958102120407324,-0.0030382781362204413,0.2857278883457184,0.3107306957244873,0.24729765951633453,0.8631608486175537,0.24470646679401398,0,0.9219548106193542,0.23586337268352509,0.7161273792386055,0.7273795726995145,0.34546986294708615,0.6128066597737859,0.10872295757870987,0.0028264165411586916,0.07695399526744451,0.5358526645063414
ood_inverted,train_mixed,original,7,16,2.0,0.9309060941666385,0.8881505601060344,1.0,-0.003861425727345936,0.3159365653991699,0.3375459909439087,0.2810152471065521,0.7864334583282471,0.2810152471065521,0,0.962364673614502,0.22713573276996613,0.7417959913611412,0.6943887857194426,0.32226002551634325,0.5827501576585128,0.058712638482266266,0.0036210758381832226,0.04218516968904135,0.5405649879694714
ood_inverted,train_mixed,original,7,16,3.0,0.9294459315097944,0.7890226716361494,1.0,-0.0043955221429043696,0.3240830600261688,0.3744029998779297,0.29880037903785706,0.6571451425552368,0.29880037903785706,0,0.9607710242271423,0.22130446135997772,0.7389310553669929,0.6833002258028944,0.27728921783684723,0.5614969234130802,0.05883044659810732,0.00258262843626326,0.0419561011495541,0.5195408222635262
ood_inverted,train_mixed,original,7,16,5.0,0.9325561912810171,0.7513510961852651,0.9435281681567982,-0.0029616408954304127,0.29461196064949036,0.33888474106788635,0.29193124175071716,0.5224579572677612,0.2781338095664978,0,0.8840435147285461,0.2253342717885971,0.6864307418465614,0.7276512407943836,0.2407281078669958,0.5815743009161672,0.13467496761125686,0.003890948950138526,0.09543976201292136,0.48613453890324587
ood_inverted,train_mixed,original,7,16,8.0,0.7239197537744113,0.48968877406584294,0.9097679960232985,-0.005342856760726952,0.2951680123806,0.34527361392974854,0.255412220954895,0.4500255584716797,0.23611021041870117,0,0.9708636403083801,0.25588032603263855,0.7563686460256576,0.6348808322182573,0.15545342713589094,0.4910526106935474,0.050160973150763954,0.003572774179641881,0.036184513459427324,0.4548680972341201
ood_inverted,train_mixed,original,7,16,12.0,0.7240434639167641,0.12081196800541671,0.5726130448981891,-0.007218903142786934,0.34228551387786865,0.46102359890937805,0.3720925748348236,0.48480382561683655,0.28796714544296265,0,0.9604647159576416,0.2707423269748688,0.7535479992628097,0.5854010795997255,0.13464813342623094,0.45017519574767717,0.0592962616079693,0.0032459896443825845,0.04248118001889328,0.4076940157287839
ood_inverted,train_mixed,original,7,16,16.0,0.8560223281885239,0.7789617389645136,0.6202353009882389,-0.0013087527516304576,0.2528814375400543,0.2870155870914459,0.3573237955570221,0.632058322429657,0.18910622596740723,0,0.9764244556427002,0.2669289708137512,0.7635758101940154,0.5520412608465648,0.2170142667403492,0.4515331626147001,0.0298940216251381,0.003929534469603123,0.02210467547847761,0.4294284871362225
ood_inverted,train_mixed,original,7,16,24.0,0.4389437728756885,0.19282906264696087,0.2522170694684556,-0.0035255546648413536,0.4507145881652832,0.49454164505004883,0.48396608233451843,0.5288798213005066,0.35080409049987793,0,0.9783145189285278,0.27069413661956787,0.7660284042358397,0.5357089284073782,0.06937212337670531,0.39580788689817625,0.03261186345672307,0.004401706601692545,0.024148816400213907,0.3716590704979623
ood_inverted,train_mixed,original,8,8,0.0,0.8904634854846809,0.7365415066028786,0.8553696641842328,-0.0009510764074317735,0.31692996621131897,0.41397276520729065,0.33905547857284546,0.8783382177352905,0.24787075817584991,0,0.929465651512146,0.20848694443702698,0.7131720393896103,0.7813114473668755,0.35682127430224364,0.653964395447486,0.07239391568595299,0.0021921277389520925,0.051333379301852715,0.6026310161456333
ood_inverted,train_mixed,original,8,8,0.5,0.8826304047608583,0.7345979076365953,0.8437456441668147,-0.0008472549959509001,0.3188698887825012,0.41368013620376587,0.34377437829971313,0.8841674327850342,0.24369828402996063,0,0.9626270532608032,0.2025018185377121,0.7345894828438758,0.7586330124384015,0.3583143367144303,0.6385374097212101,0.050149450313156096,0.0016793717711669168,0.03560842675055934,0.6029289829706508
ood_inverted,train_mixed,original,8,8,1.0,0.874773815823355,0.7269797628105381,0.8215877163824581,-0.0004708511782340044,0.33633527159690857,0.42713063955307007,0.36900946497917175,0.8737412691116333,0.25940418243408203,0,0.9490227103233337,0.2028035670518875,0.7251569673418998,0.777123641154591,0.34731854347564867,0.6481821118509082,0.055685170551577956,0.0012471833680970054,0.03935377439653367,0.6088283374543746
ood_inverted,train_mixed,original,8,8,2.0,0.8732616867630587,0.7045771925328562,0.7255612898471274,-0.0007017068755703296,0.34588974714279175,0.4306139349937439,0.42007437348365784,0.784497857093811,0.2822336256504059,0,0.9542610049247742,0.1999725103378296,0.7279744565486908,0.7278211166577733,0.2978329102339868,0.5988246547306373,0.05492489257966371,0.0011912314558852016,0.03880479424253015,0.5600198604881071
ood_inverted,train_mixed,original,8,8,3.0,0.8571276737464073,0.7348890410040274,0.5140119251118737,-0.0012173830367841277,0.3523777723312378,0.39268648624420166,0.4655216634273529,0.6350193023681641,0.30526500940322876,0,0.9372995495796204,0.2018856555223465,0.7166753813624381,0.6831718980815755,0.23416119647195136,0.5484686875986883,0.06114000161654398,0.0012769932400014121,0.04318109910358121,0.505287588495107
ood_inverted,train_mixed,original,8,8,5.0,0.8716577498004727,0.7889604517638928,0.37806860318325824,-0.0007173533373463731,0.3047821819782257,0.3266947269439697,0.4355699419975281,0.5357478857040405,0.2707749605178833,0,0.9796757698059082,0.21186405420303345,0.7493322551250456,0.6294314472705685,0.21710363996403412,0.5057331050786081,0.022957961315840936,0.0017196552156678038,0.016586469485788995,0.4891466355928191
ood_inverted,train_mixed,original,8,8,8.0,0.5712525901249577,0.5883943762316362,0.2500030203022995,-0.0024126519945558617,0.33492323756217957,0.3312232196331024,0.40426427125930786,0.45822688937187195,0.24237902462482452,0,0.9945642948150635,0.2354225069284439,0.7668217584490776,0.5604434159269169,0.11829053588731178,0.4277975519150353,0.008606467721741895,0.0017886823749618617,0.006561132117707884,0.42123641979732745
ood_inverted,train_mixed,original,8,8,12.0,0.21333940227574036,0.06909814975755944,-0.14824905296803875,-0.0026711133727299633,0.43391290307044983,0.45673009753227234,0.49111175537109375,0.4676605761051178,0.30947285890579224,0,0.9786040782928467,0.2513863742351532,0.7604387670755386,0.5112725441493349,0.09717715258173731,0.3870439266790556,0.027648730790573728,0.0013687634309345732,0.019764740582681982,0.36727918609637367
ood_inverted,train_mixed,original,8,8,16.0,0.6324599364440726,0.3733543865433576,0.5652678937049697,-0.00012466999451974384,0.3592120409011841,0.4700830280780792,0.3879634439945221,0.6298409700393677,0.20194204151630402,0,0.9424615502357483,0.23651134967803955,0.7306764900684356,0.5501398206586255,0.20636058874900914,0.44700605108574065,0.058740671654356924,0.001655138638274247,0.04161501174953212,0.4053910393362085
ood_inverted,train_mixed,original,8,8,24.0,0.1569945025653005,0.08431194991338843,0.826297079685614,7.693366202657603e-05,0.4772007167339325,0.4895891547203064,0.3631208837032318,0.5039597749710083,0.33351394534111023,0,0.9716731905937195,0.2440466582775116,0.7533852308988571,0.4952334421298693,0.06694188569227545,0.36674597519859115,0.034220187880041664,0.002210270167493509,0.024617212566277216,0.34212876263231395
ood_inverted,train_mixed,original,8,16,0.0,0.9160424302034829,0.7854046169512588,0.8888215551162841,-0.0009014426982964175,0.3008032739162445,0.3831661641597748,0.31796514987945557,0.8783382177352905,0.24787075817584991,0,0.937011182308197,0.20848694443702698,0.718453910946846,0.6961889926195177,0.32480205679488566,0.5847729118721281,0.07701030266418762,0.0029534087502807948,0.05479323449001557,0.5299796773821125
ood_inverted,train_mixed,original,8,16,0.5,0.9222558620280976,0.7857224969537232,0.8962648911475324,-0.0008140311346202244,0.293491005897522,0.3809364140033722,0.31013742089271545,0.8841674327850342,0.24369828402996063,0,0.9728783965110779,0.2025018185377121,0.7417654231190681,0.6867669230919987,0.3337379335486807,0.5808582262290033,0.04505713001243383,0.004043458384781842,0.03275302852413823,0.5481051977048651
ood_inverted,train_mixed,original,8,16,1.0,0.9139710849059258,0.7774891028950992,0.903328810134914,-0.0016775225369185939,0.312254935503006,0.39610087871551514,0.3187928795814514,0.8737412691116333,0.25940418243408203,0,0.9591634273529053,0.2028035670518875,0.7322554692625999,0.6684598213621114,0.3006149171800246,0.5581063501074853,0.07017829185866264,0.0036314128002664487,0.050214228141143784,0.5078921219663416
ood_inverted,train_mixed,original,8,16,2.0,0.8779478616245434,0.7539043496273198,0.9212864792192766,-0.001470582039923478,0.34353604912757874,0.40583866834640503,0.3217686116695404,0.784497857093811,0.2822336256504059,0,0.9707136154174805,0.1999725103378296,0.7394912838935851,0.6539540736620758,0.28256013409652225,0.5425358917924097,0.053570013256166615,0.0034843936897805887,0.0385443273862508,0.5039915644061589
ood_inverted,train_mixed,original,8,16,3.0,0.8873133504170644,0.6894280541085638,0.9171102236857731,-0.0017171698365923108,0.3424239158630371,0.40767744183540344,0.3325982689857483,0.6350193023681641,0.30526500940322876,0,0.9585735201835632,0.2018856555223465,0.7315671607851982,0.6198380686909026,0.2422392381982954,0.5065584195431204,0.06442211852560986,0.003942389305910182,0.046278199759699955,0.4602802197834205
ood_inverted,train_mixed,original,8,16,5.0,0.8627547177960314,0.7893059690815988,0.9583000413001169,-0.0033179560131260588,0.3071412444114685,0.3266031742095947,0.2818243205547333,0.5357478857040405,0.2707749605178833,0,0.9582808017730713,0.21186405420303345,0.7343557775020598,0.6036607786114689,0.2091000994792087,0.4852925748717909,0.051306291614184873,0.003171213190111535,0.036865768086962875,0.44842680678482805
ood_inverted,train_mixed,original,8,16,8.0,0.6485393300313663,0.5700281768316235,0.9418039868680708,-0.002859863841320566,0.31824105978012085,0.33518752455711365,0.2549405097961426,0.45822688937187195,0.24237902462482452,0,0.9703860282897949,0.2354225069284439,0.7498969718813896,0.5922907905846151,0.15114020176992696,0.4599456139402086,0.046747633479089834,0.002842493465151031,0.03357609147490819,0.4263695224653004
ood_inverted,train_mixed,original,8,16,12.0,0.6606531134070185,0.2232073368389263,0.6503445148447625,-0.004772886597879877,0.3631533682346344,0.4323519170284271,0.3647840619087219,0.4676605761051178,0.30947285890579224,0,0.9700462222099304,0.2513863742351532,0.7544482678174973,0.5442463621745215,0.11746966259336811,0.4162133523001755,0.04297803174615333,0.0031148258412575076,0.031019069974684583,0.3851942823254909
ood_inverted,train_mixed,original,8,16,16.0,0.6997464219276273,0.6405307515082893,0.7121964969054853,-0.00055203037796843,0.33042022585868835,0.35575854778289795,0.3250928521156311,0.6298409700393677,0.20194204151630402,0,0.9675195217132568,0.23651134967803955,0.7482170701026916,0.5550500113320842,0.2106141914679759,0.4517192653728517,0.04717819204552487,0.003104704534550086,0.033956145792232426,0.41776311958061924
ood_inverted,train_mixed,original,8,16,24.0,0.39021837445117014,0.38315918641253616,0.521864284474105,-0.006522575745998619,0.4374486804008484,0.4386518895626068,0.4150101840496063,0.5039597749710083,0.33351394534111023,0,0.9839391708374023,0.2440466582775116,0.7619714170694352,0.5259054013602454,0.07405473768222243,0.39035020225683853,0.027098099670061382,0.0036449805984837404,0.020062163948588087,0.37028803830825047
ood_inverted,train_mixed,original,9,8,0.0,0.9010874604609814,0.7928488887593594,0.8505309774386887,-0.0006179270728047184,0.28903594613075256,0.36120128631591797,0.3227432072162628,0.8898133039474487,0.22308850288391113,0,0.9342294931411743,0.22507959604263306,0.7214845240116119,0.8140315909820396,0.37508877571419397,0.6823487464016859,0.09059524091961602,0.0019309045516440906,0.06399594000922443,0.6183528063924615
ood_inverted,train_mixed,original,9,8,0.5,0.9257069777605527,0.8087760408442165,0.8306273753881356,-0.0003555266550062443,0.2746211290359497,0.35097742080688477,0.3367084264755249,0.8791108727455139,0.22610753774642944,0,0.9298582077026367,0.2302773892879486,0.7199839621782302,0.7805993245372029,0.3550488805498182,0.6529341913409875,0.09892252621929265,0.0015882715760301227,0.06972224982631389,0.5832119415146736
ood_inverted,train_mixed,original,9,8,1.0,0.9204081037347734,0.818316436261739,0.8173743633918372,-0.00021513740661587596,0.29744064807891846,0.3612230718135834,0.36181163787841797,0.8724715113639832,0.24771510064601898,0,0.9577383399009705,0.23445448279380798,0.7407531827688217,0.7339267014098291,0.3379214729119816,0.6151251328604749,0.044868952328614764,0.00170752219262242,0.031920523287817054,0.5832046095726579
ood_inverted,train_mixed,original,9,8,2.0,0.9180433011463265,0.8096683449942793,0.7533172113798593,-0.000672062079770434,0.3227488696575165,0.3798903524875641,0.4096018970012665,0.8067938685417175,0.2795366048812866,0,0.9841312766075134,0.2399200052022934,0.7608678951859474,0.6895527983938875,0.28885273714158194,0.5693427800181958,0.01725020109900599,0.0014979792253970354,0.012524534536923303,0.5568182454812726
ood_inverted,train_mixed,original,9,8,3.0,0.8634352747581212,0.6419246643395997,0.5974723259814246,-0.001119452210894217,0.33790481090545654,0.4207709729671478,0.4374004006385803,0.6609122157096863,0.2868165373802185,0,0.968533456325531,0.24346084892749786,0.751011674106121,0.6635012963978164,0.23256265808034074,0.5342197049025736,0.046942489822517364,0.0014006909723263353,0.033279950167460055,0.5009397547351135
ood_inverted,train_mixed,original,9,8,5.0,0.7640157406890852,0.5839556789113717,0.5123598728032448,-0.0007459889499379786,0.30628979206085205,0.35957860946655273,0.3807674050331116,0.5324004292488098,0.2364501953125,0,0.9746518135070801,0.2541714012622833,0.758507689833641,0.6628318825931081,0.23852376496410047,0.5355394473044057,0.026104555896026893,0.001667339356985544,0.018773390934314488,0.5167660563700912
ood_inverted,train_mixed,original,9,8,8.0,0.5498525163583908,0.47613471286805603,0.3506640539790376,-0.0009827290750387557,0.3105248212814331,0.3282707929611206,0.3584751486778259,0.4428899586200714,0.2021615207195282,0,0.9949543476104736,0.28410494327545166,0.781699526309967,0.5825378551006111,0.1456890552221831,0.45148321513708267,0.00783013803574717,0.0021110370713172824,0.006114407746418203,0.4453688073906645
ood_inverted,train_mixed,original,9,8,12.0,0.2109310026890762,0.13367681666033582,0.3482413631346117,-0.00017723583493835652,0.4314810633659363,0.4479917883872986,0.4021351635456085,0.47656112909317017,0.2628416419029236,0,0.9888705611228943,0.2940526604652405,0.7804251909255981,0.48233038642133674,0.09229820286799396,0.3653207313553339,0.01718049079785633,0.002000801574300263,0.012626584030789508,0.35269414732454435
ood_inverted,train_mixed,original,9,8,16.0,0.6681390671257588,0.4739515882759969,0.7319678657314135,-0.0006156601537639682,0.3397481441497803,0.42824023962020874,0.31066107749938965,0.64422208070755,0.18851764500141144,0,0.9852052330970764,0.2678515911102295,0.7699991405010223,0.5336190525616435,0.18004205893568856,0.42754595447385707,0.01575475462220366,0.0018501274691301477,0.011583366476281606,0.41596258799757546
ood_inverted,train_mixed,original,9,8,24.0,0.2199522388740229,0.030057877593591575,0.5717086571315397,-0.0017528561210328486,0.48277372121810913,0.5224921107292175,0.40920019149780273,0.5287790298461914,0.3196185827255249,0,0.959665834903717,0.2834523618221283,0.7568017929792403,0.45865680254742025,0.04544028068251048,0.3346918459879473,0.04629680962362803,0.002599920367788918,0.03318774284687629,0.301504103141071
ood_inverted,train_mixed,original,9,16,0.0,0.9383014300470257,0.8395843617963011,0.9269084890413601,-0.0021285942713368555,0.26422446966171265,0.3300415873527527,0.27182042598724365,0.8898133039474487,0.22308850288391113,0,0.9620428085327148,0.22507959604263306,0.7409538447856903,0.6882826921853781,0.3295952390657335,0.5806764562494847,0.07230889892887649,0.0033681312171968333,0.05162666861537259,0.5290497876341121
ood_inverted,train_mixed,original,9,16,0.5,0.9335882597887578,0.8539153297069311,0.9224999356492191,-0.0024565568334231204,0.2694746255874634,0.32150131464004517,0.27671533823013306,0.8791108727455139,0.22610753774642944,0,0.8867611885070801,0.2302773892879486,0.6898160487413406,0.75365770483376,0.3305925070268665,0.6267381454916919,0.13742901179084843,0.003747673124378739,0.09732461019090752,0.5294135353007844
ood_inverted,train_mixed,original,9,16,1.0,0.945291678501808,0.8507815772639163,0.922462928330646,-0.0016488779594422103,0.2818944752216339,0.3409402668476105,0.2961568832397461,0.8724715113639832,0.24771510064601898,0,0.9539101123809814,0.23445448279380798,0.7380734235048294,0.6883523451589775,0.3153283538432247,0.5764451477642516,0.07354201453556286,0.003437513499692793,0.052510664224801835,0.5239344835394497
ood_inverted,train_mixed,original,9,16,2.0,0.9193286410701264,0.8122334855581264,0.9002283428418719,-0.001139961986947865,0.3220711648464203,0.3785378634929657,0.3321419358253479,0.8067938685417175,0.2795366048812866,0,0.9716946482658386,0.2399200052022934,0.752162255346775,0.6562376807980635,0.28076380978717097,0.5435955194947957,0.04969661999343444,0.003946162439618591,0.03597148272728968,0.507624036767506
ood_inverted,train_mixed,original,9,16,3.0,0.8780104596923912,0.7190100862229943,0.8571701025638738,-0.0017285706000557018,0.33245229721069336,0.3919336497783661,0.34024858474731445,0.6609122157096863,0.2868165373802185,0,0.9671520590782166,0.24346084892749786,0.7500446960330008,0.6374766093633923,0.23931131599779443,0.5180270213537129,0.055383312335538615,0.003937234834541925,0.039949489085239605,0.4780775322684733
ood_inverted,train_mixed,original,9,16,5.0,0.8234743226937935,0.6826714259043052,0.8704423227082944,-0.002907423456075772,0.28869301080703735,0.3303636610507965,0.2747928202152252,0.5324004292488098,0.2364501953125,0,0.9516178369522095,0.2541714012622833,0.7423839062452317,0.6521733008015482,0.23379097305264648,0.5266586024768777,0.06986270369432934,0.002788515019749425,0.04974044709195536,0.4769181553849223
ood_inverted,train_mixed,original,9,16,8.0,0.6244937484416601,0.48358911773015084,0.6735998710493065,-0.0027493634792719436,0.2925565540790558,0.3264763057231903,0.2807353138923645,0.4428899586200714,0.2021615207195282,0,0.9719030261039734,0.28410494327545166,0.7655636012554168,0.5996767575085692,0.15202745089120046,0.46538196552335853,0.04418354413737624,0.0038606016370368607,0.03208666138727442,0.4332953041360841
ood_inverted,train_mixed,original,9,16,12.0,0.44414993454405904,0.22647783450440065,0.7072292698218271,-0.0013077243588134598,0.3816376328468323,0.42815840244293213,0.32541245222091675,0.47656112909317017,0.2628416419029236,0,0.9832077026367188,0.2940526604652405,0.7764611899852752,0.5424900323482478,0.13402190248317983,0.41994959338872734,0.02374538388281633,0.0038968096310759586,0.017790811607294215,0.4021587817814331
ood_inverted,train_mixed,original,9,16,16.0,0.7586047482413318,0.672933747832494,0.7493876342885821,-0.001657586812970208,0.2985225319862366,0.3375631868839264,0.3027228116989136,0.64422208070755,0.18851764500141144,0,0.9732661843299866,0.2678515911102295,0.7616418063640593,0.5672930692860431,0.1955506985319526,0.45577035805981586,0.03286149627445034,0.0029010724902221187,0.023873369139181873,0.431896988920634
ood_inverted,train_mixed,original,9,16,24.0,0.3781665256060619,0.15221251421292456,0.36549201653971214,-0.0032486684733822914,0.4496815502643585,0.4969421923160553,0.4523325562477112,0.5287790298461914,0.3196185827255249,0,0.9587003588676453,0.2834523618221283,0.7561259597539901,0.5310666437083011,0.06395206960236463,0.3909322714765202,0.06108040962801997,0.0033030149888247855,0.04374719123626141,0.3471850802402588
ood_inverted,train_mixed,original,10,8,0.0,0.9284525205914796,0.8326958009046881,0.8839644782386703,-0.000341110635613934,0.26188793778419495,0.32777950167655945,0.2925007939338684,0.9007693529129028,0.21265509724617004,0,0.9714036583900452,0.17267554998397827,0.731785225868225,0.7205991065276417,0.3508102226156607,0.6096624413540473,0.028281741600849508,0.002090921753865941,0.020424495646754436,0.5892379457072929
ood_inverted,train_mixed,original,10,8,0.5,0.8985182396831682,0.83353014969777,0.8858326641979063,-0.0009351021285852457,0.27844563126564026,0.32339924573898315,0.2872205078601837,0.8999693989753723,0.2082485854625702,0,0.9581111669540405,0.16877466440200806,0.7213102161884307,0.7540027521929973,0.38167107668152406,0.6423032495395553,0.0420135817038898,0.002246127503399238,0.03008334544374263,0.6122199040958127
ood_inverted,train_mixed,original,10,8,1.0,0.9070888590387218,0.8570476806054705,0.8868365933334884,-0.0012795220930606741,0.29217293858528137,0.3256334662437439,0.30571481585502625,0.89870685338974,0.23004698753356934,0,0.9328451752662659,0.1679053008556366,0.7033632129430771,0.7413861622532519,0.33928461845056096,0.6207556991124445,0.08472461313241408,0.0012766319400220162,0.059690218774696456,0.5610654803377481
ood_inverted,train_mixed,original,10,8,2.0,0.8920101452120673,0.8544962976375078,0.8642953238739732,-0.0008443225947702085,0.32694706320762634,0.34672439098358154,0.3415583372116089,0.797215461730957,0.2700147330760956,0,0.93211430311203,0.17612522840499878,0.7053175806999207,0.7706528082477654,0.32043867421868366,0.6355885680390408,0.07837810935027467,0.001646798259052544,0.05535871602290803,0.5802298520161329
ood_inverted,train_mixed,original,10,8,3.0,0.8616776822926213,0.755122706440035,0.7658284063341714,-0.0035637529649672466,0.3318656384944916,0.37188756465911865,0.36786651611328125,0.6555107831954956,0.27991193532943726,0,0.9260721206665039,0.1771697700023651,0.7014014154672622,0.7519958579763041,0.2505630060807659,0.6015660024076426,0.08522835031679121,0.0013285479328803136,0.06005840960161794,0.5415075928060247
ood_inverted,train_mixed,original,10,8,5.0,0.8150775865583023,0.74524994208033,0.7674883089984722,-0.00027368011520983434,0.3036046624183655,0.32377010583877563,0.317347913980484,0.5389899611473083,0.25020113587379456,0,0.9231281280517578,0.18370822072029114,0.7013021558523178,0.6877431396139587,0.21227505189750406,0.5451027132990223,0.07708468516068578,0.0021292232787168994,0.054598046596095115,0.49050466670292714
ood_inverted,train_mixed,original,10,8,8.0,0.544833507977612,0.5686701930276635,0.4335781789721092,-0.00023141706139265405,0.3197478652000427,0.31389081478118896,0.34708505868911743,0.45362207293510437,0.20790626108646393,0,0.9870142936706543,0.1950928121805191,0.7494378492236137,0.5687981037956311,0.1306591933225422,0.43735643065370444,0.017057351219838535,0.001990201062625836,0.012537206172674726,0.4248192244810297
ood_inverted,train_mixed,original,10,8,12.0,0.22038555449126865,0.1593942308584026,-0.09498561887841825,0.0006206868227591351,0.44158273935317993,0.45530277490615845,0.5125256776809692,0.4911586046218872,0.2662079930305481,0,0.9770280718803406,0.21278055012226105,0.7477538153529166,0.5373756696044398,0.10464045403486008,0.40755510493356584,0.029959948307968776,0.0022605622114934376,0.021650132479026175,0.38590497245453964
ood_inverted,train_mixed,original,10,8,16.0,0.7298509228708839,0.6015432315297552,0.699600108480653,-0.0022369073659689767,0.3279784619808197,0.3827558755874634,0.3408932089805603,0.6395680904388428,0.21264579892158508,0,0.9771844148635864,0.1955692172050476,0.7426998555660247,0.5494909301169202,0.18743409236607092,0.4408738787916654,0.020827554892053013,0.0018384837009723753,0.01513083353472882,0.42574304525693657
ood_inverted,train_mixed,original,10,8,24.0,0.24491271710425416,0.07922417071269651,0.2426059023364378,-0.00020715112578023072,0.47873586416244507,0.5022393465042114,0.47906309366226196,0.5134775638580322,0.3716241717338562,0,0.9657778739929199,0.21489983797073364,0.740514463186264,0.5015676778162471,0.05491839253271603,0.3675728922311878,0.04033055948254638,0.0018028863408778583,0.028772257540045823,0.33880063469114197
ood_inverted,train_mixed,original,10,16,0.0,0.9497892810270462,0.8770921556983818,0.9723571754047104,-0.004554407341276037,0.24720580875873566,0.29722973704338074,0.23167651891708374,0.9007693529129028,0.21265509724617004,0,0.9494009017944336,0.17267554998397827,0.7163832962512969,0.7096266850620324,0.32979421226654443,0.5956769432233859,0.07672859508207441,0.0030737666449163667,0.05463214655092699,0.541044796672459
ood_inverted,train_mixed,original,10,16,0.5,0.9642742861692561,0.8746749018614538,0.9797696703519416,-0.002969629990548592,0.2329608052968979,0.2949385643005371,0.2222423255443573,0.8999693989753723,0.2082485854625702,0,0.9188302159309387,0.16877466440200806,0.6938135504722595,0.718123638412729,0.3546354676844019,0.6090771871942308,0.1069781935857066,0.0027419483675801995,0.07570732002026867,0.5333698671739621
ood_inverted,train_mixed,original,10,16,1.0,0.9780791364001393,0.8829365201402607,0.9856676856312093,-0.002698816419778805,0.24470458924770355,0.30832263827323914,0.23963043093681335,0.89870685338974,0.23004698753356934,0,0.9609833359718323,0.1679053008556366,0.7230599254369736,0.6760462340656461,0.31997684910670304,0.5692254185779632,0.06877250567050996,0.002916439608202597,0.04901568585181775,0.5202097327261455
ood_inverted,train_mixed,original,10,16,2.0,0.9638889286164704,0.8522590914905726,0.9766319476497379,-0.0020815242758856867,0.2890525162220001,0.347903847694397,0.2823343873023987,0.797215461730957,0.2700147330760956,0,0.9369676113128662,0.17612522840499878,0.708714896440506,0.6829609255305734,0.29224898877713545,0.565747344504542,0.08588787511907503,0.003732410817148103,0.06124123582849694,0.5045061086760451
ood_inverted,train_mixed,original,10,16,3.0,0.9298671285247345,0.7475494338414185,0.9662489250580377,-0.0026303248605927822,0.3062537610530853,0.3747320771217346,0.2925888001918793,0.6555107831954956,0.27991193532943726,0,0.944980800151825,0.1771697700023651,0.7146374911069869,0.6255162908874519,0.2350682828079611,0.5083818884636047,0.07190637353453211,0.003990584185295205,0.051531636729761035,0.45685025173384364
ood_inverted,train_mixed,original,10,16,5.0,0.8629589134115124,0.6996137828690902,0.9711636925969632,-0.003144844581789024,0.28977707028388977,0.33694931864738464,0.2585287392139435,0.5389899611473083,0.25020113587379456,0,0.9448140263557434,0.18370822072029114,0.7164822846651077,0.6274961551641846,0.20901471026619672,0.5019517216947882,0.07870665354097295,0.0032960824450356902,0.05608348221219177,0.4458682394825964
ood_inverted,train_mixed,original,10,16,8.0,0.6735403274854638,0.4621658271834876,0.9278964838008966,-0.0026004097464667206,0.2881225645542145,0.34006062150001526,0.2256232351064682,0.45362207293510437,0.20790626108646393,0,0.9704362750053406,0.1950928121805191,0.7378332361578941,0.596335263589293,0.1433553324893719,0.4604412842593167,0.044743519648585584,0.0034624515726318955,0.03235919922579948,0.4280820850335172
ood_inverted,train_mixed,original,10,16,12.0,0.5415600502908683,0.00419920801156319,0.9144527953429278,-0.0012062654260879243,0.36933434009552,0.4902139902114868,0.28545188903808594,0.4911586046218872,0.2662079930305481,0,0.9855245351791382,0.21278055012226105,0.753701339662075,0.5092251050227007,0.1041653356810019,0.387707174220191,0.023975066713043613,0.0029980153669591832,0.01768195130921828,0.37002522291097273
ood_inverted,train_mixed,original,10,16,16.0,0.7815052353782356,0.5772219947665415,0.8176633588444367,-0.004150885838074127,0.3059260845184326,0.39313915371894836,0.2904893755912781,0.6395680904388428,0.21264579892158508,0,0.9634708762168884,0.1955692172050476,0.7331003785133361,0.5542411769250764,0.1817942990317514,0.44250711355707883,0.04516986464007444,0.002643656119657516,0.032412002083949364,0.4100951114731295
ood_inverted,train_mixed,original,10,16,24.0,0.3850412096281154,0.09126162598927268,0.11276143375470869,-0.008475968578577716,0.4588581621646881,0.500531792640686,0.49748197197914124,0.5134775638580322,0.3716241717338562,0,0.9610342383384705,0.21489983797073364,0.7371939182281494,0.5389867027545097,0.05859256888187222,0.3948684625927184,0.05984823992591348,0.003594355875940174,0.04297207471092149,0.3518963878817969
ood_inverted,train_mixed,original,11,8,0.0,0.9513931579277749,0.8948385978770165,0.9133350825402182,-0.003655018466254385,0.24957670271396637,0.2874893844127655,0.275089830160141,0.8873655200004578,0.21699196100234985,0,0.9305964708328247,0.23559309542179108,0.7220954582095146,0.8190562361096474,0.35541043755219087,0.6799624965424104,0.08931012922481885,0.002120352586473937,0.06315319623331538,0.616809300309095
ood_inverted,train_mixed,original,11,8,0.5,0.957581358534112,0.9034424450253523,0.9204347329738352,-0.0020865204178267065,0.24263864755630493,0.27838894724845886,0.26716819405555725,0.8749716281890869,0.21462775766849518,0,0.9291032552719116,0.2378040850162506,0.7217135041952133,0.8192656106551853,0.35714318919280985,0.6806288842164726,0.08926896804371232,0.001207677864658683,0.06285058098999623,0.6177783032264764
ood_inverted,train_mixed,original,11,8,1.0,0.9603896801843613,0.9041652068819244,0.9131100723213209,-0.0026349383209933906,0.2585112154483795,0.29425013065338135,0.2885643541812897,0.8689799904823303,0.2333330363035202,0,0.9430736303329468,0.24275696277618408,0.732978630065918,0.8111436583087513,0.3486855063290696,0.6724062127148468,0.08458547916786607,0.0016149873972455778,0.05969433163667992,0.6127118810781669
ood_inverted,train_mixed,original,11,8,2.0,0.9836187617200551,0.8955582521965522,0.909306301399227,-0.002449522132486545,0.2835930585861206,0.3280602693557739,0.321118026971817,0.7802831530570984,0.2753211557865143,0,0.9243895411491394,0.2379334419965744,0.7184527114033699,0.8373119365247583,0.34867576606180306,0.6907210853858717,0.09999741778718518,0.0019957030424554564,0.07059690336376626,0.6201241820221055
ood_inverted,train_mixed,original,11,8,3.0,0.9850655877456979,0.766191308839831,0.8135877379199465,-0.004499014883450966,0.29964056611061096,0.38015154004096985,0.3627171814441681,0.6619882583618164,0.2941470742225647,0,0.9410524368286133,0.23948533833026886,0.73058230727911,0.7594620834706609,0.2719544940200204,0.6132098066354686,0.06977731430817591,0.0017461900178293072,0.04936797702107193,0.5638418296143968
ood_inverted,train_mixed,original,11,8,5.0,0.8499759890025191,0.7852863863882279,0.7733628274234138,-0.0027933533837321105,0.29059720039367676,0.3088316023349762,0.31219255924224854,0.5301844477653503,0.24830913543701172,0,0.9266494512557983,0.2500801086425781,0.7236786484718323,0.7537720374668648,0.26890106574538897,0.608310745950422,0.09296768426071822,0.0015595057359547254,0.06554523070328917,0.5427655152471328
ood_inverted,train_mixed,original,11,8,8.0,0.5780205944316945,0.6078520956952247,0.5455841222373906,-0.0026065010913870574,0.31490710377693176,0.3079349100589752,0.32248812913894653,0.45000159740448,0.2162824273109436,0,0.8952797651290894,0.2599519193172455,0.7046814113855361,0.7146435479746887,0.12517385020684954,0.537802638644337,0.12896611817096637,0.0017035634630127906,0.0907873517585803,0.44701528688575665
ood_inverted,train_mixed,original,11,8,12.0,0.36186765907836815,0.24323172730252376,0.3173984596597643,-0.0035684502694696488,0.4061567187309265,0.43172237277030945,0.41573968529701233,0.48413801193237305,0.26864129304885864,0,0.9657151699066162,0.26101621985435486,0.7543054848909377,0.5638197793286557,0.09093402966422512,0.4219540544293265,0.04867836804522596,0.0019638036368862344,0.03466399872272404,0.38729005570660247
ood_inverted,train_mixed,original,11,8,16.0,0.8142478410581456,0.7543715328659987,0.7215151934450539,-0.00018922467841052913,0.3146308660507202,0.3385084867477417,0.35161101818084717,0.6393386125564575,0.24055616557598114,0,0.9874676465988159,0.25089094042778015,0.7664946347475051,0.5695593849996753,0.21299922128080906,0.4625913358840154,0.013119980410985388,0.0016298093955459461,0.009672929106353555,0.4529184067776619
ood_inverted,train_mixed,original,11,8,24.0,0.28117272848138225,0.15295520210996907,0.3824072074273194,-0.0040170902813883415,0.49092695116996765,0.5118216872215271,0.4744294583797455,0.5367477536201477,0.3737845718860626,0,0.9663129448890686,0.27163445949554443,0.7579093992710113,0.4990068561448998,0.050080050431417285,0.364328814430855,0.04003469199551213,0.0015983662892385937,0.028503794283630066,0.33582502014722493
ood_inverted,train_mixed,original,11,16,0.0,0.9596655402035138,0.8973305063873911,0.968483890195805,-0.0009743929982407757,0.2440311163663864,0.285818874835968,0.23811952769756317,0.8873655200004578,0.21699196100234985,0,0.9263024926185608,0.23559309542179108,0.7190896734595298,0.748220150859262,0.3327446403808804,0.6235774977157476,0.10037302789666958,0.0037788922752874828,0.07139478721025494,0.5521827105054926
ood_inverted,train_mixed,original,11,16,0.5,0.9541782614241924,0.9013242874122301,0.9686240259405143,-0.0011589774253718166,0.2448858618736267,0.27978765964508057,0.2353466898202896,0.8749716281890869,0.21462775766849518,0,0.9459543824195862,0.2378040850162506,0.7335092931985855,0.7759100025831149,0.32480352853424854,0.6405780603684549,0.08892233701089836,0.004081483792922827,0.0634700810455057,0.5771079793229492
ood_inverted,train_mixed,original,11,16,1.0,0.9621352096094606,0.8979489091554612,0.9666035398896021,-0.001369323996493469,0.2574016749858856,0.2982015013694763,0.2545613944530487,0.8689799904823303,0.2333330363035202,0,0.9662543535232544,0.24275696277618408,0.7492051362991333,0.7292522917847596,0.3156402144272349,0.6051686685775022,0.06049343284062525,0.004445265844475468,0.04367898274178031,0.5614896858357219
ood_inverted,train_mixed,original,11,16,2.0,0.9913702504285808,0.9241512766416664,0.9627204497621035,-0.0029746726706242014,0.2796788513660431,0.3136218786239624,0.2941459119319916,0.7802831530570984,0.2753211557865143,0,0.931198000907898,0.2379334419965744,0.7232186332345009,0.7574007137493068,0.3089076384367703,0.6228527911555458,0.10614485165095089,0.0032431105745462895,0.0752743293280295,0.5475784618275163
ood_inverted,train_mixed,original,11,16,3.0,0.9977227028571216,0.8860478848148485,0.9324061295492673,-0.0010984628811422329,0.29498475790023804,0.33606335520744324,0.3190108835697174,0.6619882583618164,0.2941470742225647,0,0.9344328045845032,0.23948533833026886,0.7259485647082329,0.7168544064493614,0.27137593361215046,0.5832108645981982,0.09186246641872353,0.0032125583021311954,0.06526749398374582,0.5179433706144523
ood_inverted,train_mixed,original,11,16,5.0,0.9634576090121488,0.8293774924229497,0.7980456253358209,-0.0037252465224230577,0.2586095333099365,0.2964034080505371,0.3052350878715515,0.5301844477653503,0.24830913543701172,0,0.9654014706611633,0.2500801086425781,0.7508050620555877,0.6624441907024006,0.24533121549482076,0.5373102981401265,0.04835790703911835,0.002950284622169079,0.03473562031403357,0.502574677826093
ood_inverted,train_mixed,original,11,16,8.0,0.7312321337809223,0.6657232801441003,0.5575244755565768,-0.0035586435330184434,0.27909862995147705,0.29440930485725403,0.31969743967056274,0.45000159740448,0.2162824273109436,0,0.9879473447799683,0.2599519193172455,0.7695487171411514,0.6114740364314917,0.12454753473909219,0.4653960859237718,0.032955054836519726,0.0031994374828096,0.024028369630406686,0.44136771629336513
ood_inverted,train_mixed,original,11,16,12.0,0.5269862409364295,0.2905364084819669,0.5903914743315811,-0.0012593228753939706,0.3705742061138153,0.4215283691883087,0.3569105863571167,0.48413801193237305,0.26864129304885864,0,0.9691781401634216,0.26101621985435486,0.7567295640707016,0.5868645229715799,0.10943692620761568,0.44363624394239054,0.05276135083180966,0.00374549089476419,0.038056592850696014,0.4055796510916945
ood_inverted,train_mixed,original,11,16,16.0,0.858757790057536,0.8016865957295831,0.7780504753840328,-0.004713278838070795,0.2968810796737671,0.31964007019996643,0.32906574010849,0.6393386125564575,0.24055616557598114,0,0.9670102596282959,0.25089094042778015,0.7521744638681411,0.5854118715110671,0.2143569388166346,0.47409539170273735,0.03908718224435859,0.0029241422963663106,0.028238270259960903,0.44585712144277645
ood_inverted,train_mixed,original,11,16,24.0,0.3909331459690933,0.15728098985083952,0.30753636933383344,-0.002738409809410408,0.47304004430770874,0.5111167430877686,0.4866306483745575,0.5367477536201477,0.3737845718860626,0,0.9733427166938782,0.27163445949554443,0.762830239534378,0.5256897351160634,0.06460659677719077,0.3873647936144016,0.039690325400934534,0.003716417192577312,0.028898152938427363,0.3584666406759743
ood_inverted,train_mixed,original,12,8,0.0,0.9507852571288962,0.8632077846279508,0.8812238082253963,-0.0010132654879283526,0.23847849667072296,0.29924261569976807,0.28674250841140747,0.8981644511222839,0.20433169603347778,0,0.9226692914962769,0.1954186111688614,0.7044940873980521,0.8367160882989565,0.39981170983455333,0.7056447747596355,0.0939901784476479,0.0015179507233559406,0.0662485101303603,0.6393962646292752
ood_inverted,train_mixed,original,12,8,0.5,0.9597747449025745,0.8690175009525808,0.8715477067155224,-0.0008447648704436297,0.24174197018146515,0.30326154828071594,0.30154645442962646,0.8923229575157166,0.2144753783941269,0,0.9142879247665405,0.19694137573242188,0.6990839600563049,0.8412200989467399,0.38690027950459893,0.7049241531140975,0.10310955850964831,0.001967350506520137,0.07276689610870986,0.6321572570053876
ood_inverted,train_mixed,original,12,8,1.0,0.9570970533885946,0.8840545138071421,0.8689894711049609,-0.0010344050798855706,0.24832409620285034,0.29651984572410583,0.3064602315425873,0.8798466324806213,0.22001539170742035,0,0.9192364811897278,0.20434769988059998,0.7047698467969894,0.8588014267240425,0.3720656116682626,0.7127806822073085,0.09356176966434859,0.0014456016048781436,0.06592691924650745,0.6468537629608011
ood_inverted,train_mixed,original,12,8,2.0,0.9902841879957848,0.9108556165986205,0.8196911454321938,-0.00025348655309347855,0.283820778131485,0.32688942551612854,0.3763216435909271,0.8207837343215942,0.2785525619983673,0,0.9416217803955078,0.21166130900382996,0.7226336389780044,0.7752593635511258,0.2958917451817474,0.6314490780403123,0.059720743454073744,0.0014973487240363588,0.04225372503506253,0.5891953530052497
ood_inverted,train_mixed,original,12,8,3.0,0.9045662025001188,0.7384915234783059,0.7053739347683656,-0.0014144284204090365,0.334674596786499,0.40116697549819946,0.4144264757633209,0.6968415379524231,0.2964651584625244,0,0.9371408820152283,0.20868460834026337,0.7186039999127388,0.7550963038785085,0.26407960852012874,0.6077912952709945,0.06403653342237536,0.0014837663240515498,0.04527070329287822,0.5625205919781163
ood_inverted,train_mixed,original,12,8,5.0,0.799427311009931,0.7731964176805719,0.5981351153224641,-0.00011339164505478336,0.30593469738960266,0.313601016998291,0.3647649586200714,0.5395777225494385,0.2473147213459015,0,0.9869382381439209,0.20788514614105225,0.7532223105430602,0.675280961430913,0.24009041953862384,0.5447237988632262,0.019803799499017005,0.0019722123038211177,0.014454323340458238,0.5302694755227679
ood_inverted,train_mixed,original,12,8,8.0,0.6354139490310947,0.5582111637338093,0.46771420676519593,-0.002599752673687879,0.28648146986961365,0.3037799894809723,0.32405728101730347,0.42885613441467285,0.2047901302576065,0,0.9776516556739807,0.2304438203573227,0.7534893050789833,0.6047994900747191,0.14052003407011374,0.46551565327333744,0.024117697658159187,0.0014897926063858426,0.017329326142627183,0.44818632713071027
ood_inverted,train_mixed,original,12,8,12.0,0.23205225074233185,0.13996097156340748,0.0010571564454161212,-0.0021190229938068687,0.4380618631839752,0.45903873443603516,0.49067872762680054,0.4909195303916931,0.2631360590457916,0,0.976952850818634,0.24510371685028076,0.757398110628128,0.5266714407509636,0.08596024282007192,0.3944580813716961,0.028424601856166132,0.0018496886998326737,0.020452127909266093,0.37400595346243
ood_inverted,train_mixed,original,12,8,16.0,0.7304486530866061,0.5750531480492802,0.7393836198011084,-9.221590634214895e-05,0.3155956566333771,0.38801389932632446,0.31143173575401306,0.6560032367706299,0.18997789919376373,0,0.9770001769065857,0.23692339658737183,0.7549771428108215,0.5783711740906076,0.18443403961900529,0.46019003374912687,0.027040141516720517,0.002112647360951704,0.01956189326998987,0.440628140479137
ood_inverted,train_mixed,original,12,8,24.0,0.2490677932361043,0.042091763733953104,0.29350127155864225,-0.0014494773172352184,0.467002809047699,0.5066648125648499,0.45848819613456726,0.51473069190979,0.3231046199798584,0,0.9697895050048828,0.2654432952404022,0.7584856420755386,0.45017937639354044,0.05883806765277955,0.33277698377131215,0.03891548623124719,0.0016760213707519046,0.027743646773098603,0.30503333699821356
ood_inverted,train_mixed,original,12,16,0.0,0.9745936457472659,0.9158779603975128,0.959120793960302,-0.0006354493271899979,0.2219594568014145,0.26269832253456116,0.23269502818584442,0.8981644511222839,0.20433169603347778,0,0.9533869624137878,0.1954186111688614,0.7259964570403098,0.7143467274171309,0.34887106489698866,0.6047040286610882,0.08561192895576564,0.0035460118086647653,0.06099215381163538,0.5437118748494528
ood_inverted,train_mixed,original,12,16,0.5,0.9753596103688007,0.916350493533893,0.9585418471979331,-0.0013250506747907835,0.23117780685424805,0.2711769938468933,0.2425776869058609,0.8923229575157166,0.2144753783941269,0,0.9359455108642578,0.19694137573242188,0.714244270324707,0.7363624200345611,0.34346490195676854,0.6184931646112233,0.09366579050434554,0.003564761405027061,0.06663548177454999,0.5518576828366732
ood_inverted,train_mixed,original,12,16,1.0,0.9815181504735998,0.9170942756437508,0.9437066069112776,-0.0003251993963486205,0.23221029341220856,0.2747191786766052,0.2571595311164856,0.8798466324806213,0.22001539170742035,0,0.9491883516311646,0.20434769988059998,0.7257361561059952,0.7151925810897368,0.3312823566507375,0.6000195137580371,0.07294781447683185,0.003024829729804986,0.05197091905272379,0.5480485947053133
ood_inverted,train_mixed,original,12,16,2.0,1.0,0.9086466230913829,0.9025606923590568,-0.0037577787586732716,0.2785525619983673,0.3280872106552124,0.3313871920108795,0.8207837343215942,0.2785525619983673,0,0.9430893063545227,0.21166130900382996,0.7236609071493149,0.6761761239627102,0.2587479938923549,0.5509476849416036,0.0792465930733568,0.0033879679234462556,0.05648900552838363,0.49445867941321997
ood_inverted,train_mixed,original,12,16,3.0,1.0,0.8312341703039704,0.8189507058073743,-0.004424759658077822,0.2964651584625244,0.3640350103378296,0.36895301938056946,0.6968415379524231,0.2964651584625244,0,0.9783022403717041,0.20868460834026337,0.7474169507622719,0.6473008388221226,0.2393624799942178,0.5249193311737511,0.03914462444974676,0.0038077945441434514,0.028543575478065762,0.4963757556956854
ood_inverted,train_mixed,original,12,16,5.0,0.9574517226403653,0.7880062638686802,0.7477290824790636,-0.0050208433625966034,0.25975000858306885,0.3092726469039917,0.3210441768169403,0.5395777225494385,0.2473147213459015,0,0.9767399430274963,0.20788514614105225,0.746083503961563,0.6364262253232478,0.23126281151584596,0.5148772011810272,0.041182532871145705,0.003327369392526629,0.02982598382755998,0.48505121735346723
ood_inverted,train_mixed,original,12,16,8.0,0.7322618519945879,0.6361305901548965,0.7636869908953459,-0.004033300935071689,0.2647811472415924,0.28632089495658875,0.2577398419380188,0.42885613441467285,0.2047901302576065,0,0.9747776985168457,0.2304438203573227,0.7514775350689887,0.6112240166527999,0.17260858026241865,0.47963938573568554,0.040396658148028064,0.003102623279101503,0.029208447687350092,0.45043093804833545
ood_inverted,train_mixed,original,12,16,12.0,0.5252358813027883,0.4097954441528978,0.6687947173578416,-0.013278303630246449,0.3712794780731201,0.39757490158081055,0.3385791480541229,0.4909195303916931,0.2631360590457916,0,0.9832122325897217,0.24510371685028076,0.7617796778678894,0.573481607003365,0.12725808250468698,0.43961454965376157,0.030955670528914125,0.004603678018215299,0.023050072775704478,0.4165644768780571
ood_inverted,train_mixed,original,12,16,16.0,0.8007670547227542,0.725403765139644,0.8137764041174722,-0.00013276020913058337,0.2828254997730255,0.3179467022418976,0.27676281332969666,0.6560032367706299,0.18997789919376373,0,0.9801327586174011,0.23692339658737183,0.7571699500083923,0.5547902745336186,0.191621229422366,0.44583956100024286,0.03701633914531954,0.003430993811777681,0.026940735545256982,0.41889882545498586
ood_inverted,train_mixed,original,12,16,24.0,0.3208481806260249,0.15939227086438615,0.22065088374569822,-0.006333531573721785,0.4532478153705597,0.48418697714805603,0.4724482297897339,0.51473069190979,0.3231046199798584,0,0.9670897722244263,0.2654432952404022,0.756595829129219,0.5279686772226466,0.08441792131279025,0.3949034504496897,0.0523051668503961,0.0036881181927364342,0.0377200522530982,0.3571833981965915
ood_inverted,train_mixed,original,13,8,0.0,0.908906095565253,0.9105734494301387,0.8933964700527981,-0.0006073014103673564,0.28788071870803833,0.28675925731658936,0.2983124852180481,0.899210512638092,0.22661100327968597,0,0.9325305819511414,0.23017629981040955,0.7218242973089217,0.7943680405869658,0.36477563062276697,0.6654903175977062,0.0834552091863957,0.0014796257527344022,0.05886253415629731,0.6066277834414089
ood_inverted,train_mixed,original,13,8,0.5,0.9413980431097877,0.9173318612646028,0.8899139616009739,-0.0009980186992203444,0.2669956088066101,0.2832026481628418,0.30166685581207275,0.9009671807289124,0.22753092646598816,0,0.9269044995307922,0.23045912384986877,0.7179708868265151,0.7865146821455168,0.35393460531317184,0.6567406590958134,0.08211672554228067,0.001619486932591548,0.05796755395937393,0.5987731051364394
ood_inverted,train_mixed,original,13,8,1.0,0.9572998837923717,0.9154222397562732,0.8810333148751737,-0.0009681993771259969,0.26221024990081787,0.28906360268592834,0.31111493706703186,0.8760631084442139,0.23482950031757355,0,0.9525091648101807,0.2374688982963562,0.7379970848560332,0.7591717194284542,0.3415871415529959,0.6338963460658167,0.08167547538771702,0.0017976085017506827,0.05771211532192712,0.5761842307438896
ood_inverted,train_mixed,original,13,8,2.0,0.9563590820638467,0.8921771216588479,0.826410291995694,-0.0033030516007918256,0.2848867177963257,0.3188053071498871,0.3535614609718323,0.7902989983558655,0.2618235647678375,0,0.9296045303344727,0.24151745438575745,0.7231784075498581,0.7954872320193431,0.32038048205863123,0.6529552070311295,0.08516099044520331,0.0013873238342135288,0.06002889046190637,0.5929263165692231
ood_inverted,train_mixed,original,13,8,3.0,0.9650840865097181,0.8799278027248922,0.7903245853283548,-0.0012943132171455373,0.29206347465515137,0.32563191652297974,0.36095333099365234,0.6724977493286133,0.2782996892929077,0,0.9347577691078186,0.2603922188282013,0.7324481040239333,0.664663899117649,0.24418315014547595,0.538519674425997,0.08536943341804903,0.0013629471067270805,0.060167487524652445,0.47835218690134457
ood_inverted,train_mixed,original,13,8,5.0,0.8920754638966205,0.8368229980600572,0.759352848007828,-0.0016908656416123617,0.28040850162506104,0.29538244009017944,0.31637758016586304,0.5221693515777588,0.2511599361896515,0,0.946102499961853,0.2632802426815033,0.741255822777748,0.6467188853613218,0.19950206920088112,0.5125538405131896,0.07273627581627051,0.0018466991603888483,0.05146940281950601,0.4610844376936836
ood_inverted,train_mixed,original,13,8,8.0,0.5573173063936077,0.6001347895475729,0.6963724996041581,-0.0024451797347237107,0.3230915665626526,0.31289270520210266,0.28996947407722473,0.4558411240577698,0.2176472693681717,0,0.9448117017745972,0.27844423055648804,0.7449014604091644,0.5537562431771935,0.13409742430423088,0.4278585975153047,0.07328673495413207,0.0016683977446753085,0.05180123379129504,0.37605736372400966
ood_inverted,train_mixed,original,13,8,12.0,0.34084864472890425,0.2879717716716238,0.4870480744674781,-0.0005210130865413539,0.42827171087265015,0.4396502375602722,0.39681118726730347,0.5016186237335205,0.2864295244216919,0,0.9766390323638916,0.29081830382347107,0.7708928138017653,0.5008473571468833,0.08014913734695141,0.3746378912069037,0.03221487017098135,0.001498953017754476,0.023000095025013285,0.35163779618189045
ood_inverted,train_mixed,original,13,8,16.0,0.6649847685370339,0.5897319434117613,0.9330193414737629,-1.4233458111099057e-05,0.36344605684280396,0.3971651792526245,0.243345707654953,0.6614109873771667,0.2133331596851349,0,0.9858567118644714,0.26016199588775635,0.7681482970714568,0.5184031168367578,0.17694923765313045,0.41596695308166953,0.013612538723056455,0.0018791187236668963,0.010092512723239586,0.40587444035842996
ood_inverted,train_mixed,original,13,8,24.0,0.26043526104509374,0.07230556972897399,0.15944595155940292,-0.004809106740916839,0.48348161578178406,0.515402615070343,0.5006170272827148,0.5276710987091064,0.3579955995082855,0,0.9941803216934204,0.2742699384689331,0.7782072067260742,0.4001895805600999,0.04183836547064241,0.2926842160332626,0.010305541657165795,0.0016497990146552212,0.007708818864412622,0.28497539716885
ood_inverted,train_mixed,original,13,16,0.0,0.9745534239918042,0.9079215902364224,0.9629155554389732,-0.0018846460082128367,0.24372635781764984,0.28854289650917053,0.2515539824962616,0.899210512638092,0.22661100327968597,0,0.944848358631134,0.23017629981040955,0.7304467409849167,0.7237096564105843,0.32658875273386195,0.6045733853075675,0.09257301274076324,0.004105735701248386,0.06603282962890877,0.5385405556786588
ood_inverted,train_mixed,original,13,16,0.5,0.9661301165551485,0.9155618738624204,0.9707748067190662,-0.0020849881604765564,0.25034013390541077,0.28439462184906006,0.2472122311592102,0.9009671807289124,0.22753092646598816,0,0.9134343266487122,0.23045912384986877,0.7085417658090591,0.7410342642517553,0.33348458322179375,0.6187693599427668,0.12286405906325337,0.0035104569355646703,0.08705797842494675,0.53171138151782
ood_inverted,train_mixed,original,13,16,1.0,0.9749691506125644,0.9154054617236723,0.982908390152652,-0.0009682923302151988,0.2508801221847534,0.2890743613243103,0.24578921496868134,0.8760631084442139,0.23482950031757355,0,0.9458005428314209,0.2374688982963562,0.7333010494709015,0.6915538452004515,0.32985877699507093,0.5830453247388373,0.07525659557333964,0.0038843230842780505,0.053844913826621155,0.5292004109122161
ood_inverted,train_mixed,original,13,16,2.0,0.9644549195094055,0.8680499346602346,0.9731659483418564,-0.0006735581561131183,0.28060826659202576,0.33155593276023865,0.27600470185279846,0.7902989983558655,0.2618235647678375,0,0.9569694995880127,0.24151745438575745,0.7423338860273361,0.6950157054775002,0.3013045371698721,0.5769023549852117,0.08056286229173526,0.00424955777294847,0.057668870936099216,0.5192334840491125
ood_inverted,train_mixed,original,13,16,3.0,0.9718061989740451,0.8074838369612912,0.9688524129113186,-0.0033215161730182265,0.2894136309623718,0.3541891872882843,0.2905780076980591,0.6724977493286133,0.2782996892929077,0,0.9433059096336365,0.2603922188282013,0.7384318023920058,0.6614927396821648,0.26635674525448294,0.5429519413538602,0.09060191957922459,0.003911476820592515,0.06459478675163496,0.47835715460222517
ood_inverted,train_mixed,original,13,16,5.0,0.9843073680548018,0.8277623071342631,0.8789963278436284,-0.0028917145494171867,0.2554127871990204,0.2978379726409912,0.28395307064056396,0.5221693515777588,0.2511599361896515,0,0.9388784170150757,0.2632802426815033,0.7361989647150039,0.6416019572096385,0.23193130479244783,0.5187007614844813,0.09290450930030125,0.004635263493788624,0.06642373555834745,0.45227702592613384
ood_inverted,train_mixed,original,13,16,8.0,0.7316292312773058,0.6074872196724925,0.8815267065163108,-0.0011305656287654633,0.28157153725624084,0.31114140152931213,0.24586687982082367,0.4558411240577698,0.2176472693681717,0,0.9634644389152527,0.27844423055648804,0.7579583764076232,0.604935686002315,0.16645290656337494,0.4733908521706329,0.054074180397170934,0.004263419013730275,0.039130951982138736,0.4342599001884942
ood_inverted,train_mixed,original,13,16,12.0,0.6384915660141031,0.5985825452583378,0.7938473644936644,-0.0029947865452871446,0.3642221987247467,0.3728101849555969,0.33079132437705994,0.5016186237335205,0.2864295244216919,0,0.9730525612831116,0.29081830382347107,0.7683822840452194,0.5262500115969118,0.11922925429021634,0.40414378440490306,0.03676464253578182,0.0028546326555867908,0.02659163957172331,0.3775521448331797
ood_inverted,train_mixed,original,13,16,16.0,0.8212675399935231,0.6320417622963277,0.9408986579777834,-0.00043671442036203933,0.29341921210289,0.37820708751678467,0.23981516063213348,0.6614109873771667,0.2133331596851349,0,0.9622646570205688,0.26016199588775635,0.751633858680725,0.5808673589490055,0.202191735700327,0.46726467197440197,0.05545270733516172,0.0034788487055513627,0.03986054974627861,0.42740412222812335
ood_inverted,train_mixed,original,13,16,24.0,0.42010902164185854,0.08155212251454105,0.1861092692985607,-0.001860411197947084,0.4563888907432556,0.5138337016105652,0.49609291553497314,0.5276710987091064,0.3579955995082855,0,0.96244215965271,0.2742699384689331,0.755990493297577,0.5286371307908876,0.08721810282659628,0.3962114224016002,0.055512557297662024,0.0031345842759955187,0.039799165391162065,0.3564122570104381
ood_inverted,train_mixed,original,14,8,0.0,0.8879529979866269,0.755688161327038,0.8516565927738857,-0.0012359381403781896,0.2930130958557129,0.38276687264442444,0.31764352321624756,0.8955703377723694,0.21697896718978882,0,0.9491644501686096,0.23036785423755646,0.7335254713892936,0.726691448615581,0.3557867533077642,0.6154200400232359,0.05926768382415082,0.0017738299032679162,0.04201952764788595,0.57340051237535
ood_inverted,train_mixed,original,14,8,0.5,0.8395967463695554,0.7700574467462366,0.8571584038372333,-0.001596659449976452,0.32057154178619385,0.3673040270805359,0.3087695837020874,0.8848056197166443,0.21277576684951782,0,0.9470351934432983,0.23176445066928864,0.7324539706110954,0.7873970248038809,0.3579416172160873,0.6585604025275428,0.06814451102088437,0.0018690446454294523,0.04826187110824789,0.6102985314192949
ood_inverted,train_mixed,original,14,8,1.0,0.8326796084030915,0.7731616699025723,0.8490724714744746,-0.0016697857268557993,0.32592302560806274,0.36448150873184204,0.3153029680252075,0.8653715252876282,0.21752510964870453,0,0.959176778793335,0.23345018923282623,0.7414588019251823,0.7516000685691184,0.3316953540052282,0.6256286541999513,0.049927764676193975,0.0023442714330507495,0.035652716703251,0.5899759374967003
ood_inverted,train_mixed,original,14,8,2.0,0.9273671185072301,0.752150924887036,0.7739246182676908,-0.0012338437779210337,0.3025488555431366,0.393125981092453,0.38187018036842346,0.78194659948349,0.26500165462493896,0,0.966499388217926,0.2284146249294281,0.7450739592313765,0.7460242190454953,0.32115066721932134,0.6185621534976431,0.03872372557553516,0.0021710315717029054,0.027757917374385484,0.5908042361232576
ood_inverted,train_mixed,original,14,8,3.0,0.8614887445409888,0.666603537492921,0.6206127327217335,-0.0016719617462843314,0.3380439281463623,0.4105417728424072,0.42765048146247864,0.6585201621055603,0.28651735186576843,0,0.9779066443443298,0.23062431812286377,0.7537219464778899,0.6742976792883801,0.24109390344880016,0.5443365465365061,0.024317197533159973,0.002306292229175017,0.017713925941964484,0.5266226205945416
ood_inverted,train_mixed,original,14,8,5.0,0.897051871812772,0.675119834885713,0.4688809294518592,-0.0007678118339867479,0.2764141261577606,0.3373337984085083,0.39394575357437134,0.5226521492004395,0.24815517663955688,0,0.9548787474632263,0.24370500445365906,0.741526624560356,0.6741170401774239,0.23692823907593533,0.5429603998469773,0.051426994771315404,0.0020779718812648845,0.03662228790430025,0.5063381119426771
ood_inverted,train_mixed,original,14,8,8.0,0.6377318413571375,0.4395155874608562,0.19028257091022827,-0.0012197769432281882,0.2870606780052185,0.3319450318813324,0.388381689786911,0.43146952986717224,0.20502819120883942,0,0.9548400044441223,0.27628231048583984,0.7512726962566375,0.5884500453617716,0.1537051828303945,0.4580265866023584,0.05910802659659986,0.0024136590722891385,0.04209971633930665,0.41592687026305175
ood_inverted,train_mixed,original,14,8,12.0,0.4586691670934484,0.1245103988320327,-0.11349738522090648,-8.178348466788904e-06,0.3974168598651886,0.47778451442718506,0.5350271463394165,0.5077301859855652,0.2672227919101715,0,0.9816705584526062,0.27940821647644043,0.7709918558597564,0.4975182316465817,0.10344883729048324,0.37929741333975214,0.01920690504542244,0.0014849888335598262,0.013890330181863655,0.3654070831578885
ood_inverted,train_mixed,original,14,8,16.0,0.6790036045534591,0.5686620677181974,0.5686541892871836,0.0007909944737944545,0.34566062688827515,0.3936612904071808,0.39366471767425537,0.6410400867462158,0.20602110028266907,0,0.9749512076377869,0.2612352967262268,0.7608364343643188,0.5306956341347273,0.14837971941482436,0.4160008597187564,0.032629004394258976,0.001692317376647455,0.02334799828897552,0.39265286142978084
ood_inverted,train_mixed,original,14,8,24.0,0.30890357514199623,0.15035098966490976,-0.08592215633504859,-0.0005359777427193201,0.47722095251083374,0.49718061089515686,0.5269242525100708,0.5161077976226807,0.39022111892700195,0,0.980549693107605,0.27027326822280884,0.7674667656421661,0.4645032381084009,0.056031540458575065,0.3419617288134531,0.026225058406731394,0.002019840590739232,0.018963493061933744,0.32299823575151937
ood_inverted,train_mixed,original,14,16,0.0,0.9050537581707097,0.7807600681395332,0.9776911013683595,-0.00010338278666940012,0.2814086675643921,0.36575329303741455,0.23211759328842163,0.8955703377723694,0.21697896718978882,0,0.9336310625076294,0.23036785423755646,0.7226521000266075,0.7016724444639648,0.3433963230016561,0.5941896080252722,0.08690025099337895,0.0032060644332060975,0.06179199502532709,0.5323976129999451
ood_inverted,train_mixed,original,14,16,0.5,0.8964414414813935,0.7905827070836796,0.9769859128196623,-4.3725869838817395e-05,0.2823702096939087,0.35351043939590454,0.2282419204711914,0.8848056197166443,0.21277576684951782,0,0.9730365872383118,0.23176445066928864,0.7506549462676049,0.670770945722237,0.3190784840699187,0.5652632072265416,0.04657582281087791,0.0028506740199340883,0.03345827817359476,0.5318049290529467
ood_inverted,train_mixed,original,14,16,1.0,0.898014333669218,0.7897691329633703,0.9720491449156466,-0.00029744984599288114,0.2835961580276489,0.3537224233150482,0.2356329709291458,0.8653715252876282,0.21752510964870453,0,0.9688883423805237,0.23345018923282623,0.7482568964362144,0.6700903028836162,0.3115189863082121,0.5625189079109949,0.047117654152421196,0.0030892349488895973,0.03390912839136171,0.5286097795196332
ood_inverted,train_mixed,original,14,16,2.0,0.894631113456092,0.754065798313989,0.9584444505682472,-0.002505275918761632,0.3194715678691864,0.3921360969543457,0.2864835858345032,0.78194659948349,0.26500165462493896,0,0.975203812122345,0.2284146249294281,0.7511670559644699,0.6558409383203544,0.2991610302380048,0.5488369658956495,0.04193745071710797,0.00388747736882105,0.03052245871262189,0.5183145071830275
ood_inverted,train_mixed,original,14,16,3.0,0.9532610183841287,0.683644008180195,0.9544834651635514,-0.0017419806521900576,0.30390438437461853,0.4042026698589325,0.3034496307373047,0.6585201621055603,0.28651735186576843,0,0.9179438352584839,0.23062431812286377,0.7117479801177977,0.7021943258180079,0.2693905097384796,0.5723531809941493,0.09763472012963204,0.0030906949894515235,0.06927151258757788,0.5030816684065714
ood_inverted,train_mixed,original,14,16,5.0,0.8912072950809883,0.6752414340449417,0.9498303583158082,-0.006991083090225491,0.27801844477653503,0.3373004198074341,0.2619265913963318,0.5226521492004395,0.24815517663955688,0,0.9596520066261292,0.24370500445365906,0.744867905974388,0.6235566775678583,0.2400420936953651,0.5085023024061103,0.05385223678623252,0.0036952179169191055,0.03880513112543849,0.4696971712806718
ood_inverted,train_mixed,original,14,16,8.0,0.670428654597745,0.444766366585482,0.914825732002713,-0.0045120428295955944,0.2796567678451538,0.3307560384273529,0.22431516647338867,0.43146952986717224,0.20502819120883942,0,0.9739834070205688,0.27628231048583984,0.7646730780601502,0.5865623064583512,0.16412074237438964,0.4598298372331627,0.04384972581205149,0.0034872632703264344,0.03174098704953397,0.4280888501836287
ood_inverted,train_mixed,original,14,16,12.0,0.6346890350279903,0.2567184822868744,0.8198632010130248,9.045749061751363e-05,0.35508278012275696,0.4459874927997589,0.31054702401161194,0.5077301859855652,0.2672227919101715,0,0.9826345443725586,0.27940821647644043,0.771666646003723,0.5629750148795052,0.1417332808138362,0.4366024946598045,0.025763514299365964,0.0036374085529706605,0.019125682575447372,0.4174768120843571
ood_inverted,train_mixed,original,14,16,16.0,0.8374790664949854,0.6505426012455456,0.943406352687213,-0.0017666867737927761,0.27672079205513,0.3580417037010193,0.23064041137695312,0.6410400867462158,0.20602110028266907,0,0.9814672470092773,0.2612352967262268,0.7653976619243622,0.5571647959984187,0.20531665225931217,0.4516103528766867,0.02360650789224461,0.0038451308661252297,0.017678094784408797,0.4339322580922779
ood_inverted,train_mixed,original,14,16,24.0,0.6425409606312038,0.06167247782699851,-0.30282411028641665,-0.003704496341904558,0.4352204501628876,0.5083440542221069,0.5542293190956116,0.5161077976226807,0.39022111892700195,0,0.9743601679801941,0.27027326822280884,0.7631340980529785,0.5105180705918873,0.08656588159519672,0.3833324138928801,0.04049666605950475,0.0028439641375286825,0.029200855482911927,0.3541315584099682
ood_inverted,train_mixed,original,15,8,0.0,0.7996787664121916,0.7706827160206747,0.9601021635943886,-0.0010375383346234537,0.3416183888912201,0.36120283603668213,0.23326557874679565,0.881735622882843,0.20631787180900574,0,0.9454576373100281,0.21486543118953705,0.7262799754738807,0.7159670404644034,0.3253381107085461,0.5987783615376462,0.06912601600935842,0.0015669833655149307,0.04885830621620537,0.5499200553214408
ood_inverted,train_mixed,original,15,8,0.5,0.8310912160114158,0.8023322998369511,0.9848760597915941,-0.001282180075401866,0.32637718319892883,0.34522366523742676,0.22559788823127747,0.871013343334198,0.21568676829338074,0,0.958065927028656,0.2135835587978363,0.73472121655941,0.695325052104796,0.3215178665553568,0.5831828964399641,0.058811643161612914,0.0015049735013070858,0.04161964226352116,0.541563254176443
ood_inverted,train_mixed,original,15,8,1.0,0.8565895540384757,0.8011144534340144,0.9720885486389496,-0.001616953161125202,0.3141242265701294,0.3490436375141144,0.2414221167564392,0.8533139228820801,0.2238529473543167,0,0.9479467272758484,0.21918939054012299,0.7293195262551306,0.796480460491851,0.36187922747773904,0.6661000905876173,0.0701813588826029,0.0017284828404255915,0.04964549606994971,0.6164545945176676
ood_inverted,train_mixed,original,15,8,2.0,0.8601636990085246,0.7940491666947732,0.9499906664115374,-0.002093462113478403,0.33787769079208374,0.37327998876571655,0.28977811336517334,0.7984688878059387,0.26299965381622314,0,0.959050714969635,0.23243889212608337,0.7410671681165695,0.7173671225613023,0.2900265775857323,0.5891649590686312,0.053070518310510684,0.0017439211951283211,0.037672539175895976,0.5514924198927352
ood_inverted,train_mixed,original,15,8,3.0,0.8767610131491036,0.7143761581275857,0.8789011627249949,-0.0007777069664531254,0.336580753326416,0.3931078612804413,0.3358357548713684,0.6417863368988037,0.2936805486679077,0,0.9074875712394714,0.23884344100952148,0.7068943321704865,0.7951026931439015,0.28173544617211027,0.6410925190523641,0.11114109097739122,0.0016190644981717045,0.07828448303362535,0.5628080360187387
ood_inverted,train_mixed,original,15,8,5.0,0.9147819432288596,0.742858528046624,0.8294347084255123,-8.994618538865683e-05,0.26620087027549744,0.314392626285553,0.2901245057582855,0.5226228833198547,0.2423134446144104,0,0.9180139303207397,0.2471131533384323,0.7167436972260475,0.7741814766187306,0.25646909397433165,0.6188677618254108,0.09416279170156383,0.0012357126896345855,0.06628466799798505,0.5525830938274258
ood_inverted,train_mixed,original,15,8,8.0,0.6216335901530338,0.5708633871344311,0.6758199361492185,-0.002221423577370136,0.2979171574115753,0.31002962589263916,0.28498968482017517,0.4462229907512665,0.2076486349105835,0,0.9783360362052917,0.26806771755218506,0.7652555406093597,0.61453886759308,0.14862267055094627,0.47476400848043987,0.0232536568202244,0.001730338527828818,0.016796661332505725,0.45796734714793413
ood_inverted,train_mixed,original,15,8,12.0,0.31745417688611727,0.24367949072129258,0.3655407028069222,-0.0022037148205510744,0.41866371035575867,0.4331563711166382,0.40921735763549805,0.48102596402168274,0.2845810651779175,0,0.9863793253898621,0.2822078466415405,0.7751278817653655,0.5010427867658138,0.0879089104475365,0.3771026238703306,0.02132114510002925,0.0020566209285941173,0.015541787848598708,0.3615608360217319
ood_inverted,train_mixed,original,15,8,16.0,0.7738083136476883,0.6106441533931344,0.7869688490761051,-0.0010889532334043377,0.3359053432941437,0.3972785472869873,0.3309550881385803,0.6269686222076416,0.2508247196674347,0,0.9774783253669739,0.25510913133621216,0.7607675671577454,0.5146092368862745,0.16186051912606847,0.4087846215582126,0.022525940896873542,0.0018937294453146038,0.016336277461405858,0.39244834409680673
ood_inverted,train_mixed,original,15,8,24.0,0.20073219910092968,0.015782536159153177,0.5923584985093733,-0.0022458129447942817,0.4907272160053253,0.5203164219856262,0.42807281017303467,0.5228413939476013,0.3628562092781067,0,0.9619848132133484,0.2845216691493988,0.7587458699941634,0.4801846735416221,0.05436730324470882,0.3524394624525481,0.04271842393467595,0.002026700527484301,0.030510906912518457,0.32192855554002964
ood_inverted,train_mixed,original,15,16,0.0,0.9685346666161296,0.7612850384845357,0.9139725226632234,-0.0021637664733037735,0.22757011651992798,0.36755019426345825,0.26442235708236694,0.881735622882843,0.20631787180900574,0,0.9451199769973755,0.21486543118953705,0.7260436132550239,0.67653313844807,0.30444732016436826,0.5649073929629593,0.07498047742737934,0.0030345745327371235,0.05339670655898668,0.5115106864039727
ood_inverted,train_mixed,original,15,16,0.5,0.9602742693872436,0.794059295985181,0.9563593316710257,-0.0020345524655362374,0.24172009527683258,0.35064518451690674,0.24428565800189972,0.871013343334198,0.21568676829338074,0,0.9405819773674011,0.2135835587978363,0.7224824517965316,0.7265698783792524,0.321104330732371,0.6049302140851879,0.09634442029153378,0.0033571644059623837,0.06844824352586236,0.5364819705593256
ood_inverted,train_mixed,original,15,16,1.0,0.9653092007461411,0.7888716389791293,0.9518867187765395,-0.0015340980418944363,0.24568945169448853,0.3567500114440918,0.25413838028907776,0.8533139228820801,0.2238529473543167,0,0.899547278881073,0.21918939054012299,0.6954399123787879,0.7544546724378582,0.33637656219401746,0.629031239364706,0.14210745584226936,0.0029310158095935037,0.1003545238324666,0.5286767155322394
ood_inverted,train_mixed,original,15,16,2.0,0.9854683207321541,0.7817550997736674,0.9653438350395934,-0.0029927592057734007,0.27078092098236084,0.37986308336257935,0.28155696392059326,0.7984688878059387,0.26299965381622314,0,0.9447855949401855,0.23243889212608337,0.7310815840959548,0.7372349955115449,0.30196001503307623,0.6066525013680043,0.08034779798683134,0.0031586548627648443,0.05719105504961139,0.5494614463183929
ood_inverted,train_mixed,original,15,16,3.0,1.0,0.6914905639248757,0.9746019260147604,-0.0008371222719042999,0.2936805486679077,0.40107446908950806,0.3025217652320862,0.6417863368988037,0.2936805486679077,0,0.9620065093040466,0.23884344100952148,0.7450575888156891,0.6618030608778154,0.25409274163302115,0.5394899651043771,0.05546061853710149,0.003131310484299048,0.03976182612126076,0.4997281389831163
ood_inverted,train_mixed,original,15,16,5.0,0.940443398545381,0.7485659643634489,0.9456752683288211,0.0007191442056369679,0.2590077221393585,0.3127927780151367,0.2575411796569824,0.5226228833198547,0.2423134446144104,0,0.9592990279197693,0.2471131533384323,0.7456432655453681,0.6661568661779015,0.24009080433974483,0.5383370476264544,0.06342995061278234,0.0031724846874680414,0.04535271083518805,0.49298433679126635
ood_inverted,train_mixed,original,15,16,8.0,0.7116802559127929,0.515754393972838,0.7383099817156965,-0.004758016231144976,0.2764343321323395,0.3231772184371948,0.27008116245269775,0.4462229907512665,0.2076486349105835,0,0.9575873017311096,0.26806771755218506,0.7507314264774322,0.6168189562506687,0.168743787303167,0.4823964055664182,0.05999519910107565,0.003565664414876231,0.04306633869521582,0.4393300668712024
ood_inverted,train_mixed,original,15,16,12.0,0.4919219120950507,0.15681981164807254,0.4941508104940275,-0.007664758631330162,0.3843904137611389,0.4502195119857788,0.3839525580406189,0.48102596402168274,0.2845810651779175,0,0.9479182958602905,0.2822078466415405,0.7482051610946655,0.5631121280479054,0.11238056233950174,0.4278926583353843,0.07616879155351597,0.0036753156924279246,0.05442074879518955,0.37347190954019477
ood_inverted,train_mixed,original,15,16,16.0,0.8837332460734021,0.6304126478305119,0.5361424481402265,-0.004532656910404202,0.29455775022506714,0.3898427486419678,0.4253019094467163,0.6269686222076416,0.2508247196674347,0,0.987298309803009,0.25510913133621216,0.7676415562629699,0.5740101526851291,0.2069369958641985,0.4638882056388499,0.019060748455964283,0.003049998698637957,0.014257523528766384,0.44963068211008356
ood_inverted,train_mixed,original,15,16,24.0,0.5376179256705957,0.02942245947067664,0.2249790060452158,-0.0014708808072408466,0.4368304908275604,0.5181342363357544,0.4868480861186981,0.5228413939476013,0.3628562092781067,0,0.9725900292396545,0.2845216691493988,0.7661695212125778,0.5245727507943723,0.06847170104121093,0.38774243586842383,0.04180622795449962,0.0042576070729593235,0.03054164169003753,0.3572007941783863
ood_inverted,train_mixed,original,16,8,0.0,0.8116210715043152,0.6657869099984678,0.7212854560148285,0.00031529773531843323,0.35087165236473083,0.44353052973747253,0.4082683324813843,0.8665525913238525,0.2311810404062271,0,0.9335545897483826,0.2094155251979828,0.7163128703832625,0.7401512981562819,0.344986574902437,0.6216018811801284,0.0813471605072199,0.00202472355805419,0.05755042942247019,0.5640514517576581
ood_inverted,train_mixed,original,16,8,0.5,0.8280195749781719,0.6641446717966255,0.7306749446223113,0.00031328425071776013,0.34168514609336853,0.44513511657714844,0.403136283159256,0.8643923997879028,0.23311837017536163,0,0.9310382604598999,0.21326522529125214,0.7157063499093056,0.6914970335981164,0.32746519561532095,0.5822874822032778,0.07010155893260261,0.0014798752245423893,0.04951505382018455,0.5327724283830932
ood_inverted,train_mixed,original,16,8,1.0,0.8416950769637328,0.6739093580582276,0.7276693477892543,-0.00023242083109641922,0.33559855818748474,0.4364152252674103,0.40411269664764404,0.8413441777229309,0.24047857522964478,0,0.9249036908149719,0.21184217929840088,0.7109852373600005,0.75182163955098,0.3573567404769327,0.6334821698287658,0.08538789288924165,0.0019482868052887357,0.06035601106405577,0.5731261587647101
ood_inverted,train_mixed,original,16,8,2.0,0.8479474554562692,0.6465470879328141,0.6841559731261679,-0.001053600381319567,0.35130107402801514,0.4478853940963745,0.4298495352268219,0.7579459547996521,0.27838218212127686,0,0.9500077366828918,0.2196342647075653,0.7308956950902938,0.7211565309628631,0.3062702341172186,0.5966906419091698,0.06955614461916637,0.0018146375482330699,0.04923369249788638,0.5474569494112834
ood_inverted,train_mixed,original,16,8,3.0,0.7852252995094434,0.6103660070803338,0.6315354770838302,-0.0012390756840543384,0.3812301456928253,0.44162437319755554,0.43431270122528076,0.6524372100830078,0.30704963207244873,0,0.9398241639137268,0.22463224828243256,0.7252665892243385,0.6692038111437999,0.224351567729243,0.5357481381194328,0.08501652501847856,0.0018689980387981422,0.06007226692457443,0.4756758711948583
ood_inverted,train_mixed,original,16,8,5.0,0.8358177459554506,0.7175607699631098,0.5546216743500845,-0.0019318329935623442,0.30976223945617676,0.33999165892601013,0.3816429376602173,0.5234180092811584,0.2677931785583496,0,0.9530593752861023,0.23219966888427734,0.7368014633655547,0.6620240227544552,0.22952183780429114,0.5322733672694059,0.051128203579216436,0.0014015631940850115,0.036210211463677006,0.4960631558057289
ood_inverted,train_mixed,original,16,8,8.0,0.5727700240333556,0.5348446194216943,0.23572049056812044,-0.0015045516198682431,0.3180902898311615,0.3265378773212433,0.3931654393672943,0.44567033648490906,0.22292815148830414,0,0.9914421439170837,0.26205942034721375,0.7726273268461227,0.5663881682366408,0.12259427302399332,0.43324999967284655,0.012734624617952162,0.0018601114237201731,0.009472270659682565,0.42377772901316396
ood_inverted,train_mixed,original,16,8,12.0,0.3189629727417308,0.15676000059067974,-0.168886015354471,-0.0017900087232012422,0.4127890169620514,0.4399593472480774,0.49450773000717163,0.46621793508529663,0.2987097203731537,0,0.9438508152961731,0.2673526704311371,0.7409013718366623,0.47227106384482076,0.10330182261217405,0.36158029147502674,0.06161238063091379,0.0018770228735470692,0.043691773303703774,0.31788851817132296
ood_inverted,train_mixed,original,16,8,16.0,0.7450509256465306,0.6331794803631915,0.40288066639641296,-0.0009622765793801343,0.33853352069854736,0.3787798285484314,0.4616309702396393,0.6065692901611328,0.2468143254518509,0,0.9817987084388733,0.25178879499435425,0.7627957344055175,0.5042621873348649,0.17293054053397613,0.4048626932945983,0.02027743971949314,0.002006367131224009,0.0147961179430124,0.3900665753515859
ood_inverted,train_mixed,original,16,8,24.0,0.2997086379370545,0.030474046805729148,-0.5,-0.0019158240778472755,0.4693588614463806,0.5045647025108337,0.6055135726928711,0.5085495710372925,0.37778687477111816,0,0.9539670348167419,0.2643636167049408,0.7470860093832016,0.4797821194835026,0.03949972605932324,0.3476974014562488,0.055219326877940844,0.0018183290459195583,0.03919902752833446,0.30849837392791435
ood_inverted,train_mixed,original,16,16,0.0,0.917716789414439,0.6678653327818203,0.9421820080802432,-0.003760495393625324,0.28346145153045654,0.44220995903015137,0.2679169476032257,0.8665525913238525,0.2311810404062271,0,0.9668526649475098,0.2094155251979828,0.7396215230226516,0.6410808497775242,0.30782191281867516,0.5411031686898695,0.051790164802387406,0.0032070292009647536,0.037215224121960606,0.5038879445679089
ood_inverted,train_mixed,original,16,16,0.5,0.9192209825478814,0.6696415923838125,0.9392151837678158,-0.005873465973522902,0.2841120660305023,0.44166505336761475,0.2714902460575104,0.8643923997879028,0.23311837017536163,0,0.9743548035621643,0.21326522529125214,0.7460279300808906,0.6310476828958269,0.30695343354460797,0.5338194080904611,0.048712535265197476,0.0035232659354923024,0.035155754466285924,0.4986636536241752
ood_inverted,train_mixed,original,16,16,1.0,0.9222489825264769,0.6809613909617956,0.9302573830069125,-0.002643228965170801,0.28719648718833923,0.43217790126800537,0.2823845148086548,0.8413441777229309,0.24047857522964478,0,0.9140382409095764,0.21184217929840088,0.7033794224262236,0.696021460019746,0.32704685657832566,0.5853290789873199,0.11618623070422684,0.004024310586756867,0.08253765466898585,0.502791424318334
ood_inverted,train_mixed,original,16,16,2.0,0.8795012767618163,0.6807639317428031,0.9005715443380321,-0.0028500778983176823,0.3361690044403076,0.4314762353897095,0.32606446743011475,0.7579459547996521,0.27838218212127686,0,0.9614633321762085,0.2196342647075653,0.7389146119356155,0.6352787140810283,0.2925142229722073,0.532449366748382,0.06072621135856804,0.0038030451547409953,0.04364926149741992,0.488800105250962
ood_inverted,train_mixed,original,16,16,3.0,0.9222691410444338,0.6174678263126523,0.8620014834393566,-0.005740302852186554,0.3338969051837921,0.4391714930534363,0.3547126054763794,0.6524372100830078,0.30704963207244873,0,0.9429818391799927,0.22463224828243256,0.7274769619107246,0.615699779150179,0.22815592655485015,0.49943662337158035,0.08380473526049925,0.003486864796117632,0.05970937412118476,0.4397272492503956
ood_inverted,train_mixed,original,16,16,5.0,0.909820706778064,0.7151847436258255,0.7647323542736879,-0.002376492682002102,0.29084524512290955,0.34059903025627136,0.3279334306716919,0.5234180092811584,0.2677931785583496,0,0.964562177658081,0.23219966888427734,0.7448534250259399,0.6069595348420057,0.20487385834958352,0.48633383189427903,0.06255008737096812,0.0032262143932107255,0.0447529254776409,0.44158090641663816
ood_inverted,train_mixed,original,16,16,8.0,0.5124165647855311,0.5352723696688013,0.8299584391865787,-0.00418451328691679,0.3315335512161255,0.3264425992965698,0.26080358028411865,0.44567033648490906,0.22292815148830414,0,0.9712057113647461,0.26205942034721375,0.7584618240594864,0.5456407975077172,0.12154330526534572,0.4184115498350057,0.05333190327604709,0.002863890199785156,0.038191499353168505,0.3802200504818372
ood_inverted,train_mixed,original,16,16,12.0,0.7153818522186874,0.1619389454195899,0.6951425308456701,-0.005368780760493061,0.3463855981826782,0.43909183144569397,0.34977585077285767,0.46621793508529663,0.2987097203731537,0,0.9803594946861267,0.2673526704311371,0.7664574474096298,0.5200455224887224,0.12816982746025934,0.4024828139801835,0.032304874424932906,0.003250363680257102,0.023588521201530162,0.37889429277865333
ood_inverted,train_mixed,original,16,16,16.0,0.872311423385251,0.6761665522154542,0.6268797829840987,-0.007044931548178838,0.29275092482566833,0.36331501603126526,0.3810461759567261,0.6065692901611328,0.2468143254518509,0,0.9928207397460938,0.25178879499435425,0.7705111563205719,0.5382409859803685,0.1936277815974993,0.4348570246655077,0.012817262281691777,0.0034277447890423427,0.010000407033896947,0.42485661763161076
ood_inverted,train_mixed,original,16,16,24.0,0.5708597368807302,0.030198729712457732,-0.26239587863074415,-0.006590744787436059,0.43390241265296936,0.5046007037162781,0.5428611636161804,0.5085495710372925,0.37778687477111816,0,0.9363006949424744,0.2643636167049408,0.7347195714712143,0.5231418981348565,0.059118021791251175,0.38393473523177485,0.07676677523056596,0.003316477355783137,0.05473168586813111,0.32920304936364375
ood_inverted,train_mixed,original,17,8,0.0,0.9320710116589882,0.7564474853984109,0.8853587374972144,-7.822918739613309e-05,0.2711804211139679,0.3863922655582428,0.3018244206905365,0.8826339244842529,0.22661791741847992,0,0.9650042653083801,0.22792665660381317,0.7438809826970101,0.77420078167129,0.36124130975029967,0.650312940094993,0.05065548059954483,0.0018012411983819765,0.035999208779195976,0.614313731315797
ood_inverted,train_mixed,original,17,8,0.5,0.92885578597373,0.7528841486988298,0.8747515290350747,-0.00030095484413527294,0.27596327662467957,0.391530841588974,0.31149569153785706,0.8859797716140747,0.2292400449514389,0,0.9685099720954895,0.2284035086631775,0.7464780330657959,0.7671313344843612,0.3392605619001517,0.6387701027090983,0.051210697924080284,0.0015332494049851548,0.03630746336835174,0.6024626393407465
ood_inverted,train_mixed,original,17,8,1.0,0.932486582543153,0.7655475396592745,0.8771951903875693,-0.0010021503582048237,0.28494253754615784,0.39156004786491394,0.32025501132011414,0.8804856538772583,0.24182432889938354,0,0.9526716470718384,0.23453694581985474,0.7372312366962432,0.749312298019791,0.33827542847814684,0.6260012371572977,0.04829501871645281,0.002164298334323915,0.03445580260181414,0.5915454345554836
ood_inverted,train_mixed,original,17,8,2.0,0.9765794040365333,0.7426052003203379,0.8095877382618342,-2.719674087330486e-05,0.28366291522979736,0.40314069390296936,0.3689363896846771,0.7823483943939209,0.27170330286026,0,0.9635432362556458,0.2321629673242569,0.744129155576229,0.7239955918995313,0.2972054791989286,0.5959585580893505,0.044029333027102546,0.0017734490732261867,0.031352567840939635,0.5646059902484108
ood_inverted,train_mixed,original,17,8,3.0,0.9614095528003079,0.6900906243854752,0.6639747824566401,0.0003059906019343436,0.3065754473209381,0.40234121680259705,0.41155916452407837,0.6459182500839233,0.2929544150829315,0,0.9428961873054504,0.22915233671665192,0.7287730321288108,0.6912676087418654,0.24688469005777036,0.557952733136637,0.05890743749814353,0.0015829623486424758,0.04171009495329322,0.5162426381833437
ood_inverted,train_mixed,original,17,8,5.0,0.8478138305346228,0.7320399608685527,0.5654812963512278,-8.531693371819772e-05,0.2932477295398712,0.3246302008628845,0.36977875232696533,0.5230620503425598,0.2519950866699219,0,0.9098415374755859,0.23509736359119415,0.7074182853102684,0.7261779084201047,0.195237549596756,0.5668958007731,0.10609850232654339,0.0026567001951319467,0.07506596168711996,0.49182983908598
ood_inverted,train_mixed,original,17,8,8.0,0.5701820704917928,0.5687931697921472,0.2111643274281912,-0.0003944940378119014,0.3208982050418854,0.32120972871780396,0.4014241397380829,0.44878727197647095,0.2244921326637268,0,0.9853745698928833,0.27163395285606384,0.7712523847818373,0.5788417186233683,0.12117956687751749,0.44154307309961305,0.020687790324451893,0.001420992883333377,0.014907751092116337,0.4266353220074967
ood_inverted,train_mixed,original,17,8,12.0,0.3878164072023443,0.23475165002399737,-0.1524729314433296,-0.0015601021992667045,0.42440512776374817,0.4494401216506958,0.512773871421814,0.48783567547798157,0.32427749037742615,0,0.9572802186012268,0.28401920199394226,0.7553019136190413,0.48976473779773366,0.11240110786821339,0.37655564881887754,0.050453802277633075,0.0016330995147508804,0.03580759144876842,0.3407480573701091
ood_inverted,train_mixed,original,17,8,16.0,0.682706637071116,0.5230732058139275,0.6651076108308808,-0.0005512619452396471,0.3508666753768921,0.41367655992507935,0.3577912449836731,0.6194866299629211,0.22602340579032898,0,0.9821378588676453,0.27120620012283325,0.7688583612442016,0.5245491748393165,0.20171426824838212,0.42769870286203615,0.019476229876673634,0.0014362960550514743,0.014064249730186986,0.41363445313184916
ood_inverted,train_mixed,original,17,8,24.0,0.24269774642489253,0.15145522967453773,0.16736045270675176,-0.004671864373611469,0.4807504117488861,0.49481263756752014,0.4923613369464874,0.5181547999382019,0.36403557658195496,0,0.9878914952278137,0.25991883873939514,0.7694996982812881,0.4243801442825099,0.05143093221295412,0.3124953806616432,0.018727532069917507,0.00120317982084247,0.013470226395194997,0.29902515426644816
ood_inverted,train_mixed,original,17,16,0.0,0.9555645268250587,0.8468260926322165,0.9426046944008822,-0.004008132837157973,0.2557682991027832,0.3271024525165558,0.264270156621933,0.8826339244842529,0.22661791741847992,0,0.963704526424408,0.22792665660381317,0.7429711654782295,0.6874474154458001,0.33909368622759584,0.5829412966803388,0.06891206959168517,0.0033628098949027986,0.049247291682650456,0.5336940049976884
ood_inverted,train_mixed,original,17,16,0.5,0.9456569350294898,0.8457970138082321,0.936919624159495,-0.0035284141964556713,0.26492929458618164,0.33051127195358276,0.2706674337387085,0.8859797716140747,0.2292400449514389,0,0.9615462422370911,0.2284035086631775,0.7416034221649169,0.6701275586253592,0.31853161312110073,0.5646487749740816,0.06447345534689242,0.0028922233912378474,0.04599908576019605,0.5186496892138855
ood_inverted,train_mixed,original,17,16,1.0,0.9863132467422414,0.8721600334634971,0.9360694707277928,-0.00130425137417698,0.2505655288696289,0.3234707713127136,0.2826542854309082,0.8804856538772583,0.24182432889938354,0,0.97402423620224,0.23453694581985474,0.7521780490875244,0.6548794693107058,0.3022006862467338,0.5490758343915142,0.04899493077791417,0.0028226755648722694,0.0351432542140016,0.5139325801775126
ood_inverted,train_mixed,original,17,16,2.0,0.9915446149694364,0.8844757734817302,0.8988569548311158,-0.0022390037915525057,0.27602100372314453,0.33069518208503723,0.32335150241851807,0.7823483943939209,0.27170330286026,0,0.9445034265518188,0.2321629673242569,0.7308012887835502,0.6956618657946232,0.2904550748057038,0.5740998284979474,0.0763835978844436,0.0032034154015903437,0.05442954313958762,0.5196702853583598
ood_inverted,train_mixed,original,17,16,3.0,0.9881605954185337,0.7941748812281099,0.8519436102551096,0.00033486719847450515,0.29713329672813416,0.3656032383441925,0.3452129662036896,0.6459182500839233,0.2929544150829315,0,0.9621439576148987,0.22915233671665192,0.7422464713454245,0.6444067147734033,0.2424359624079008,0.5238154890637525,0.06192235069531893,0.0034612774273421517,0.044384028714925895,0.4794314603488266
ood_inverted,train_mixed,original,17,16,5.0,0.915546350513188,0.7193959033359141,0.9000618767658461,-0.002200869045323302,0.27488768100738525,0.32805758714675903,0.2790850102901459,0.5230620503425598,0.2519950866699219,0,0.9511067867279053,0.23509736359119415,0.7363039597868919,0.6518390740174277,0.21652187282055857,0.521243913658367,0.07690367342065274,0.003916028635879891,0.05500737998522088,0.4662365336731461
ood_inverted,train_mixed,original,17,16,8.0,0.6765566104923456,0.5242079027426703,0.9389977220593518,-0.0019848271932752385,0.2970389127731323,0.3312099874019623,0.2381746470928192,0.44878727197647095,0.2244921326637268,0,0.9784097075462341,0.27163395285606384,0.766376981139183,0.5439844325972575,0.13156676833382824,0.4202591333182287,0.03878148308245,0.003529874867344363,0.028206000617918305,0.3920531327003104
ood_inverted,train_mixed,original,17,16,12.0,0.7283155451556841,0.12890886503202748,0.8704601335762345,-0.0014130568272965772,0.36871370673179626,0.4667515754699707,0.3454647958278656,0.48783567547798157,0.32427749037742615,0,0.9639459848403931,0.28401920199394226,0.7599679499864578,0.5521955292843888,0.12813067083971877,0.4249760717509877,0.04968346332064344,0.003840384985387923,0.03593053982006678,0.38904553193092095
ood_inverted,train_mixed,original,17,16,16.0,0.7982550946094413,0.6006034492879533,0.7872891629460778,-0.0023582013469484985,0.30540260672569275,0.3831712603569031,0.3097172975540161,0.6194866299629211,0.22602340579032898,0,0.9683202505111694,0.27120620012283325,0.7591860353946686,0.5342444531396187,0.19928928389533643,0.43375790236633394,0.04463267683010441,0.0034960971340360445,0.0322917029212839,0.40146619944505
ood_inverted,train_mixed,original,17,16,24.0,0.48280740374480097,0.1338852682154851,0.4127951845763503,-0.004571311001331752,0.4437448978424072,0.4975205063819885,0.4545351266860962,0.5181547999382019,0.36403557658195496,0,0.9814322590827942,0.25991883873939514,0.7649782329797744,0.5157887369015544,0.07354971738740493,0.38311703104730954,0.03053732273069043,0.002656558323786657,0.0221730934086193,0.36094393763869026
ood_inverted,train_mixed,original,18,8,0.0,0.9289693544623592,0.8133287430808936,0.8959047011959905,-0.0009682199570562492,0.265259325504303,0.3421511948108673,0.2872447073459625,0.8829505443572998,0.21802955865859985,0,0.918076753616333,0.2008628100156784,0.7029125705361365,0.8268081247870873,0.3836894247456578,0.6938725147746585,0.10497792070107159,0.002932591878700527,0.07436432205436026,0.6195081927202982
ood_inverted,train_mixed,original,18,8,0.5,0.9383696770968155,0.8285476083214699,0.8879480800409204,-0.0012899913239881491,0.26776862144470215,0.3401952385902405,0.30102118849754333,0.8866145610809326,0.22712400555610657,0,0.9520673155784607,0.20053832232952118,0.7266086176037788,0.7930486326852091,0.37225168481713883,0.6668095483247879,0.060317981872969995,0.002155837968695235,0.04286933870168756,0.6239402096231004
ood_inverted,train_mixed,original,18,8,1.0,0.9606091904805066,0.8591868358487437,0.900282088057497,-0.0007030623612204341,0.25782352685928345,0.32033422589302063,0.29500555992126465,0.8498858213424683,0.23354537785053253,0,0.9522711634635925,0.20752070844173431,0.728846026957035,0.779758358038259,0.3335834521232015,0.6459058862637417,0.08077222250538552,0.0018866649713080506,0.057106555245162276,0.5887993310185794
ood_inverted,train_mixed,original,18,8,2.0,0.9580243347629689,0.8768986705737781,0.8709636914287189,-0.002122066331735265,0.299968957901001,0.3413858711719513,0.3444158434867859,0.7890670895576477,0.2785392105579376,0,0.9399083256721497,0.20718428492546082,0.720091113448143,0.7536253362656788,0.29119284036271526,0.6148955874947897,0.09471044178946131,0.0016671930890007705,0.06679746717932314,0.5480981203154666
ood_inverted,train_mixed,original,18,8,3.0,0.8352201646768268,0.8433449382290995,0.7840791788655831,0.0005489123983665312,0.34347373247146606,0.3403567671775818,0.3630933165550232,0.6638952493667603,0.28025805950164795,0,0.9159916043281555,0.20578192174434662,0.7029286995530127,0.804743753913519,0.29503130210137185,0.6518300183698749,0.1004632614608223,0.0022463957677387163,0.07099820175289721,0.5808318166169777
ood_inverted,train_mixed,original,18,8,5.0,0.8021422222571897,0.8621563095316229,0.8083127548841165,9.503320054220685e-05,0.3208160698413849,0.303538978099823,0.3190396726131439,0.5517399311065674,0.2638559937477112,0,0.9567316174507141,0.21428652107715607,0.7339980885386467,0.6708183842701001,0.2141514021361023,0.5338182896299007,0.0489572665773752,0.0019438471071171269,0.03485324073629778,0.49896504889360294
ood_inverted,train_mixed,original,18,8,8.0,0.5707926194793188,0.5382983118081808,0.6459985051441841,-0.002265595428906014,0.30773499608039856,0.31606408953666687,0.28845787048339844,0.4540432393550873,0.197718545794487,0,0.9130730628967285,0.23968148231506348,0.711055588722229,0.6516958339670904,0.13696149721655568,0.49727553294192994,0.10251369595195892,0.0020930843781588057,0.07238751247981888,0.42488802046211105
ood_inverted,train_mixed,original,18,8,12.0,0.19475422105587334,0.11116527657286723,0.44644115980146537,-0.003005279867957912,0.43241825699806213,0.45080459117889404,0.37705686688423157,0.47525665163993835,0.2552953362464905,0,0.9696648716926575,0.2501445710659027,0.7538087815046309,0.5388077118106243,0.09897228628493951,0.40685708415291877,0.03642328563759423,0.0016782398513709182,0.025999771901727232,0.3808573122511915
ood_inverted,train_mixed,original,18,8,16.0,0.7759528185899861,0.6407325774401198,0.9106403446371543,-0.0018432785901800225,0.3065806031227112,0.3639217019081116,0.24946540594100952,0.635628879070282,0.2115718126296997,0,0.9892920255661011,0.2374778389930725,0.7637477695941924,0.541881328419294,0.20808862684274168,0.44174351794632827,0.011803510546180895,0.0023786168138225745,0.008976042426473398,0.4327674755198549
ood_inverted,train_mixed,original,18,8,24.0,0.2511058319100538,0.10975598831603513,0.3673055237956237,-0.004676120432496349,0.4740579426288605,0.4933382570743561,0.4582081437110901,0.5083091259002686,0.3719077408313751,0,0.9798995852470398,0.24420182406902313,0.7591902568936347,0.4867850810439852,0.06342338310597838,0.35977657166258314,0.025159912522387806,0.001836648949818419,0.01816293345061699,0.34161363821196616
ood_inverted,train_mixed,original,18,16,0.0,0.9803937699738506,0.8771361504072915,0.9576490048920163,-0.002923484627300755,0.23106615245342255,0.2997243106365204,0.24618962407112122,0.8829505443572998,0.21802955865859985,0,0.955912172794342,0.2008628100156784,0.729397363960743,0.70790948128883,0.3328933485645629,0.5954046414715498,0.07616861957086507,0.0032586053332361712,0.0542956152995764,0.5411090261719734
ood_inverted,train_mixed,original,18,16,0.5,0.986670149905343,0.8953157986519938,0.9634104937581204,-0.0022331952374709716,0.2359149158000946,0.2961622476577759,0.25125443935394287,0.8866145610809326,0.22712400555610657,0,0.9656975269317627,0.20053832232952118,0.7361497655510902,0.6934726986317905,0.3317241650904351,0.5849481385693839,0.06577949159754459,0.0035358267805283314,0.04710639215243972,0.5378417464169442
ood_inverted,train_mixed,original,18,16,1.0,0.9877708007998761,0.9140332915501213,0.9628693377217835,-0.0010815748896684091,0.24108272790908813,0.28653013706207275,0.2564305067062378,0.8498858213424683,0.23354537785053253,0,0.9671772122383118,0.20752070844173431,0.7392802610993385,0.7032851257811054,0.316803492783722,0.5873406358818903,0.06486772557399534,0.0035661678496541555,0.04647725825669298,0.5408633776251973
ood_inverted,train_mixed,original,18,16,2.0,0.958326603124152,0.9194505020380932,0.9325370058374921,-0.0009968201111551327,0.2998146414756775,0.3196619749069214,0.3129809498786926,0.7890670895576477,0.2785392105579376,0,0.9268912076950073,0.20718428492546082,0.7109791308641433,0.7535469910022671,0.3086927417768326,0.6200907162346367,0.1066159121316641,0.004420627109557092,0.07595732662503199,0.5441333896096048
ood_inverted,train_mixed,original,18,16,3.0,0.9541577356408059,0.862365304386141,0.8946000412655344,0.0021328812354304387,0.29784485697746277,0.3330598473548889,0.32069340348243713,0.6638952493667603,0.28025805950164795,0,0.9553314447402954,0.20578192174434662,0.7304665878415106,0.6824674643095854,0.25594944376681894,0.5545120581467554,0.08196047930397188,0.004012922923759207,0.05857621238990807,0.49593584575684735
ood_inverted,train_mixed,original,18,16,5.0,0.918826429002228,0.8664167576452554,0.8659078434689312,0.0007623360444366135,0.28722456097602844,0.3023124635219574,0.3024589717388153,0.5517399311065674,0.2638559937477112,0,0.9591080546379089,0.21428652107715607,0.735661594569683,0.6652614815018469,0.2290908289198957,0.5344102857272616,0.05622697322934611,0.003519316629312327,0.04041467624933597,0.4939956094779256
ood_inverted,train_mixed,original,18,16,8.0,0.7620292903143819,0.559307331926531,0.8464639369958444,-0.001812034525274568,0.25871631503105164,0.31067895889282227,0.2370736300945282,0.4540432393550873,0.197718545794487,0,0.9732174873352051,0.23968148231506348,0.7531566858291626,0.6232158509495109,0.1738775274945902,0.48841435391303467,0.046330747533398386,0.004046805428170429,0.03364556490183,0.45476878901120465
ood_inverted,train_mixed,original,18,16,12.0,0.5414106321141001,0.11150481182146299,0.6058830375587497,-0.0053247147924235134,0.3561672568321228,0.4507299065589905,0.341985821723938,0.47525665163993835,0.2552953362464905,0,0.9658263325691223,0.2501445710659027,0.7511218041181563,0.5499245843710707,0.12010389310534658,0.4209783769913535,0.054094560341298115,0.0024941000968878736,0.03861442226797504,0.3823639547233785
ood_inverted,train_mixed,original,18,16,16.0,0.8831731884910486,0.7170020593163509,0.8781873124691738,-0.003368333699487118,0.2611130475997925,0.3315790891647339,0.26322734355926514,0.635628879070282,0.2115718126296997,0,0.9606090188026428,0.2374778389930725,0.7436696648597717,0.5911195027409138,0.22634142604264507,0.4816860797314332,0.047568420680332624,0.0032581095416452568,0.03427532733872641,0.4474107523927068
ood_inverted,train_mixed,original,18,16,24.0,0.4072024315301873,0.07781101979933452,0.2537052060239408,-0.005429910521839046,0.45276615023612976,0.49769559502601624,0.47370338439941406,0.5083091259002686,0.3719077408313751,0,0.9611207246780396,0.24420182406902313,0.7460450544953346,0.5552654196022899,0.09256327583966735,0.41645477647350315,0.05506918602373767,0.0028092654168560926,0.03939120984167319,0.37706356663182994
ood_inverted,train_mixed,original,19,8,0.0,0.787094106688882,0.6049650705784564,0.8662445308228752,0.00011290242798907082,0.3676254451274872,0.48416104912757874,0.31698089838027954,0.8712490797042847,0.23139721155166626,0,0.9763426184654236,0.22607886791229248,0.7512634932994842,0.6844259955716672,0.3155275925821546,0.5737564746748134,0.034608639360790505,0.0022747642649635813,0.024908476832042427,0.5488479978427709
ood_inverted,train_mixed,original,19,8,0.5,0.7692155404429273,0.610672493964003,0.8533255744012701,0.0007261465743056813,0.38705578446388245,0.4850754737854004,0.33505451679229736,0.8626254796981812,0.2443726360797882,0,0.9645258188247681,0.2227727472782135,0.7419998973608016,0.7037853086573647,0.3260746755838315,0.5904721187353047,0.05002843185449901,0.0015796650371476494,0.035493801809293596,0.5549783169260111
ood_inverted,train_mixed,original,19,8,1.0,0.8103173129406168,0.6233920984892364,0.8370500281156238,0.0008823268898469773,0.36953413486480713,0.48035335540771484,0.35368555784225464,0.849933385848999,0.2570801377296448,0,0.939717173576355,0.21833482384681702,0.7233024686574936,0.7531460206177243,0.3406641203996107,0.6294014505522902,0.07780168083213279,0.0030572300754374486,0.05537834560512418,0.574023104947166
ood_inverted,train_mixed,original,19,8,2.0,0.8110283053669921,0.66564071094026,0.755081925645594,-0.0004171898712795162,0.36919277906417847,0.4396298825740814,0.3962975740432739,0.7621182203292847,0.27764013409614563,0,0.941093921661377,0.2160709649324417,0.7235870346426964,0.7087232745289376,0.30263077251128884,0.5868955239236429,0.06429422076091817,0.002515728254743657,0.04576067300906582,0.541134850914577
ood_inverted,train_mixed,original,19,8,3.0,0.8161952829597158,0.6595535706983553,0.47425382136694116,-0.0002898227736295012,0.35349249839782715,0.4082898199558258,0.47311246395111084,0.639018714427948,0.2891928553581238,0,0.9049253463745117,0.2185835987329483,0.6990228220820427,0.6777491704447707,0.21420667112193928,0.5386864206479212,0.10257217005325225,0.0012163119515005017,0.07216541262272673,0.4665210080251944
ood_inverted,train_mixed,original,19,8,5.0,0.7991798412816615,0.7730057330999802,0.23680392815771673,-0.0005815755408093748,0.299919992685318,0.30696970224380493,0.45138978958129883,0.5151703357696533,0.24583128094673157,0,0.9447429180145264,0.23671668767929077,0.7323350489139556,0.6747226484186621,0.2133100654310929,0.5362988735223914,0.07969326068142257,0.0019529099081776742,0.056371155449449095,0.47992771807294227
ood_inverted,train_mixed,original,19,8,8.0,0.4614914176616444,0.5367292097856606,-0.09219952176495547,0.0001717646448086575,0.3445250391960144,0.3252177834510803,0.4866112470626831,0.46295133233070374,0.20633487403392792,0,0.9885990619659424,0.280613511800766,0.7762033969163895,0.5603211935897038,0.1295938145332024,0.43110297987275337,0.019137997329976786,0.002052828398771984,0.014012446650615344,0.417090533222138
ood_inverted,train_mixed,original,19,8,12.0,0.25253108153138376,0.09247335714980699,-0.3615974430441001,-0.0005958423635310032,0.41017115116119385,0.4378706216812134,0.5164517760276794,0.45387399196624756,0.2808147370815277,0,0.9767322540283203,0.2924054265022278,0.7714342057704925,0.5147770919535166,0.06861625209232854,0.3809288399951602,0.026659371927710285,0.0017098612937988876,0.019174518737536866,0.3617543212576233
ood_inverted,train_mixed,original,19,8,16.0,0.7429544368004491,0.6076894268542601,0.5600046424245979,0.0006253674824563075,0.3230881690979004,0.3740772008895874,0.3920522928237915,0.6031497120857239,0.2261931598186493,0,0.9404985904693604,0.2747066915035248,0.7407610207796097,0.5174281471890165,0.13099644112603107,0.40149863537012087,0.05856845969329294,0.0020662552136003903,0.04161779834938517,0.3598808370207357
ood_inverted,train_mixed,original,19,8,24.0,0.2863629434660217,0.07582849767786913,-0.5,-0.003635887846668225,0.45216041803359985,0.4768567681312561,0.5631121397018433,0.4857516884803772,0.36844855546951294,0,0.9807494282722473,0.2912513315677643,0.7738999992609024,0.43779158070699287,0.0387683560356195,0.3180846133055808,0.022458982318137588,0.002246797203167152,0.01639532678364646,0.30168928652193433
ood_inverted,train_mixed,original,19,16,0.0,0.8843676993605829,0.6475739531862937,0.9578225127255102,-0.0022768656311129283,0.3053847551345825,0.45689767599105835,0.2583845555782318,0.8712490797042847,0.23139721155166626,0,0.9236534833908081,0.22607886791229248,0.7143810987472533,0.6869622953833789,0.31754958500565417,0.5761384822700615,0.09859137362505632,0.002363537589962229,0.06972302281452808,0.5064154594555335
ood_inverted,train_mixed,original,19,16,0.5,0.8599853083541611,0.6548168453857806,0.9470723793732146,-0.001206741459185371,0.33093711733818054,0.4577831029891968,0.2770952880382538,0.8626254796981812,0.2443726360797882,0,0.9679637551307678,0.2227727472782135,0.7444064527750014,0.6424644502037156,0.3198881941104247,0.5456915733757283,0.061134498171716345,0.0030574742635450483,0.04371139099926495,0.5019801823764634
ood_inverted,train_mixed,original,19,16,1.0,0.8534878404074147,0.6680707554582163,0.9314820286722056,-0.0019362731963950472,0.3439403474330902,0.4538654685020447,0.29770123958587646,0.849933385848999,0.2570801377296448,0,0.959412693977356,0.21833482384681702,0.7370893329381942,0.6632715992357016,0.30475641025157507,0.5557170425404636,0.06471577890195812,0.003831096855725724,0.0464503742880884,0.5092666682523752
ood_inverted,train_mixed,original,19,16,2.0,0.8457071057671056,0.6756471164226098,0.9099345383448364,-0.00400962403269558,0.35239166021347046,0.4347819983959198,0.32127487659454346,0.7621182203292847,0.27764013409614563,0,0.9654741287231445,0.2160709649324417,0.7406531795859337,0.6380384336880984,0.28575646416144956,0.5323538428301037,0.053027665966670745,0.0032429387233944233,0.03809224779368785,0.4942615950364158
ood_inverted,train_mixed,original,19,16,3.0,0.8071459459569978,0.710271618972845,0.8692691422745278,-0.0021642145036107727,0.3566581904888153,0.39054733514785767,0.33492588996887207,0.639018714427948,0.2891928553581238,0,0.9692835807800293,0.2185835987329483,0.744073586165905,0.6184041203436713,0.23366445237822636,0.5029822199540378,0.052851469740861745,0.0036359108254450895,0.03808680206623675,0.46489541788780103
ood_inverted,train_mixed,original,19,16,5.0,0.7930933257235753,0.7782582808401288,0.9231659706607532,-0.003009454253982758,0.30155932903289795,0.30555498600006104,0.2665256857872009,0.5151703357696533,0.24583128094673157,0,0.9756100177764893,0.23671668767929077,0.7539420187473297,0.5929193441778559,0.20319268586266095,0.47600134668329735,0.04629807082973447,0.0037130068359197115,0.03352255163159004,0.4424787950517073
ood_inverted,train_mixed,original,19,16,8.0,0.6052561026532411,0.4967128091074051,0.8347485334824051,-0.006105948590574697,0.3076326549053192,0.33548665046691895,0.24874112010002136,0.46295133233070374,0.20633487403392792,0,0.9839919209480286,0.280613511800766,0.7729783982038498,0.5700063105817175,0.14374349077654866,0.44212746464016683,0.03588813295565951,0.004401359643802374,0.02644210096210237,0.41568536367806447
ood_inverted,train_mixed,original,19,16,12.0,0.5118237684274153,0.14211115904255364,0.5472119829754405,-0.004415433006050556,0.36529815196990967,0.4292803406715393,0.35917389392852783,0.45387399196624756,0.2808147370815277,0,0.9539393782615662,0.2924054265022278,0.7554791927337645,0.5428781541955825,0.10799027323117624,0.4124117899062606,0.0664233946423749,0.0035967160352402532,0.047575391060234506,0.3648363988460261
ood_inverted,train_mixed,original,19,16,16.0,0.8400754299124731,0.5858652085616366,0.762225400624561,-0.0031385383462137163,0.2864777743816376,0.38230398297309875,0.31582385301589966,0.6031497120857239,0.2261931598186493,0,0.9724619388580322,0.2747066915035248,0.76313536465168,0.5567540584324956,0.19127215290029873,0.44710948677283646,0.04054000568752225,0.003799113677524099,0.029517738084522804,0.41759174868831367
ood_inverted,train_mixed,original,19,16,24.0,0.36998988831414314,0.05834773020599384,-0.5,-0.007116289468602962,0.44235071539878845,0.4789073169231415,0.5653201341629028,0.4857516884803772,0.36844855546951294,0,0.972052812576294,0.2912513315677643,0.767812368273735,0.5058060469278853,0.053830264265418225,0.37021331212914516,0.047942740919935556,0.0038965395490739977,0.03472888050867708,0.3354844316204681
ood_inverted,train_mixed,pre_softmax,0,8,0.0,0.7340860527451134,0.9538021191931132,0.9846289093996856,-0.0008436811003615984,0.385238915681839,0.24117395281791687,0.22096122801303864,0.8665695786476135,0.21088260412216187,0,0.87868332862854,0.1241350919008255,0.6523188576102257,0.5637809685771109,0.3356603742374662,0.4953447902752175,0.12667232822885888,0.002280341671741591,0.08935473226172369,0.4059900580134938
ood_inverted,train_mixed,pre_softmax,0,8,0.5,0.7241742069422148,0.956358118487517,0.983387221305553,-0.001444036629927245,0.395859956741333,0.24130333960056305,0.22331102192401886,0.8779171109199524,0.21225248277187347,0,0.8815852999687195,0.1240396499633789,0.6543216049671172,0.6018756703549508,0.34586595992055774,0.5250727572246329,0.1256892180689767,0.0020391882926126116,0.08859420913606747,0.4364785480885654
ood_inverted,train_mixed,pre_softmax,0,8,1.0,0.7427519327269594,0.9606262516549012,0.993362986423766,-0.0012803881752353789,0.3896036744117737,0.2480551153421402,0.22678671777248383,0.8721546530723572,0.22247478365898132,0,0.8889380097389221,0.1244068294763565,0.6595786556601524,0.5611863809786444,0.3194712766702897,0.48867184968613797,0.11675953487087798,0.0016398956645667575,0.08222364310898461,0.40644820657715336
ood_inverted,train_mixed,pre_softmax,0,8,2.0,0.8063785069990338,0.9017444887109063,0.9714314927977458,-0.0005860957299488236,0.3520388901233673,0.3007822632789612,0.26332738995552063,0.7854454517364502,0.24797259271144867,0,0.9075482487678528,0.12373986840248108,0.6724057346582413,0.5638380668171974,0.31913006445300945,0.49042566610794097,0.09666009444719237,0.0011429233613517156,0.06800494312144018,0.4224207229865008
ood_inverted,train_mixed,pre_softmax,0,8,3.0,0.9441396105942993,0.8046814052864127,0.9772823597056278,-0.001461077801696747,0.29882046580314636,0.3525492250919342,0.2860516309738159,0.6625670790672302,0.27729925513267517,0,0.952342689037323,0.1231517344713211,0.7035854026675223,0.44015553957065245,0.21961585554003324,0.3739936343614667,0.046885735547732676,0.0018394009258929393,0.03337183516118075,0.34062179920028596
ood_inverted,train_mixed,pre_softmax,0,8,5.0,0.8501063471391359,0.8467638863114598,0.9804226791329663,-0.0020999290348340015,0.28368446230888367,0.2846745550632477,0.24508258700370789,0.535500168800354,0.2392834573984146,0,0.8773022294044495,0.1280995011329651,0.6525414109230041,0.4962245208192414,0.22231529397618965,0.41405175276632583,0.133789600924615,0.0017635162639238098,0.09418177552640765,0.31986997723991817
ood_inverted,train_mixed,pre_softmax,0,8,8.0,0.7441014453573795,0.7861804781451545,0.9308211777384373,9.105698579966306e-06,0.26130831241607666,0.25111690163612366,0.21608537435531616,0.4415273666381836,0.19933047890663147,0,0.9469216465950012,0.12574496865272522,0.7005686432123184,0.3986911530506825,0.16806834042045662,0.32950430926161467,0.06137384069416707,0.0017332753228998688,0.0434816710827869,0.2860226381788278
ood_inverted,train_mixed,pre_softmax,0,8,12.0,0.7038476070676066,0.8343396835741683,0.9004051972230398,-0.0004814947184496863,0.31423789262771606,0.28760039806365967,0.27411437034606934,0.4579150974750519,0.2537839710712433,0,0.9758293032646179,0.12712013721466064,0.7212165534496306,0.40229705596377274,0.14692087460536724,0.32568420155625105,0.028653797402215964,0.002225952304277682,0.020725443872834478,0.30495875768341657
ood_inverted,train_mixed,pre_softmax,0,8,16.0,0.7042048805308443,0.8478362924314653,0.9236387522990879,-0.0005198336732438305,0.37081775069236755,0.319500595331192,0.29241761565208435,0.6224186420440674,0.2651349902153015,0,0.9321937561035156,0.12989991903305054,0.691505604982376,0.4455892167695623,0.19520445560637414,0.37047378842060585,0.07000582192362226,0.001643640092927826,0.049497167374413925,0.32097662104619196
ood_inverted,train_mixed,pre_softmax,0,8,24.0,0.27900095549881737,0.11171660844911577,0.5448645854544885,-3.132783007784966e-06,0.5016796588897705,0.5144107341766357,0.4814462661743164,0.522912859916687,0.44680845737457275,0,0.9736573100090027,0.15953664481639862,0.7294211104512214,0.2636179281997424,0.02654846905349761,0.19249709045586896,0.027008955329364093,0.0021946990342312065,0.019564678440824226,0.17293241201504472
ood_inverted,train_mixed,pre_softmax,0,16,0.0,0.9549385797250005,0.9702386742107386,0.9931879182612006,-0.003031561363641735,0.24042879045009613,0.23039671778678894,0.2153491973876953,0.8665695786476135,0.21088260412216187,0,0.9581961631774902,0.1241350919008255,0.7079778417944907,0.5079334723190583,0.3237392252662654,0.4526751982032204,0.05308631205061498,0.0037608700869647548,0.03828867946151991,0.41438651874170046
ood_inverted,train_mixed,pre_softmax,0,16,0.5,0.9620214426500789,0.9684063598052265,0.9957875623961919,-0.0025409206577444924,0.23753346502780914,0.23328325152397156,0.21505655348300934,0.8779171109199524,0.21225248277187347,0,0.8732978701591492,0.1240396499633789,0.648520404100418,0.5850789130989967,0.3258766501057896,0.5073182342010346,0.14013954435977172,0.0036553732638914638,0.09919429303100763,0.408123941170027
ood_inverted,train_mixed,pre_softmax,0,16,1.0,0.980818558509157,0.9742004672646185,0.997471426017651,-0.001458923241802307,0.23493658006191254,0.23923622071743011,0.22411754727363586,0.8721546530723572,0.22247478365898132,0,0.9431427121162415,0.1244068294763565,0.6975219473242759,0.497905593903875,0.301414159718236,0.4389581636481833,0.06668119663601824,0.0033014924660679434,0.04766728538503315,0.3912908782631501
ood_inverted,train_mixed,pre_softmax,0,16,2.0,0.9530801534705808,0.9327175687019114,0.9582918586506773,-0.001093453906773018,0.2731907367706299,0.2841350734233856,0.270389586687088,0.7854454517364502,0.24797259271144867,0,0.910589337348938,0.12373986840248108,0.6745344966650009,0.5400944430087171,0.2964989656963331,0.4670157998150019,0.09774745475727253,0.0032149796285674856,0.06938771221866101,0.3976280875963409
ood_inverted,train_mixed,pre_softmax,0,16,3.0,0.9706288397481234,0.9251090103433448,0.9686759400138141,-0.0011134452497682642,0.28861501812934875,0.30615234375,0.2893674075603485,0.6625670790672302,0.27729925513267517,0,0.8929942846298218,0.1231517344713211,0.6620415195822715,0.5488809936456353,0.23923825365837306,0.4559881716494566,0.12030874083673382,0.003982793453597464,0.0854109566217929,0.3705772150276637
ood_inverted,train_mixed,pre_softmax,0,16,5.0,0.929017176970785,0.9128300563108366,0.9924734768509536,-0.0018065506779167944,0.26030975580215454,0.26510465145111084,0.2415129393339157,0.535500168800354,0.2392834573984146,0,0.9682512879371643,0.1280995011329651,0.7162057518959045,0.46022531298706426,0.2521665815448725,0.3978076935544067,0.04352373269734111,0.0038054767190296946,0.031608255903847686,0.366199437650559
ood_inverted,train_mixed,pre_softmax,0,16,8.0,0.8473622821538521,0.8015296097014574,0.9822688669151702,-0.0083285149011681,0.23629885911941528,0.24739938974380493,0.2036249041557312,0.4415273666381836,0.19933047890663147,0,0.9027164578437805,0.12574496865272522,0.6696250110864639,0.44404217549750113,0.1729270588909982,0.3627076405155502,0.11322580734359988,0.0032872896736354153,0.08024425204261054,0.28246338847293967
ood_inverted,train_mixed,pre_softmax,0,16,12.0,0.9234654071302097,0.823288664405481,0.9350951543352628,-0.008096352670207946,0.2694070637226105,0.2898562550544739,0.26703307032585144,0.4579150974750519,0.2537839710712433,0,0.9613796472549438,0.12712013721466064,0.7111017942428588,0.40115511982581886,0.1595702174150056,0.32867964910257486,0.04665519280425112,0.003654080541602066,0.0337548591254564,0.29492478997711846
ood_inverted,train_mixed,pre_softmax,0,16,16.0,0.8306831992459409,0.8672762533938916,0.9421690043333375,-0.003467837793876606,0.3256291151046753,0.3125550150871277,0.2857970595359802,0.6224186420440674,0.2651349902153015,0,0.9317251443862915,0.12989991903305054,0.6911775767803191,0.4473684919478387,0.19918811566647562,0.3729143790634297,0.07871422077761092,0.0035296411514652484,0.05615884688976721,0.31675553217366254
ood_inverted,train_mixed,pre_softmax,0,16,24.0,0.46886131169624534,0.0752345671277079,0.36954934916433013,-0.00994345326670948,0.48723044991493225,0.5171871781349182,0.4947885274887085,0.522912859916687,0.44680845737457275,0,0.9454851150512695,0.15953664481639862,0.7097005739808082,0.32114118041213957,0.03917849643097438,0.23655237521779,0.06937977641070658,0.0033964559631636834,0.04958478027644371,0.1869675949413463
ood_inverted,train_mixed,pre_softmax,1,8,0.0,0.848960287826553,0.9909934836016593,0.9759665522437486,-0.00032161141286225965,0.3155318796634674,0.21553008258342743,0.22611014544963837,0.9132622480392456,0.20918883383274078,0,0.8520529866218567,0.11184782534837723,0.6299914382398127,0.44865085192022214,0.2442527713650005,0.38733142775365564,0.14418795863353184,0.0016390371538005184,0.10142328218961244,0.2859081455640432
ood_inverted,train_mixed,pre_softmax,1,8,0.5,0.8665971885910455,0.9833677968017218,0.982437063780359,-0.00021431736385838515,0.3128604590892792,0.23235361278057098,0.23299530148506165,0.9103310704231262,0.22088663280010223,0,0.8918576240539551,0.10890069603919983,0.6569705456495285,0.4974786756368832,0.3121449915660939,0.4418785704156464,0.10406721523720275,0.002513687245855244,0.07360115683979848,0.36827741357584787
ood_inverted,train_mixed,pre_softmax,1,8,1.0,0.6605421847599542,0.9752034799486706,0.984281322128934,-0.0011178509699716129,0.45604100823402405,0.2548898756504059,0.24908675253391266,0.8783007860183716,0.2390383929014206,0,0.8960666656494141,0.10710364580154419,0.6593777596950531,0.4760464269965612,0.2958729862789001,0.4219943947812628,0.09865234147478719,0.0018657242782345494,0.06961635631582139,0.35237803846544147
ood_inverted,train_mixed,pre_softmax,1,8,2.0,0.8205545445426168,0.9115391573624664,0.9671233787777135,-0.0014889363178567422,0.36229407787323,0.3130433261394501,0.2829551100730896,0.8064672946929932,0.2651587128639221,0,0.8987575173377991,0.10810484737157822,0.6615617163479327,0.4733629816951488,0.2657805531132922,0.4110882531205918,0.10184548602580668,0.00198115528536686,0.07188618680367473,0.3392020663169171
ood_inverted,train_mixed,pre_softmax,1,8,3.0,0.7697862488077134,0.7566758669206485,0.9578187053553783,-0.0009484792431330478,0.38325420022010803,0.3881472647190094,0.31307661533355713,0.6705542802810669,0.297333687543869,0,0.8984870314598083,0.10922005027532578,0.6617069371044635,0.4371909026350794,0.19433462530659826,0.36433401943653504,0.10676327259967833,0.0015062072429801114,0.07518615299266886,0.2891478664438662
ood_inverted,train_mixed,pre_softmax,1,8,5.0,0.7310869652981422,0.9265830364031536,1.0,-0.0015074721256465406,0.33778536319732666,0.28049200773239136,0.25897595286369324,0.5520424842834473,0.25897595286369324,0,0.9127758145332336,0.11389067023992538,0.673110271245241,0.4020075518348203,0.1647117461603778,0.3308188101324875,0.08856257796906852,0.0021535523055994012,0.06263987027002778,0.2681789398624597
ood_inverted,train_mixed,pre_softmax,1,8,8.0,0.44378597418060134,0.8135207826096216,1.0,0.00035221213507191814,0.35487186908721924,0.26276883482933044,0.21631580591201782,0.4654214680194855,0.21631580591201782,0,0.8341578245162964,0.12436557561159134,0.6212201498448848,0.44139071896914917,0.0853958440771448,0.33459225650154784,0.16751648798226726,0.0020473087931737887,0.11787573422553921,0.21671652227600863
ood_inverted,train_mixed,pre_softmax,1,8,12.0,0.6091807724329401,0.7494564603432063,0.8682982780287608,-0.0008688277525849566,0.3652009963989258,0.337187260389328,0.3134539723396301,0.4868573546409607,0.287152498960495,0,0.9441913962364197,0.131372332572937,0.7003456771373748,0.31796209544282805,0.0687095460264905,0.24318633061792677,0.06681869676538299,0.0014884059877629892,0.04721960953209699,0.1959667210858298
ood_inverted,train_mixed,pre_softmax,1,8,16.0,0.23102143825458937,0.8902764133176077,0.9542442675203909,0.0003319361856623427,0.5742461681365967,0.3249375522136688,0.30074700713157654,0.6616109013557434,0.2834436893463135,0,0.877322793006897,0.1324544996023178,0.6538623049855231,0.4604254721288934,0.12080673597357788,0.3585398512822987,0.12762430952893478,0.001941904198284194,0.0899195879297396,0.2686202633525591
ood_inverted,train_mixed,pre_softmax,1,8,24.0,-0.05909638527034893,-0.054516494375533006,-0.5,-0.01507528618677833,0.505776584148407,0.5055950880050659,0.5298360586166382,0.5034346580505371,0.4638057351112366,0,0.9524484872817993,0.15944162011146545,0.714546427130699,0.34027965344224165,0.033216291545189285,0.24816064487312592,0.05379783294100948,0.0017932314910860953,0.038196452506032465,0.20996419236709346
ood_inverted,train_mixed,pre_softmax,1,16,0.0,0.8975221720021265,0.9880116784985564,1.0,-0.0010029298257907846,0.28134074807167053,0.21762949228286743,0.20918883383274078,0.9132622480392456,0.20918883383274078,0,0.9202744960784912,0.11184782534837723,0.6777464948594569,0.4547711411889266,0.258043839608692,0.3957529507148562,0.09475805231997525,0.0037424501700385627,0.06745337167499424,0.32829957903986196
ood_inverted,train_mixed,pre_softmax,1,16,0.5,0.8922788754770512,0.9935232756632454,1.0,-0.0007002705313646308,0.2951543629169464,0.2253519743680954,0.22088663280010223,0.9103310704231262,0.22088663280010223,0,0.9128694534301758,0.10890069603919983,0.671678826212883,0.45549983168063235,0.28418092289381724,0.4041041590445878,0.09905546880840965,0.0036262563412315396,0.07042670506825621,0.3336774539763316
ood_inverted,train_mixed,pre_softmax,1,16,1.0,0.8771271388579249,1.0,0.9974073298026094,-9.128168317642915e-05,0.31758639216423035,0.2390383929014206,0.2406957894563675,0.8783007860183716,0.2390383929014206,0,0.9563825130462646,0.10710364580154419,0.7015988528728485,0.4373185137620197,0.2714930700095138,0.3875708806362679,0.05567026538850317,0.003838873436734525,0.04012084780297257,0.3474500328332953
ood_inverted,train_mixed,pre_softmax,1,16,2.0,0.9544536560587937,0.9782585236979487,0.9875613476007832,-0.0014044803087015787,0.2898133397102356,0.27692756056785583,0.27189186215400696,0.8064672946929932,0.2651587128639221,0,0.9292023181915283,0.10810484737157822,0.6828730769455432,0.46974369279906647,0.24781227875512488,0.40316426858588394,0.07848505389533622,0.003869591445908075,0.056100415160507774,0.34706385342537616
ood_inverted,train_mixed,pre_softmax,1,16,3.0,0.9401418406869487,0.9833291876959612,0.9881075172050605,-0.002790180309273864,0.31967398524284363,0.30355557799339294,0.30177220702171326,0.6705542802810669,0.297333687543869,0,0.9141409993171692,0.10922005027532578,0.6726647146046161,0.44179285740252916,0.19406631608037034,0.3674748950058815,0.09274017987740191,0.0035957801972456124,0.06599685997335501,0.30147803503252646
ood_inverted,train_mixed,pre_softmax,1,16,5.0,0.9691837675027286,0.9486724249037568,0.9984122934229817,0.00085013943405323,0.26800715923309326,0.2740183472633362,0.2594412565231323,0.5520424842834473,0.25897595286369324,0,0.9414944052696228,0.11389067023992538,0.6932132847607135,0.4554589858010524,0.20603450546047256,0.38063164169887836,0.07030358121981617,0.0031698657116098314,0.050163466567354265,0.3304681751315241
ood_inverted,train_mixed,pre_softmax,1,16,8.0,0.8405078410867659,0.8180532407404638,0.9814820641593166,-0.0038204967124275254,0.25604620575904846,0.2616397738456726,0.22092872858047485,0.4654214680194855,0.21631580591201782,0,0.9412851333618164,0.12436557561159134,0.6962092660367488,0.41504504064877734,0.15905209389303143,0.3382471566220535,0.07429486858971479,0.003283929356479707,0.05299158681974426,0.28525556980230926
ood_inverted,train_mixed,pre_softmax,1,16,12.0,0.5918392868628379,0.7791158401685245,0.8638772848699959,-0.004331006361305498,0.3686641752719879,0.3312641382217407,0.3143368661403656,0.4868573546409607,0.287152498960495,0,0.9443134665489197,0.131372332572937,0.7004311263561248,0.44527103453357864,0.13268923699709273,0.3514964952726329,0.08176132339427278,0.0034354212490644133,0.05826355275071027,0.2932329425219226
ood_inverted,train_mixed,pre_softmax,1,16,16.0,0.753336029592442,0.9461505253370862,0.9103514598966396,-0.002792614120401419,0.37672391533851624,0.30380779504776,0.31734582781791687,0.6616109013557434,0.2834436893463135,0,0.9233707189559937,0.1324544996023178,0.6860958531498909,0.4418686157602343,0.13589017720252128,0.3500750841929204,0.09319816967664951,0.0033235581889601708,0.06623578623034271,0.2838392979625777
ood_inverted,train_mixed,pre_softmax,1,16,24.0,0.19289763455027578,0.007962542659164368,0.0023508602524129033,-0.02783129757559076,0.4957903325557709,0.5031191110610962,0.5033414959907532,0.5034346580505371,0.4638057351112366,0,0.9474610090255737,0.15944162011146545,0.7110551923513412,0.36993016471348084,0.0515180494741628,0.2744065301416854,0.06760930101139939,0.0032622500965656135,0.04830518573694926,0.22610134440473617
ood_inverted,train_mixed,pre_softmax,2,8,0.0,0.8477005109390895,0.8972004271232191,0.9603546547281756,-0.00018789491814421926,0.33273717761039734,0.2991023659706116,0.2561895549297333,0.908743143081665,0.22925084829330444,0,0.8926583528518677,0.11067862808704376,0.6580644354224204,0.6255527512094348,0.368065267396138,0.5483065060654457,0.11436788680042953,0.0022135633156964373,0.08072158975500959,0.46758491631043614
ood_inverted,train_mixed,pre_softmax,2,8,0.5,0.8700507095223888,0.9163462687823074,0.9654994253740863,-0.0006837749762604132,0.3125084936618805,0.2815515398979187,0.24868376553058624,0.8942947387695312,0.22561389207839966,0,0.8990970253944397,0.11078456044197083,0.662603285908699,0.6281583456975566,0.3521473330302563,0.5453550418973665,0.11116138493019301,0.00167013534105855,0.07831401005345266,0.4670410318439138
ood_inverted,train_mixed,pre_softmax,2,8,1.0,0.9276812000968183,0.9187744424464579,0.966792817297851,-0.0008840012276649075,0.2882951498031616,0.29395830631256104,0.26342692971229553,0.878139853477478,0.24231290817260742,0,0.8987851738929749,0.10999903082847595,0.6621493309736252,0.6318224360741888,0.3495607436064308,0.5471439283338614,0.11144658949287378,0.0017863543469435756,0.0785485189490947,0.4685954093847667
ood_inverted,train_mixed,pre_softmax,2,8,2.0,0.9327204813639142,0.8859277269487397,0.9688963795236184,-0.0010797224242316058,0.3007862865924835,0.32547327876091003,0.2817005515098572,0.7928723692893982,0.26529085636138916,0,0.878274142742157,0.10796050727367401,0.6471800521016121,0.6290047009862276,0.326394660355251,0.5382216887969345,0.12680051263130188,0.0013592400580692237,0.08916813085933208,0.4490535579376025
ood_inverted,train_mixed,pre_softmax,2,8,3.0,0.9189077724462376,0.7153275294018682,0.9448657333166293,-0.0033327422532849742,0.3133881688117981,0.3875323534011841,0.303934246301651,0.6480555534362793,0.28385427594184875,0,0.8900788426399231,0.11472468078136444,0.6574725940823555,0.5047744663242351,0.17370718919029476,0.4054542831840529,0.11185115001525348,0.002282371792824345,0.07898051654852473,0.3264737666355282
ood_inverted,train_mixed,pre_softmax,2,8,5.0,0.6814606424982125,0.720897578291955,0.9605096086171608,-0.0011540412225523036,0.33427906036376953,0.32251617312431335,0.25104689598083496,0.5375388860702515,0.23926806449890137,0,0.8948920965194702,0.12852391600608826,0.6649816423654556,0.4854546232569106,0.2015628480406961,0.4002870906920462,0.11758184125220339,0.0020074606685358608,0.08290952707710313,0.31737756361494307
ood_inverted,train_mixed,pre_softmax,2,8,8.0,0.6484845727189577,0.5646778026052396,0.8955387675776295,-0.0006887872358570428,0.28186824917793274,0.30478543043136597,0.2143106311559677,0.4591980576515198,0.18574543297290802,0,0.9433753490447998,0.13552086055278778,0.7010190024971961,0.4191867841744057,0.1599207471244859,0.34140697305942974,0.06631908716462653,0.0014231219291276733,0.046850297593976874,0.2945566754654529
ood_inverted,train_mixed,pre_softmax,2,8,12.0,0.46087426650167357,0.3373762559860985,0.7853247769064233,-0.0013376253155145427,0.36013492941856384,0.38873717188835144,0.28499191999435425,0.46687379479408264,0.23527295887470245,0,0.9165932536125183,0.13758039474487305,0.6828893959522248,0.39718831131989296,0.11377634177690119,0.3121647204569954,0.0972190953900468,0.002036902495399373,0.06866443752165256,0.24350028293534282
ood_inverted,train_mixed,pre_softmax,2,8,16.0,0.12888672209854096,0.32661746848631207,0.9376570017508754,-0.0005594604645248239,0.5757982134819031,0.491828590631485,0.23234057426452637,0.6305320858955383,0.20586559176445007,0,0.9705211520195007,0.14357517659664154,0.722437359392643,0.4257970520154183,0.15398464516020116,0.3442533299588531,0.03580036447616919,0.001851100074698012,0.025615585155727833,0.3186377448031253
ood_inverted,train_mixed,pre_softmax,2,8,24.0,0.40737057647202757,0.2868292623458658,0.09293267403378903,-0.006877451528900666,0.4849584400653839,0.4932094216346741,0.5064815282821655,0.5128427147865295,0.4443933069705963,0,0.9771957993507385,0.17220407724380493,0.7356982827186584,0.3156904912626819,0.03733496317622816,0.23218383283674576,0.031149380321335962,0.0013093958730725852,0.022197384986856947,0.20998644784988882
ood_inverted,train_mixed,pre_softmax,2,16,0.0,0.933121777573645,0.8939831871767595,0.9714634812366925,3.157897783936458e-06,0.2746940851211548,0.3012884557247162,0.24864119291305542,0.908743143081665,0.22925084829330444,0,0.9363859295845032,0.11067862808704376,0.6886737391352653,0.5603618244909702,0.33750587530627985,0.49350503973556303,0.07759994518267077,0.0028635350454317273,0.05517902214149905,0.438326017594064
ood_inverted,train_mixed,pre_softmax,2,16,0.5,0.9413468414917615,0.9091750996091046,0.9717680534733246,-0.00030600958069378157,0.26483413577079773,0.28634676337242126,0.2444920539855957,0.8942947387695312,0.22561389207839966,0,0.9386395215988159,0.11078456044197083,0.6902830332517623,0.5624542944083553,0.3397131301253436,0.49563194512345177,0.07777244378148618,0.003870933997185911,0.055601990846196096,0.44002995427725566
ood_inverted,train_mixed,pre_softmax,2,16,1.0,0.9675620764785741,0.9080981355729781,0.9662801809549576,-0.0017573156960558171,0.2629378139972687,0.3007465898990631,0.26375287771224976,0.878139853477478,0.24231290817260742,0,0.8844687342643738,0.10999903082847595,0.6521278232336044,0.5943122316671938,0.3316148018429283,0.5155030027199141,0.13314157029616402,0.0029894097814960317,0.09409592214176363,0.42140708057815046
ood_inverted,train_mixed,pre_softmax,2,16,2.0,0.9704614516951032,0.8867369256369848,0.9651824823538198,-0.0027189075925036963,0.2808748483657837,0.3250463604927063,0.2836599349975586,0.7928723692893982,0.26529085636138916,0,0.9372683167457581,0.10796050727367401,0.6884759739041328,0.557634781587564,0.29317598102660064,0.47829714141927493,0.07901149278962727,0.003110724233330531,0.056241262222738245,0.4220558791965367
ood_inverted,train_mixed,pre_softmax,2,16,3.0,0.9808170111910519,0.7568012187977857,0.9475989943838121,-0.002776139601378561,0.290840744972229,0.3724275827407837,0.3029387891292572,0.6480555534362793,0.28385427594184875,0,0.9220945835113525,0.11472468078136444,0.6798836126923561,0.5377606814321714,0.22486347237906218,0.44389151871623855,0.09755079259601096,0.003471631442652411,0.06932704425000338,0.3745644744662352
ood_inverted,train_mixed,pre_softmax,2,16,5.0,0.924668785173278,0.715613468330511,0.9409389679054642,0.0011030835581798642,0.2617371678352356,0.3240922689437866,0.25688424706459045,0.5375388860702515,0.23926806449890137,0,0.9309177398681641,0.12852391600608826,0.6901995927095413,0.5072454557242816,0.21194164359296197,0.4186543120848857,0.07808889185907375,0.0024034410221373355,0.05538325660799282,0.36327105547689287
ood_inverted,train_mixed,pre_softmax,2,16,8.0,0.7576221473432512,0.5705370714935539,0.9866247218490232,-0.001778204515861315,0.2520242929458618,0.3031831979751587,0.18940293788909912,0.4591980576515198,0.18574543297290802,0,0.9409634470939636,0.13552086055278778,0.6993306711316107,0.45733252180388917,0.17485477933435764,0.3725891990630297,0.0696781663099536,0.003798426179773295,0.04991424427089951,0.32267495479213015
ood_inverted,train_mixed,pre_softmax,2,16,12.0,0.6199136057469377,0.3461462911716279,0.9679195113723567,-0.012658735236981975,0.3233012855052948,0.38670602440834045,0.24270282685756683,0.46687379479408264,0.23527295887470245,0,0.9467601776123047,0.13758039474487305,0.7040062427520752,0.4461793609041106,0.15456548274988097,0.3586951974578417,0.06050185999051749,0.0038969765757784435,0.04352039496609578,0.3151748024917459
ood_inverted,train_mixed,pre_softmax,2,16,16.0,0.680102373124339,0.8774803337926963,0.9822402180913317,-0.0015482710446997822,0.34171539545059204,0.2578955888748169,0.21340757608413696,0.6305320858955383,0.20586559176445007,0,0.9239489436149597,0.14357517659664154,0.6898368135094642,0.4724161312108236,0.16225845881783554,0.37936882949292716,0.09354858432778246,0.004688981986199516,0.06689070362530758,0.3124781258676196
ood_inverted,train_mixed,pre_softmax,2,16,24.0,0.5181055572995422,0.3089031997391131,0.21130486537462648,0.001649264775352983,0.4773786962032318,0.4916984736919403,0.49837902188301086,0.5128427147865295,0.4443933069705963,0,0.9627280235290527,0.17220407724380493,0.7255708396434783,0.3727014931494842,0.04408632750632967,0.2741169434565378,0.0491600341227425,0.0040738037381030795,0.03563416500735067,0.23848277844918714
ood_inverted,train_mixed,pre_softmax,3,8,0.0,0.7957263489471594,0.9323400968372663,0.9700507682203046,-0.0011931032355393958,0.3439236879348755,0.25364387035369873,0.22872315347194672,0.869771420955658,0.20893150568008423,0,0.9380639791488647,0.11582416296005249,0.691392034292221,0.5309620639246888,0.32993671705706035,0.47065445986440024,0.06704055438499601,0.0015998779371882942,0.04740835145065369,0.42324610841374655
ood_inverted,train_mixed,pre_softmax,3,8,0.5,0.8073143521829043,0.9053903566789481,0.972572769627736,-0.0007080076266897793,0.3337346315383911,0.26940691471099854,0.22534219920635223,0.8632493615150452,0.20735277235507965,0,0.8950760364532471,0.11430840194225311,0.6608457460999488,0.5910309890032698,0.35661263159279344,0.5207054817801269,0.10753862771731826,0.002487047891479145,0.07602315376956652,0.44468232801056035
ood_inverted,train_mixed,pre_softmax,3,8,1.0,0.8444145550229347,0.8807876639989624,0.9688339381669843,-0.0010259757368912745,0.32616767287254333,0.30328473448753357,0.2478933334350586,0.8574031591415405,0.2282862365245819,0,0.8970115780830383,0.11303617060184479,0.6618189558386802,0.5918427184515671,0.33919136861546023,0.5160473135007351,0.10740826486796418,0.002068061053333724,0.07580620372357504,0.44024110977716
ood_inverted,train_mixed,pre_softmax,3,8,2.0,0.07538651397331685,0.6924794402040363,0.9558717788647576,-0.0011549575233915504,0.7309797406196594,0.4169711172580719,0.2829435467720032,0.7693402767181396,0.2604888379573822,0,0.9110606908798218,0.11628537625074387,0.6726280964910983,0.5801249671727811,0.29965529684676123,0.4959840660749751,0.09197029954081448,0.0020071576336716706,0.06498135696867163,0.43100270910630345
ood_inverted,train_mixed,pre_softmax,3,8,3.0,0.8361093070987562,0.5126987883415421,0.9466294972381478,-0.0009608609370957382,0.3439333140850067,0.4522278606891632,0.3069254457950592,0.6239058971405029,0.2890542447566986,0,0.8801423907279968,0.12149180471897125,0.6525472149252891,0.4548080601313118,0.19328550256991525,0.3763512928628928,0.12854269688454212,0.001961627279160795,0.09056837600292772,0.2857829168599651
ood_inverted,train_mixed,pre_softmax,3,8,5.0,0.7561495614827514,0.5725253483219911,0.883262165274782,0.0005342233287395194,0.3011730909347534,0.3573291003704071,0.26229947805404663,0.532418966293335,0.22659868001937866,0,0.9192955493927002,0.12921291589736938,0.682270759344101,0.4955360742678375,0.2260827674731424,0.414700082229429,0.0830313866071194,0.0022874916356414423,0.058808218115676006,0.355891864113753
ood_inverted,train_mixed,pre_softmax,3,8,8.0,0.6363091076667945,0.7592810029575255,0.963751707303102,0.0003632934410919979,0.2768639326095581,0.2456420511007309,0.19372807443141937,0.43841928243637085,0.18452483415603638,0,0.8905981183052063,0.14546272158622742,0.6670574992895125,0.4504100051283475,0.17989270261191642,0.36925481437341817,0.12002817980562619,0.0018785211640417478,0.08458328221315085,0.2846715321602673
ood_inverted,train_mixed,pre_softmax,3,8,12.0,0.5282603263729992,0.4169222174169615,0.954475869205786,-0.00240553251675748,0.34467360377311707,0.37338393926620483,0.23476701974868774,0.4808940887451172,0.22302788496017456,0,0.9227803349494934,0.15030309557914734,0.6910371631383896,0.4090417569102097,0.11300355214897519,0.32023029548183934,0.08465891575978446,0.0016770918257790624,0.05976436857958284,0.2604659269022565
ood_inverted,train_mixed,pre_softmax,3,8,16.0,0.7484257557196131,0.2562030238272841,0.9451649406915797,-0.0003960802177059699,0.3259625732898712,0.5192184448242188,0.24871908128261566,0.619808554649353,0.2271898090839386,0,0.9105805158615112,0.13672181963920593,0.6784229069948196,0.5179199029153836,0.17636211779678063,0.4154525673798027,0.10130247946948245,0.0018624370975338911,0.07147046675789788,0.3439821006219048
ood_inverted,train_mixed,pre_softmax,3,8,24.0,0.317647282439345,-0.26397745383375254,0.5894073798030263,-0.0053623750195113265,0.5058498978614807,0.5359442830085754,0.49178850650787354,0.5222855806350708,0.47054365277290344,0,0.9076465964317322,0.18080824613571167,0.689595091342926,0.2702791602329606,0.022443896180030894,0.1959285810170817,0.10692298715477966,0.0014214488092137829,0.0752725256511099,0.12065605536597179
ood_inverted,train_mixed,pre_softmax,3,16,0.0,0.9050690111187336,1.0,0.9944815367544886,-0.0019619278484618186,0.27166569232940674,0.20893150568008423,0.21257832646369934,0.869771420955658,0.20893150568008423,0,0.9166943430900574,0.11582416296005249,0.6764332890510558,0.5638932732481243,0.32644388351796355,0.49265845632907607,0.09818902021336284,0.0028522288470860333,0.0695879828034798,0.42307047352559624
ood_inverted,train_mixed,pre_softmax,3,16,0.5,0.9142237310007219,0.9951269155469629,0.997448114598,-0.0022055378128303096,0.26361313462257385,0.2105490118265152,0.2090265452861786,0.8632493615150452,0.20735277235507965,0,0.9009045362472534,0.11430840194225311,0.6649256959557533,0.58430365830457,0.3358806469738473,0.5097767549053531,0.10918533293555455,0.0033699294773550433,0.07744071189809469,0.4323360430072584
ood_inverted,train_mixed,pre_softmax,3,16,1.0,0.898753229623157,1.0,0.9956019189507591,-0.0035372429713579957,0.2919822931289673,0.2282862365245819,0.23105314373970032,0.8574031591415405,0.2282862365245819,0,0.8934097290039062,0.11303617060184479,0.6592976614832878,0.5873246195583006,0.32560441660953243,0.5088085586736701,0.11652219881268733,0.003559458944121163,0.08263337685211747,0.4261751818215527
ood_inverted,train_mixed,pre_softmax,3,16,2.0,0.8757579042698346,0.9749200270981616,0.9920292117573036,-0.0017994378777222105,0.3237096071243286,0.2732508182525635,0.2645447850227356,0.7693402767181396,0.2604888379573822,0,0.8503238558769226,0.11628537625074387,0.6301123119890689,0.6019469284999583,0.30158933039943786,0.5118396490698022,0.15946876048156822,0.0036743795459510628,0.11273044620088306,0.3991092028689191
ood_inverted,train_mixed,pre_softmax,3,16,3.0,0.8708215209709501,0.9553802204871465,0.9847395240035897,-0.006256454282519638,0.33230987191200256,0.3039952516555786,0.29416424036026,0.6239058971405029,0.2890542447566986,0,0.934567391872406,0.12149180471897125,0.6906447157263755,0.49607135593676044,0.25773821266501556,0.4245714129552369,0.0737632702158979,0.003603770290121771,0.052715420238165056,0.37185599271707187
ood_inverted,train_mixed,pre_softmax,3,16,5.0,0.8141256561094704,0.8618272581752638,0.9928562003721437,-0.0045809504263749235,0.28344282507896423,0.26885470747947693,0.22878339886665344,0.532418966293335,0.22659868001937866,0,0.9306135177612305,0.12921291589736938,0.6901933372020721,0.5110794649599661,0.23344087856435355,0.4277878890412823,0.084440555120739,0.004319578206093163,0.06040426204634525,0.36738362699493704
ood_inverted,train_mixed,pre_softmax,3,16,8.0,0.8176342636306055,0.8684668218596774,1.0,-0.006096991249499371,0.2308264821767807,0.21792037785053253,0.18452483415603638,0.43841928243637085,0.18452483415603638,0,0.8955250382423401,0.14546272158622742,0.6705063432455062,0.4833104582210537,0.19535270126313264,0.39692313113367733,0.12380609403335441,0.002876886549414047,0.08752733178817229,0.30939579934550504
ood_inverted,train_mixed,pre_softmax,3,16,12.0,0.6911024190083067,0.7935537877024518,0.9945192483051825,-0.0010289447485678795,0.30268213152885437,0.27626338601112366,0.22444118559360504,0.4808940887451172,0.22302788496017456,0,0.9418863654136658,0.15030309557914734,0.7044113844633102,0.43226424462280066,0.1662127328544339,0.3524487910922906,0.07357537916983026,0.003772536181084079,0.0526345262732064,0.2998142648190842
ood_inverted,train_mixed,pre_softmax,3,16,16.0,0.826794378879345,0.9437437808839906,0.9643347905613887,-0.0032402974958667,0.2951935827732086,0.2492770552635193,0.24119263887405396,0.619808554649353,0.2271898090839386,0,0.9331701397895813,0.13672181963920593,0.6942356437444686,0.47157414714786206,0.1808069763880539,0.3843439959199196,0.08006394062158229,0.003384888360746144,0.05706022494333144,0.3272837709765881
ood_inverted,train_mixed,pre_softmax,3,16,24.0,0.4949835010491478,0.6909860837440551,0.5614268410196922,-0.03422013154234232,0.49667418003082275,0.48653262853622437,0.4932362735271454,0.5222855806350708,0.47054365277290344,0,0.9301758408546448,0.18080824613571167,0.7053655624389648,0.3187199226619676,0.0441345435871355,0.23634430893951794,0.09293718600396528,0.0034081069042927003,0.0660784622740635,0.17026584666545444
ood_inverted,train_mixed,pre_softmax,4,8,0.0,0.8608984013120532,0.9860896549723571,0.9726744776073738,0.0002168121941737917,0.28412625193595886,0.1994953602552414,0.20856419205665588,0.8661046028137207,0.1900917887687683,0,0.8971552848815918,0.10782197117805481,0.6603552907705307,0.5941256448228951,0.3572333723997428,0.5230579630959493,0.10657162659906694,0.0013906477518797892,0.07501733294491078,0.44804063015103857
ood_inverted,train_mixed,pre_softmax,4,8,0.5,0.8541049652124606,0.9734572663735716,0.9773105578920624,-0.0007517424888544507,0.2909846007823944,0.21097254753112793,0.20838935673236847,0.8635641932487488,0.1931786835193634,0,0.8872078657150269,0.10994982719421387,0.6540304541587829,0.5379566269990544,0.320309094713601,0.4726623673134184,0.11341636412075584,0.002095907731777985,0.08002022720406249,0.3926421401093559
ood_inverted,train_mixed,pre_softmax,4,8,1.0,0.8502092129583354,0.9727508322991569,0.9729442002352288,-0.00021532777258725962,0.2967163026332855,0.21547643840312958,0.2153482437133789,0.8603687286376953,0.1974114030599594,0,0.8457159996032715,0.10793586075305939,0.6243819579482078,0.6194069798446274,0.3428653758916845,0.5364444986587446,0.15905901181588744,0.0023869805377671797,0.11205740243245135,0.4243870962262932
ood_inverted,train_mixed,pre_softmax,4,8,2.0,0.7912483824712294,0.9939871706202433,0.9540024397641741,-0.0008915793870111256,0.34935423731803894,0.240558922290802,0.26201584935188293,0.773960292339325,0.2373322695493698,0,0.9228532910346985,0.10998650640249252,0.6789932556450367,0.4972008663281895,0.26076508037473106,0.4262701305421519,0.07294408818606313,0.0021869633049828607,0.05171695072173904,0.37455317982041286
ood_inverted,train_mixed,pre_softmax,4,8,3.0,0.7472646270530868,0.9440822911329627,0.9324042146829198,-0.0018427806496014295,0.3817274868488312,0.30168068408966064,0.30643022060394287,0.6856440305709839,0.2789386510848999,0,0.9153496026992798,0.11325426399707794,0.6747210010886192,0.4834165141890857,0.2221626581447156,0.40504035737577465,0.08473298295475606,0.0031055950866507418,0.06024476659432446,0.34479559078145017
ood_inverted,train_mixed,pre_softmax,4,8,5.0,0.8044054201615206,0.8205196656484487,0.9261249732172067,-0.00057447150904441,0.2903954088687897,0.2851371467113495,0.2506769299507141,0.5528820753097534,0.22657066583633423,0,0.9084447026252747,0.1226113960146904,0.6726947106420994,0.4539584658360495,0.19764475366870932,0.3770643521858474,0.09625083306568916,0.002433055418620303,0.0681054997715685,0.3089588524142789
ood_inverted,train_mixed,pre_softmax,4,8,8.0,0.7390151190620404,0.6931919338855831,0.915768903136219,-0.0009959652635156712,0.2413528710603714,0.2537139654159546,0.19367241859436035,0.44070687890052795,0.17095054686069489,0,0.8917892575263977,0.13053403794765472,0.6634126916527747,0.4046909971362327,0.15105750411626115,0.3286009492302412,0.10893942640859577,0.001527927768598293,0.07671597681659653,0.25188497241364466
ood_inverted,train_mixed,pre_softmax,4,8,12.0,0.38708720525802764,0.3269180564912878,0.8993165490791026,-0.002296838772681739,0.3801822066307068,0.3949260413646698,0.25466564297676086,0.4750339686870575,0.22999419271945953,0,0.831081211566925,0.13072903454303741,0.6209755584597587,0.3946016349233661,0.08997116438226456,0.30321249376103565,0.18749525391259747,0.001865567371394272,0.13180634795023652,0.17140614581079913
ood_inverted,train_mixed,pre_softmax,4,8,16.0,0.5288358057025311,0.6084300756025406,0.9300249180884115,-0.0006136423883192485,0.43473145365715027,0.40676772594451904,0.2937823235988617,0.6205264925956726,0.26919808983802795,0,0.9015108346939087,0.13820511102676392,0.6725191175937651,0.447431552253155,0.1720595472652327,0.3648199507567783,0.10616053073595455,0.0016985529123380223,0.07482193738886958,0.28999801336790876
ood_inverted,train_mixed,pre_softmax,4,8,24.0,0.3957058626511975,0.35049224603315743,0.012557662253931966,-0.004773218699002563,0.4880824685096741,0.4902268052101135,0.5062539577484131,0.5068495273590088,0.4594227373600006,0,0.9019920825958252,0.16286493837833405,0.6802539393305778,0.32521156546954755,0.03877001194266552,0.2392790994114829,0.11154416098346331,0.0017273325701518654,0.07859911245946988,0.16067998695201302
ood_inverted,train_mixed,pre_softmax,4,16,0.0,0.9111110562492302,0.9894857768467324,0.9849569898038313,-0.003099206435627807,0.2501818537712097,0.19719953835010529,0.20026105642318726,0.8661046028137207,0.1900917887687683,0,0.9592382907867432,0.10782197117805481,0.7038133949041366,0.5114997905586749,0.3232644738129976,0.4550291955349717,0.049173190795533506,0.003585874735843667,0.03549699597762655,0.4195321995573451
ood_inverted,train_mixed,pre_softmax,4,16,0.5,0.894472958942457,0.9747212251224249,0.9904540262345236,-0.002828970137240794,0.26392248272895813,0.21012520790100098,0.1995781660079956,0.8635641932487488,0.1931786835193634,0,0.9249378442764282,0.10994982719421387,0.6804414391517638,0.5389173077548866,0.3064913504316537,0.4691895205579167,0.08547554671363145,0.003547706005298751,0.06089719450113163,0.40829232605678506
ood_inverted,train_mixed,pre_softmax,4,16,1.0,0.8922830909281309,0.9732873760631893,0.9887634640826195,-0.0025609170247914417,0.26882311701774597,0.21512073278427124,0.20486074686050415,0.8603687286376953,0.1974114030599594,0,0.8341065645217896,0.10793586075305939,0.6162553533911704,0.6104881888810834,0.3230840271106178,0.5242669403499436,0.17275957974024603,0.0034862372303745208,0.12197757698728456,0.402289363362659
ood_inverted,train_mixed,pre_softmax,4,16,2.0,0.9066400477589766,0.9945423390108161,0.9848481764538571,-0.002692065479380672,0.28743183612823486,0.2402610033750534,0.24546316266059875,0.773960292339325,0.2373322695493698,0,0.9002359509468079,0.10998650640249252,0.6631611175835133,0.5349480771599611,0.27412827396260037,0.45670213620075284,0.10517529945671178,0.0032466821438066145,0.07459671426284023,0.38210542193791264
ood_inverted,train_mixed,pre_softmax,4,16,3.0,0.9028828657452079,0.9808005822330973,0.9901713724451093,-0.001635405540711178,0.31843671202659607,0.28674715757369995,0.2829360067844391,0.6856440305709839,0.2789386510848999,0,0.8873453736305237,0.11325426399707794,0.65511804074049,0.5264047529870256,0.24705196966573978,0.44259891799063983,0.12095720142181199,0.005251305444613817,0.08624543262865253,0.3563534853619873
ood_inverted,train_mixed,pre_softmax,4,16,5.0,0.883843687489691,0.9149656129939793,1.0,-0.004898808076649295,0.2644737958908081,0.25431835651397705,0.22657066583633423,0.5528820753097534,0.22657066583633423,0,0.9303773045539856,0.1226113960146904,0.688047531992197,0.4841968997992633,0.21668073282361147,0.4039420497065677,0.08358932699029353,0.0036881994282620166,0.05961898872168407,0.34432306098488363
ood_inverted,train_mixed,pre_softmax,4,16,8.0,0.8427600644554691,0.7166220305196237,1.0,-0.003924092090384151,0.2133670151233673,0.24739354848861694,0.17095054686069489,0.44070687890052795,0.17095054686069489,0,0.9285485744476318,0.13053403794765472,0.6891442134976387,0.4380759683520822,0.17073004291125057,0.3578721907198327,0.1003886783178981,0.004677533556256006,0.07167533488940547,0.2861968558304272
ood_inverted,train_mixed,pre_softmax,4,16,12.0,0.6837757742922018,0.4366688820184403,1.0,-0.008360444483606852,0.30748170614242554,0.3680327236652374,0.22999419271945953,0.4750339686870575,0.22999419271945953,0,0.930117666721344,0.13072903454303741,0.690301077067852,0.36469582973880854,0.13400334647919782,0.2954880847609253,0.08570849721422513,0.003618612871017518,0.061081531911262844,0.23440655284966247
ood_inverted,train_mixed,pre_softmax,4,16,16.0,0.8347520597185847,0.9142127262509411,0.964885472224284,-0.0026367790984953717,0.32725438475608826,0.29933759570121765,0.2815348207950592,0.6205264925956726,0.26919808983802795,0,0.9137904047966003,0.13820511102676392,0.6811148166656493,0.46325117574634456,0.19023199464431909,0.3813454214157369,0.10358944743310583,0.0031212532533495124,0.07344898917917893,0.307896432236558
ood_inverted,train_mixed,pre_softmax,4,16,24.0,0.27408430047147786,0.6603631190307274,-0.32880539456659913,-0.02310574665117486,0.49385058879852295,0.47553062438964844,0.5224437117576599,0.5068495273590088,0.4594227373600006,0,0.9276060461997986,0.16286493837833405,0.6981837138533591,0.3650361834048661,0.05151025206199302,0.2709784040020041,0.09103763762518546,0.003016465888662293,0.06463128610422851,0.2063471178977756
ood_inverted,train_mixed,pre_softmax,5,8,0.0,0.8876811978579415,0.5485373732377373,0.9820076937907806,-0.0023217279567429995,0.2628123164176941,0.5095683932304382,0.19418174028396606,0.9086761474609375,0.1810908019542694,0,0.9288696050643921,0.1325431764125824,0.6899716764688492,0.6155036616006452,0.32494167953493713,0.5283350669809328,0.0733313357882559,0.0016631640012740316,0.05183088425216134,0.4765041827287715
ood_inverted,train_mixed,pre_softmax,5,8,0.5,0.9433495851450402,0.5050083402126878,0.9782247868167008,-0.0027200999997709857,0.2243550568819046,0.5352377891540527,0.19962067902088165,0.8934025168418884,0.18417714536190033,0,0.9214288592338562,0.13204872608184814,0.6846148192882537,0.6194342104310141,0.3524604738935815,0.5393420894697843,0.07874672549862394,0.0025606743630975405,0.05589091015796601,0.48345117931181836
ood_inverted,train_mixed,pre_softmax,5,8,1.0,0.9368596293652185,0.7651864602729279,0.9762590795640835,-0.001122007631739352,0.2439902126789093,0.3616360127925873,0.21699018776416779,0.8860101699829102,0.20072078704833984,0,0.9435887336730957,0.12999945878982544,0.6995119512081145,0.5949346512125538,0.3248537345963345,0.513910376227688,0.05445996614683135,0.0016930325460803306,0.03862988606660604,0.4752804901610819
ood_inverted,train_mixed,pre_softmax,5,8,2.0,0.8471471401916995,0.8950573577781775,0.969316174885137,-0.001829561898082964,0.31225261092185974,0.28475823998451233,0.24214312434196472,0.7984073162078857,0.2245345115661621,0,0.9252231121063232,0.12943516671657562,0.686486728489399,0.5420467757294241,0.2768961526323695,0.4625015888003077,0.07897322664981032,0.001422699160621268,0.055708068403053604,0.4067935203972541
ood_inverted,train_mixed,pre_softmax,5,8,3.0,0.7808047504136038,0.33799712339543414,0.9702571911853235,-0.003721558243416271,0.32985109090805054,0.5220804810523987,0.24760696291923523,0.6688100695610046,0.234695166349411,0,0.9437505006790161,0.1322505921125412,0.7003005281090736,0.5378324555251315,0.24455255272831822,0.44984848468608746,0.05996547476625158,0.0018016168046955793,0.04251631737778478,0.4073321673083027
ood_inverted,train_mixed,pre_softmax,5,8,5.0,0.8078370731170249,0.6063030782961752,0.9902459772868009,-0.0027142101401847994,0.2696712911128998,0.3337160348892212,0.21170423924922943,0.5263908505439758,0.20860454440116882,0,0.898623526096344,0.13496164977550507,0.6695249632000922,0.5875444707136535,0.2417809154411498,0.4838154041319024,0.1059084614973399,0.0019924026977343858,0.07473364385745825,0.40908176027444415
ood_inverted,train_mixed,pre_softmax,5,8,8.0,0.6182964852109033,0.5271911232617112,0.9807815919165265,-0.0011404997382003736,0.2760506868362427,0.29997164011001587,0.1808752864599228,0.43839284777641296,0.1758292317390442,0,0.9388324618339539,0.15343894064426422,0.7032144054770469,0.5138021796333256,0.14992900769736323,0.4046402280525369,0.06142102126805382,0.0018341138292430512,0.04354494903641059,0.3610952790161263
ood_inverted,train_mixed,pre_softmax,5,8,12.0,0.4896946216540749,0.22745775457657688,0.9868611242355423,-0.001420606832137724,0.35925787687301636,0.43572676181793213,0.21428295969963074,0.50205397605896,0.2104516327381134,0,0.8796688318252563,0.14499928057193756,0.6592679664492607,0.5462629590791009,0.12487685405995168,0.4198471275733561,0.13559192177810697,0.0018954350005508877,0.09548297574484015,0.32436415182851597
ood_inverted,train_mixed,pre_softmax,5,8,16.0,0.8142738369851996,0.689938796287543,0.9653901056901197,-0.002585445001687952,0.2887696623802185,0.34450700879096985,0.2210267335176468,0.6537951827049255,0.2055116891860962,0,0.8870587348937988,0.13352499902248383,0.6609986141324042,0.6207458647815944,0.21151771410672687,0.49797741957913416,0.1272794269864046,0.00184002538883851,0.08964760650713477,0.4083298130719994
ood_inverted,train_mixed,pre_softmax,5,8,24.0,0.0964978362938271,0.2605946960525334,0.37219205190710175,-0.0017360624370777497,0.5104934573173523,0.4970620572566986,0.48792776465415955,0.5183918476104736,0.4365414083003998,0,0.9173287749290466,0.15174558758735657,0.6876538187265396,0.44918141839813386,0.047682145065611886,0.32873163639837727,0.0895163937507536,0.0011374689426575794,0.06300271630832478,0.2657289200900525
ood_inverted,train_mixed,pre_softmax,5,16,0.0,0.9747547413209945,0.8727030583180854,0.9913151883124046,-0.004167821584533249,0.19945888221263885,0.2737101912498474,0.18740974366664886,0.9086761474609375,0.1810908019542694,0,0.9730209708213806,0.1325431764125824,0.7208776324987411,0.5759732486534026,0.3215693426277325,0.49965207684570156,0.037799032189396176,0.002773821489860646,0.027291468979535518,0.47236060786616607
ood_inverted,train_mixed,pre_softmax,5,16,0.5,0.9533878643376388,0.9524592434098915,0.9902290160570236,-0.002933650457022981,0.21723565459251404,0.21789425611495972,0.19110697507858276,0.8934025168418884,0.18417714536190033,0,0.943635880947113,0.13204872608184814,0.7001597344875335,0.5907595860483208,0.332824533023257,0.5133790701408016,0.0712426064935271,0.0028389045287237407,0.05072149590408608,0.46265757423671555
ood_inverted,train_mixed,pre_softmax,5,16,1.0,0.9493258082281951,0.9806036627199831,0.9898336541057478,-0.0015487184411434806,0.23544727265834808,0.21401289105415344,0.20768767595291138,0.8860101699829102,0.20072078704833984,0,0.9272077679634094,0.12999945878982544,0.6880452752113342,0.5760561442911185,0.3038711628316946,0.4944006498532913,0.09014504766720755,0.004441217140040862,0.06443389850905755,0.42996675134423373
ood_inverted,train_mixed,pre_softmax,5,16,2.0,0.951879406164611,0.9210807076203252,0.9809053044104334,-0.0023132558952088434,0.2521496117115021,0.26982414722442627,0.23549243807792664,0.7984073162078857,0.2245345115661621,0,0.9435186386108398,0.12943516671657562,0.6992935970425606,0.5696082997319583,0.30263887376983806,0.4895174719433222,0.06281924021956842,0.003380760909297423,0.04498769642648712,0.44452977551683504
ood_inverted,train_mixed,pre_softmax,5,16,3.0,0.9271672996610918,0.5482228066233439,0.982644227201371,-0.0020453810423232683,0.26631292700767517,0.4308183789253235,0.24222956597805023,0.6688100695610046,0.234695166349411,0,0.9409592747688293,0.1322505921125412,0.6983466699719428,0.5699379044823367,0.23719374148187383,0.47011465558219784,0.07172570575980075,0.0028294334381639957,0.05105682406330972,0.4190578315188881
ood_inverted,train_mixed,pre_softmax,5,16,5.0,0.9168253363291992,0.6013383113546583,0.9936582933036885,-0.0007174247658217716,0.23503631353378296,0.3352937698364258,0.21061985194683075,0.5263908505439758,0.20860454440116882,0,0.9236426949501038,0.13496164977550507,0.6870383813977241,0.5749821986278056,0.2298333967704017,0.47143755807058446,0.09476501761733513,0.0030642505044152476,0.06725478748345916,0.4041827705871253
ood_inverted,train_mixed,pre_softmax,5,16,8.0,0.7994305560174585,0.5292673594491277,0.9954756847567011,-0.0015729543562878958,0.22849147021770477,0.29942649602890015,0.17701715230941772,0.43839284777641296,0.1758292317390442,0,0.9147431254386902,0.15343894064426422,0.6863518700003624,0.5796457231842643,0.19419466243938696,0.4640104049608011,0.11084771723879439,0.0035057587325665897,0.07864512968692604,0.38536527527387504
ood_inverted,train_mixed,pre_softmax,5,16,12.0,0.7662811507651194,0.5367744518884924,1.0,0.00019622770630967125,0.2786045968532562,0.3455292880535126,0.2104516327381134,0.50205397605896,0.2104516327381134,0,0.9295966029167175,0.14499928057193756,0.6942174062132835,0.5601735464839381,0.18565668309130365,0.4478184874661478,0.09461298495397241,0.0030525728517222005,0.06714486132329733,0.38067362614285044
ood_inverted,train_mixed,pre_softmax,5,16,16.0,0.8174377994053676,0.6927549302621252,1.0,-0.0012439919483565173,0.2873513102531433,0.3432445824146271,0.2055116891860962,0.6537951827049255,0.2055116891860962,0,0.9234932661056519,0.13352499902248383,0.6865027859807014,0.5513641221544552,0.19635565596145396,0.4448615822965548,0.09860650809833227,0.003205689540501285,0.06998626253098297,0.37487531976557187
ood_inverted,train_mixed,pre_softmax,5,16,24.0,0.3278350740684776,0.20971037104329415,0.5997443968475611,-0.012615581233194183,0.49155840277671814,0.5012269616127014,0.4693025052547455,0.5183918476104736,0.4365414083003998,0,0.9322195649147034,0.15174558758735657,0.6980773717164993,0.4453161369837674,0.06077519232748767,0.3299538535868834,0.08381419430629666,0.003698063173574935,0.05977935496648014,0.27017449862040327
ood_inverted,train_mixed,pre_softmax,6,8,0.0,0.8070625314749709,0.9048572517367514,1.0,-0.0012267888271467004,0.33745530247688293,0.27103960514068604,0.20642495155334473,0.8855587244033813,0.20642495155334473,0,0.9097747802734375,0.1258038431406021,0.6745834991335868,0.6039828304570971,0.35376871186062214,0.5289185948781546,0.09143749728844153,0.0019093727523536153,0.06457905992761515,0.4643395349505395
ood_inverted,train_mixed,pre_softmax,6,8,0.5,0.8948965313377074,0.9097254883763191,1.0,-0.0029338046218426,0.27166685461997986,0.2616859972476959,0.20092535018920898,0.8739907145500183,0.20092535018920898,0,0.8718854188919067,0.12279042601585388,0.6471569210290908,0.6637206029414416,0.3657759958260221,0.5743372208068157,0.13268254860101114,0.0016961253939361354,0.09338662163888863,0.4809505991679271
ood_inverted,train_mixed,pre_softmax,6,8,1.0,0.8338735642316116,0.913510138517413,1.0,-0.001706171684366252,0.32011136412620544,0.2685788571834564,0.2126116156578064,0.8597075939178467,0.2126116156578064,0,0.8858436942100525,0.12796947360038757,0.6584814280271529,0.6296480020917801,0.3457632498401676,0.5444825764162963,0.11825933824150225,0.0021016714402775547,0.08341203820113484,0.4610705382151614
ood_inverted,train_mixed,pre_softmax,6,8,2.0,0.826721712412842,0.8090533983240834,0.9975397910145055,-0.0034363058728973466,0.3395431935787201,0.3489183187484741,0.2489040493965149,0.7782166004180908,0.24759861826896667,0,0.9145824909210205,0.13167844712734222,0.679711277782917,0.5988008498677249,0.3089142314039829,0.5118348643286023,0.09648008593928936,0.002810444684087256,0.06837919356272873,0.44345567076587356
ood_inverted,train_mixed,pre_softmax,6,8,3.0,0.20358036376691216,0.24775803231215285,0.9478875952684137,-0.002274750585320572,0.5703891515731812,0.5533508062362671,0.2833263874053955,0.6489055752754211,0.26322779059410095,0,0.8451181650161743,0.13594889640808105,0.6323673844337463,0.5851405258836684,0.24802752947453927,0.48400662696092966,0.14984601586426738,0.0020429256033526527,0.10550508878599295,0.3785015381749367
ood_inverted,train_mixed,pre_softmax,6,8,5.0,0.5815931756059238,0.4119133916803553,0.9042094909135767,-0.0004502226969049675,0.34528791904449463,0.3951350450515747,0.25051236152648926,0.5161435604095459,0.22237181663513184,0,0.8730396032333374,0.14806251227855682,0.6555464759469032,0.5077080317275522,0.19227559407014916,0.4130783004303312,0.1338520879544285,0.0012545346413359998,0.09407282196050074,0.3190054784698305
ood_inverted,train_mixed,pre_softmax,6,8,8.0,0.6589148362660399,0.4289442305459845,0.8986736299908409,-0.0012686416440028272,0.26040077209472656,0.3233652710914612,0.19475632905960083,0.4408074915409088,0.16701380908489227,0,0.9051511287689209,0.15240445733070374,0.6793271273374557,0.47064066831464135,0.17986651784882063,0.38340842317489515,0.10572701980067967,0.0019296691343704464,0.0745878146007869,0.30882060857410826
ood_inverted,train_mixed,pre_softmax,6,8,12.0,0.019341271989116223,0.1533683027359144,0.8594398364286417,-0.002959886282080838,0.49352848529815674,0.4564676284790039,0.2612262964248657,0.498876690864563,0.22235891222953796,0,0.9256836175918579,0.17428067326545715,0.7002627342939376,0.3710235587482288,0.0978251951022194,0.289064049654426,0.08089060389672942,0.0014939544156030535,0.0570716090523915,0.2319924406020345
ood_inverted,train_mixed,pre_softmax,6,8,16.0,0.7206934396123496,0.4873015504342629,0.9326490863249982,-0.0026405431125702144,0.33669033646583557,0.42473459243774414,0.25673264265060425,0.6085631847381592,0.23132532835006714,0,0.9292883276939392,0.15264594554901123,0.6962956130504607,0.47297321168074336,0.16927083745718027,0.38186249941367445,0.0780716362664372,0.0017408976641395324,0.0551724146857479,0.32669008472792654
ood_inverted,train_mixed,pre_softmax,6,8,24.0,0.29288979325540865,0.2492843891177539,0.5791369718631566,-0.0017864762180455447,0.4761834740638733,0.48032256960868835,0.44901242852211,0.5039850473403931,0.4090634286403656,0,0.968091607093811,0.18062080442905426,0.7318503662943839,0.25107030330299296,0.02791049954067897,0.18412236217429875,0.03484975903730014,0.001660124512376147,0.024892868679822943,0.15922949349447582
ood_inverted,train_mixed,pre_softmax,6,16,0.0,0.8799103806977268,0.9131328542613841,0.970458968047496,-0.0027794516645377634,0.28798186779022217,0.2654193639755249,0.22648726403713226,0.8855587244033813,0.20642495155334473,0,0.914923369884491,0.1258038431406021,0.6781875118613242,0.5884636176593022,0.33358777402617257,0.5120008645693633,0.1098009448343179,0.003388181969536033,0.07787711597488334,0.43412374859448
ood_inverted,train_mixed,pre_softmax,6,16,0.5,0.8753577591821868,0.9096121797037467,0.9643248375001318,-0.00178495475136163,0.28481772541999817,0.26176226139068604,0.2249370664358139,0.8739907145500183,0.20092535018920898,0,0.8868893980979919,0.12279042601585388,0.6576597064733505,0.6303235069487064,0.3375717913201457,0.5424979922601382,0.13987985055696883,0.002661575855216515,0.09871436814644313,0.44378362411369504
ood_inverted,train_mixed,pre_softmax,6,16,1.0,0.892541902896789,0.9126370185370584,0.9673308374942166,-0.002753289306127066,0.2821473181247711,0.26914384961128235,0.23375169932842255,0.8597075939178467,0.2126116156578064,0,0.9308948516845703,0.12796947360038757,0.6900172382593154,0.5654844997295698,0.3215158040564496,0.4922938910276337,0.08902750440190099,0.0030977146071086174,0.06324856746346327,0.42904532356417047
ood_inverted,train_mixed,pre_softmax,6,16,2.0,0.8996052421328551,0.9025402164667135,0.9578928124412897,-0.006160547971210787,0.300869882106781,0.2993125319480896,0.26994144916534424,0.7782166004180908,0.24759861826896667,0,0.9043712615966797,0.13167844712734222,0.6725634172558783,0.5961618620815605,0.28973879074843845,0.5042349406816239,0.11491054939145195,0.0038660579871814685,0.0815972019701708,0.4226377387114531
ood_inverted,train_mixed,pre_softmax,6,16,3.0,0.8679473208008006,0.9132703237157547,0.9403185129909524,-0.004521528492066307,0.3141575753688812,0.29667750000953674,0.2862456142902374,0.6489055752754211,0.26322779059410095,0,0.916287362575531,0.13594889640808105,0.6821858227252959,0.5774599956744488,0.2562088732625427,0.48108465895087693,0.09569836746356764,0.0027378357724679126,0.06781020795623771,0.4132744509946392
ood_inverted,train_mixed,pre_softmax,6,16,5.0,0.8674286907304848,0.8668213263126456,0.9750713275300121,-0.002673336752780465,0.26131752133369446,0.2614959478378296,0.2296951562166214,0.5161435604095459,0.22237181663513184,0,0.9111844897270203,0.14806251227855682,0.6822478964924812,0.5517610581126465,0.2285238389435495,0.4547898923619174,0.10729137399292787,0.0041383359194308,0.07634546257087875,0.37844442979103865
ood_inverted,train_mixed,pre_softmax,6,16,8.0,0.7514048532645317,0.6510836545347843,0.9830654028579432,-0.003107654992387878,0.23507758975028992,0.2625449001789093,0.17165039479732513,0.4408074915409088,0.16701380908489227,0,0.8914914727210999,0.15240445733070374,0.669765368103981,0.5048111702883067,0.20886223094078016,0.41602648848404866,0.12189717260010269,0.003188766972437459,0.08628465091180311,0.32974183757224557
ood_inverted,train_mixed,pre_softmax,6,16,12.0,0.6463146597413325,0.32568643053320523,0.9815400763731063,-0.0031996906362165792,0.3201591968536377,0.4088186025619507,0.22746340930461884,0.498876690864563,0.22235891222953796,0,0.960982620716095,0.17428067326545715,0.7249720364809036,0.49989410030881354,0.18273501701768366,0.40474637532147456,0.05154027401068373,0.0037555072778890737,0.03720484399084533,0.3675415313306292
ood_inverted,train_mixed,pre_softmax,6,16,16.0,0.806239325922053,0.8206052582390175,0.9841355294461164,-0.0016819400091736437,0.3044191896915436,0.2989998161792755,0.2373100072145462,0.6085631847381592,0.23132532835006714,0,0.9442545771598816,0.15264594554901123,0.7067719876766204,0.49158824118105693,0.17721828675649,0.3972772548536868,0.060656214419666954,0.0033470551740301057,0.0434634666459759,0.3538137882077109
ood_inverted,train_mixed,pre_softmax,6,16,24.0,0.49768998264072584,0.2338833314861567,0.3939019937262974,-0.021293289474138638,0.4567435085773468,0.481784462928772,0.46659523248672485,0.5039850473403931,0.4090634286403656,0,0.9195621013641357,0.18062080442905426,0.6978797122836112,0.36984731207142774,0.04553251348382647,0.27255287249514737,0.09042159576979492,0.0032553300211874718,0.06427171604521269,0.20828115644993467
ood_inverted,train_mixed,pre_softmax,7,8,0.0,0.8368980144252038,0.10391894975242676,0.9884186190556195,-0.0028624624091455,0.34651705622673035,0.8229122757911682,0.2480371743440628,0.8904537558555603,0.24050992727279663,0,0.8582698106765747,0.14363132417201996,0.6438782647252083,0.6891868766404017,0.3815990842762712,0.5969105389311625,0.1497094616394823,0.0018120343917830892,0.10534023346517253,0.49157030546599
ood_inverted,train_mixed,pre_softmax,7,8,0.5,0.9231454244898512,0.034904315605669714,0.9813187405970282,-0.002233722726943717,0.2846815288066864,0.8531934022903442,0.2474481463432312,0.8755336403846741,0.23549135029315948,0,0.9142131209373474,0.13871896266937256,0.6815648734569549,0.6503498117501125,0.3733518173318827,0.5672504134246436,0.09537555602789805,0.001577975064291985,0.06723628173881623,0.5000141316858273
ood_inverted,train_mixed,pre_softmax,7,8,1.0,0.8638498631711197,0.08301086440933954,0.9833600314453818,-0.0007725205714016331,0.3298841714859009,0.8119161128997803,0.25610747933387756,0.8631608486175537,0.24583519995212555,0,0.9273564219474792,0.13862968981266022,0.6907384023070334,0.6152431938759134,0.3558331677928645,0.5374201860509987,0.07962108529561052,0.002682518122226225,0.056539515143595225,0.4808806709074035
ood_inverted,train_mixed,pre_softmax,7,8,2.0,0.9445813810108099,0.10345467230595815,0.9499803193764134,-0.0022749308496572912,0.303538054227829,0.733544647693634,0.30077797174453735,0.7864334583282471,0.2752065658569336,0,0.8985486030578613,0.1397773176431656,0.6709172174334526,0.6394550547832554,0.33605070841056894,0.5484337508714494,0.11117067199333952,0.0017306986795702542,0.07833867999920872,0.4700950708722407
ood_inverted,train_mixed,pre_softmax,7,8,3.0,0.9687469712796546,0.34705197822551986,0.9831435727862073,-0.0013222046930358277,0.31397950649261475,0.5342066287994385,0.30887970328330994,0.6571451425552368,0.3029085397720337,0,0.9342625737190247,0.14325858652591705,0.6969613775610923,0.624549576406952,0.2698896656573407,0.5181516031820685,0.07878261254510399,0.0020221153560952554,0.055754463388401364,0.4623971397936672
ood_inverted,train_mixed,pre_softmax,7,8,5.0,0.8851974523155536,0.7853684189144354,0.9454262202952588,-0.00015776323778012003,0.2886864244937897,0.31505024433135986,0.2727806270122528,0.5224579572677612,0.25836825370788574,0,0.9068572521209717,0.15032437443733215,0.6798973888158798,0.5373055866742134,0.19999519736306112,0.43611246988086766,0.10146110480112824,0.001236234876565953,0.07139364382375955,0.3647188260571081
ood_inverted,train_mixed,pre_softmax,7,8,8.0,0.6504848992475581,0.7886202003281116,0.8872662204163003,-0.0008195870222825222,0.3099978566169739,0.28026193380355835,0.25902673602104187,0.4500255584716797,0.2347589135169983,0,0.9667670130729675,0.1551026552915573,0.7232677057385444,0.5015174015546449,0.17883870322437379,0.4047137920555635,0.028862813650564645,0.0024122247022710518,0.020927636966076565,0.38378615508948694
ood_inverted,train_mixed,pre_softmax,7,8,12.0,0.41194817774237064,0.04850568079908265,0.7946692938665145,0.0010872781851068167,0.40855225920677185,0.4758254289627075,0.3377106189727783,0.48480382561683655,0.2997039258480072,0,0.9300904273986816,0.16053259372711182,0.6992230772972107,0.5347391182391628,0.1476658714671533,0.41861714420755985,0.07958772066134312,0.001592295799701355,0.056189093202850586,0.36242805100470926
ood_inverted,train_mixed,pre_softmax,7,8,16.0,0.8803600101152881,0.6103396498659547,0.9193731571640235,-0.001690629574490182,0.2931557893753052,0.39710256457328796,0.27813732624053955,0.632058322429657,0.24709929525852203,0,0.889342725276947,0.16678135097026825,0.6725743129849434,0.4825554543837659,0.15036685394176977,0.38289887425116703,0.11206842143084339,0.001255455430137596,0.07882453163063165,0.3040743426205354
ood_inverted,train_mixed,pre_softmax,7,8,24.0,0.11899321500899923,0.08488835595938202,0.15741846030641773,-0.001213343878381638,0.5156924724578857,0.5194721221923828,0.511434018611908,0.5288798213005066,0.4180554449558258,0,0.9325618147850037,0.21849499642848969,0.7183417692780494,0.3910587349880419,0.05531071979574516,0.29033433043035284,0.07386327812737448,0.0019234506854966023,0.05228132989481111,0.23805300053554174
ood_inverted,train_mixed,pre_softmax,7,16,0.0,0.9946927105839852,0.8770965682365258,0.9882333930776336,-0.00227581030805609,0.24395936727523804,0.3203902542591095,0.2481575608253479,0.8904537558555603,0.24050992727279663,0,0.9687931537628174,0.14363132417201996,0.7212446048855781,0.5668631556545487,0.33229929418214205,0.4964939972128267,0.043893409405370676,0.003715047714980051,0.03183990089825349,0.4646540963145732
ood_inverted,train_mixed,pre_softmax,7,16,0.5,0.9747158670188106,0.8767729085733778,0.9876191405899413,-0.0021287696079048788,0.25167426466941833,0.31436190009117126,0.24341562390327454,0.8755336403846741,0.23549135029315948,0,0.8821428418159485,0.13871896266937256,0.6591156780719757,0.6408351725607667,0.3497142090749425,0.5534988835150194,0.13346008216556193,0.004120027286690255,0.09465806570190043,0.458840817813119
ood_inverted,train_mixed,pre_softmax,7,16,1.0,0.9630410797058793,0.9186027535033472,0.980675182110428,-0.0030438333975048725,0.2686508893966675,0.29608380794525146,0.25776490569114685,0.8631608486175537,0.24583519995212555,0,0.8638542294502258,0.13862968981266022,0.646286867558956,0.6617131569470769,0.3506824044118957,0.5684039311865224,0.1476158881667543,0.003454575638417073,0.10436749440825313,0.46403643677826933
ood_inverted,train_mixed,pre_softmax,7,16,2.0,0.9830203904318591,0.8835710981181686,0.9547508885428457,-0.0038175512920422656,0.28388699889183044,0.3347281515598297,0.2983391284942627,0.7864334583282471,0.2752065658569336,0,0.9223435521125793,0.1397773176431656,0.6875736817717552,0.5981488206426413,0.3129268073895505,0.512582216666714,0.09028684736284387,0.003701079028182521,0.06431111686244545,0.44827109980426855
ood_inverted,train_mixed,pre_softmax,7,16,3.0,0.9924624405024715,0.7219897211961964,0.9712810006353583,-0.004446497991621887,0.3055786192417145,0.4013899564743042,0.31308186054229736,0.6571451425552368,0.3029085397720337,0,0.9291479587554932,0.14325858652591705,0.6933811470866202,0.5871220239955841,0.2635393748396268,0.4900472292487969,0.08091379289082079,0.002618668852935746,0.05742525567945527,0.4326219735693416
ood_inverted,train_mixed,pre_softmax,7,16,5.0,1.0,0.8868036355511218,0.8773378412843146,-0.002739979551717678,0.25836825370788574,0.2882622480392456,0.2907620668411255,0.5224579572677612,0.25836825370788574,0,0.8991578221321106,0.15032437443733215,0.674507787823677,0.6028769246844989,0.24536053249280554,0.4956220070269909,0.10934863046254872,0.0041967272228250535,0.07780305949063163,0.4178189475363593
ood_inverted,train_mixed,pre_softmax,7,16,8.0,0.908315624069831,0.8099808255401036,1.0,-0.005309317956847082,0.2544955015182495,0.27566370368003845,0.2347589135169983,0.4500255584716797,0.2347589135169983,0,0.9658635258674622,0.1551026552915573,0.7226352646946906,0.5132665253353258,0.19656538112305869,0.41825618207164567,0.04424253418662216,0.0032930030385117533,0.03195767484218904,0.38629850722945663
ood_inverted,train_mixed,pre_softmax,7,16,12.0,0.8893334999215897,0.442371841088972,0.9817632551173562,-0.007676638025723073,0.3201882839202881,0.40292084217071533,0.3030795454978943,0.48480382561683655,0.2997039258480072,0,0.938228964805603,0.16053259372711182,0.7049200534820557,0.517242162283996,0.16501363036644764,0.4115736027087315,0.07731608781742172,0.0034730103912045643,0.05516316458955657,0.35641043811917494
ood_inverted,train_mixed,pre_softmax,7,16,16.0,0.8893268963271618,0.6072215306530349,0.9816705886697393,-0.0015059129262287305,0.289703905582428,0.39830291271209717,0.25415536761283875,0.632058322429657,0.24709929525852203,0,0.9409599900245667,0.16678135097026825,0.7087063983082771,0.4986266311676174,0.20063085938109113,0.4092278996316595,0.06368104528304197,0.0038090580642648466,0.04571944911740883,0.3635084505142507
ood_inverted,train_mixed,pre_softmax,7,16,24.0,0.295219581089799,0.11212405365496986,0.5675195480939449,-0.0056649605811142706,0.4961622953414917,0.516453742980957,0.4659848213195801,0.5288798213005066,0.4180554449558258,0,0.9461585283279419,0.21849499642848969,0.7278594687581061,0.40651289534814794,0.060369916063899895,0.3026700015628735,0.06648161076969195,0.0039058444480087663,0.04770888087318699,0.2549611206896865
ood_inverted,train_mixed,pre_softmax,8,8,0.0,0.80950505692852,0.8735740422137356,0.9917438627427627,-0.0008943333779240606,0.3355902433395386,0.292633980512619,0.2134047895669937,0.8783382177352905,0.20786930620670319,0,0.8251622319221497,0.11471391469240189,0.6120277367532253,0.650129043353955,0.3274994928649405,0.5533401782072507,0.18713844723960738,0.0022869174426754374,0.13168298830052777,0.4216571899067229
ood_inverted,train_mixed,pre_softmax,8,8,0.5,0.8810233798862145,0.8904252515919785,0.9927140652569787,-0.0008044722435868434,0.28989070653915405,0.28354886174201965,0.21455198526382446,0.8841674327850342,0.20963740348815918,0,0.8765057325363159,0.11304936558008194,0.6474688224494457,0.651503213398124,0.3808726461841865,0.5703140432339427,0.13437216349063763,0.0024990972913164857,0.09481024363084128,0.47550379960310146
ood_inverted,train_mixed,pre_softmax,8,8,1.0,0.8823831079280874,0.8944727159476774,0.9887500370746842,-0.0004473620950225943,0.3031982481479645,0.29538118839263916,0.23442210257053375,0.8737412691116333,0.22714795172214508,0,0.8668127655982971,0.11382210999727249,0.6409155689179897,0.5971441696557387,0.2977155410177723,0.5073155810643488,0.14887614836850172,0.001500601928580217,0.10466348443652526,0.40265209662782353
ood_inverted,train_mixed,pre_softmax,8,8,2.0,0.9350537787780094,0.825433828888049,0.9838803249828657,-0.0006683071631496809,0.2913825809955597,0.34919238090515137,0.26563313603401184,0.784497857093811,0.2571321725845337,0,0.9062921404838562,0.11520656943321228,0.668966469168663,0.5806659099372948,0.31937400274413713,0.5022783377793475,0.09704854592794121,0.0011701572021670212,0.06828502931020895,0.43399330846913853
ood_inverted,train_mixed,pre_softmax,8,8,3.0,0.9149716420117371,0.4452179710014933,0.9714841161039551,-0.0011355334638424059,0.3115557134151459,0.47762447595596313,0.2915772497653961,0.6350193023681641,0.28149622678756714,0,0.9078806042671204,0.12238945811986923,0.672233260422945,0.517385610146703,0.23747695474291822,0.43341301352556755,0.10921952881930097,0.001860787551734115,0.07701190643903091,0.3564011070865366
ood_inverted,train_mixed,pre_softmax,8,8,5.0,0.6646672033001547,0.640750363103062,0.9596632952766619,-0.0006003944077280494,0.3253205120563507,0.33289235830307007,0.2319275289773941,0.5357478857040405,0.21915730834007263,0,0.9129337072372437,0.14542178809642792,0.6826801314949988,0.4798970612218292,0.2108274838293195,0.3991761880040762,0.08525328780116637,0.0019275603679814663,0.060255569571210886,0.33892061843286536
ood_inverted,train_mixed,pre_softmax,8,8,8.0,0.4771105833894898,0.4720524977615087,0.9101752246578932,-0.001916247252262206,0.32856571674346924,0.3299403190612793,0.21087461709976196,0.45822688937187195,0.18646353483200073,0,0.9288753271102905,0.15848161280155182,0.6977572128176688,0.38611801739405516,0.12832380389978557,0.3087797533457743,0.0803878412807072,0.0018684528493131147,0.05683202475128896,0.25194772859448533
ood_inverted,train_mixed,pre_softmax,8,8,12.0,0.2031566877675949,0.22811450258132324,0.872578081613005,-0.001903493880605501,0.4225638806819916,0.41702374815940857,0.2739658057689667,0.4676605761051178,0.24568070471286774,0,0.9411829710006714,0.15029825270175934,0.7039175555109978,0.39595164140508887,0.114083503100581,0.3113911999137365,0.06110927404958977,0.0020331448841519194,0.043386435299958406,0.2680047646137781
ood_inverted,train_mixed,pre_softmax,8,8,16.0,0.1912641769603311,0.3998111826786702,0.9850674197295898,-0.00014104958066117268,0.5575032234191895,0.4786289632320404,0.25728005170822144,0.6298409700393677,0.251632422208786,0,0.8917750716209412,0.14240692555904388,0.666964627802372,0.513612310786773,0.2139258581642589,0.4237063750000188,0.11247447246953057,0.002090363891999813,0.07935923989627135,0.3443471351037474
ood_inverted,train_mixed,pre_softmax,8,8,24.0,-0.12848661238801856,0.32513016430532715,1.0,0.00025964998002465494,0.510448694229126,0.4875398278236389,0.4534570872783661,0.5039597749710083,0.4534570872783661,0,0.9195284843444824,0.18423734605312347,0.6989411428570748,0.3229144505295233,0.022470852084554856,0.23278137099603274,0.10307682447843403,0.0017632345418739678,0.072682747497466,0.16009862349856674
ood_inverted,train_mixed,pre_softmax,8,16,0.0,0.9143907152726782,0.9295451765816138,0.9918999488091931,-0.0008476609103882623,0.26526767015457153,0.2551070749759674,0.21330013871192932,0.8783382177352905,0.20786930620670319,0,0.9237829446792603,0.11471391469240189,0.6810622356832027,0.5874782430611838,0.3335778018872883,0.511308110709015,0.09295180452928853,0.0032024462915566307,0.06602699705796897,0.44528111365104606
ood_inverted,train_mixed,pre_softmax,8,16,0.5,0.8780570652173914,0.9485884004009637,0.9938359214176243,-0.000772926045106999,0.29189157485961914,0.24431607127189636,0.2137952595949173,0.8841674327850342,0.20963740348815918,0,0.9457464218139648,0.11304936558008194,0.6959373049437999,0.5576979422160935,0.35207857930852593,0.49601213334382316,0.0647398564730789,0.004071487777357833,0.04653934586436258,0.44947278747946057
ood_inverted,train_mixed,pre_softmax,8,16,1.0,0.8927657709830096,0.9835798614509543,0.9922320499358606,-0.0015938369303401308,0.29648488759994507,0.2377651035785675,0.23217065632343292,0.8737412691116333,0.22714795172214508,0,0.8956243991851807,0.11382210999727249,0.6610837124288081,0.5800072307163779,0.33070343469414176,0.5052160919097071,0.11921871479556534,0.003767355277317549,0.084583306940091,0.4206327849696161
ood_inverted,train_mixed,pre_softmax,8,16,2.0,0.9018405629106139,0.9413692419115959,0.9974402468068638,-0.0014005855514545656,0.30889809131622314,0.2880520224571228,0.25848209857940674,0.784497857093811,0.2571321725845337,0,0.9030431509017944,0.11520656943321228,0.6666921764612198,0.5649333813248799,0.3118018167299945,0.48899391194641423,0.11318814314306092,0.002979502275756232,0.0801255508828695,0.40886836106354474
ood_inverted,train_mixed,pre_softmax,8,16,3.0,0.8667047257244105,0.7249222871920087,1.0,-0.00160171758077251,0.32861918210983276,0.3787425458431244,0.28149622678756714,0.6350193023681641,0.28149622678756714,0,0.8912637233734131,0.12238945811986923,0.6606014437973499,0.539926888911114,0.25549820413685476,0.4545982834788362,0.12312186105689682,0.00359732501659784,0.08726450024480713,0.36733378323402904
ood_inverted,train_mixed,pre_softmax,8,16,5.0,0.8140319270881332,0.6124279006613658,1.0,-0.0027769888723702505,0.278033047914505,0.34185898303985596,0.21915730834007263,0.5357478857040405,0.21915730834007263,0,0.8679841160774231,0.14542178809642792,0.6512154176831244,0.5461626358660977,0.2471580905479055,0.45646127227064004,0.14503313870742207,0.0028463709855768094,0.10237710839086848,0.35408416387977154
ood_inverted,train_mixed,pre_softmax,8,16,8.0,0.830558737298995,0.4781249640169034,1.0,-0.002271444966012766,0.2325114607810974,0.32829004526138306,0.18646353483200073,0.45822688937187195,0.18646353483200073,0,0.9484680891036987,0.15848161280155182,0.7114721462130545,0.44564556975149505,0.18327781207669852,0.36693524244905606,0.06780794097314591,0.0035935120632556976,0.04854361230017885,0.3183916301488772
ood_inverted,train_mixed,pre_softmax,8,16,12.0,0.6775460824953411,0.24063677495669042,0.9415048865808044,-0.0034012635048144848,0.3172589838504791,0.41424405574798584,0.25866544246673584,0.4676605761051178,0.24568070471286774,0,0.955337643623352,0.15029825270175934,0.7138258263468742,0.41983054390036034,0.14627185785916344,0.33776293808800123,0.05137413876995023,0.0035197284290024865,0.037017815667665904,0.30074512242033535
ood_inverted,train_mixed,pre_softmax,8,16,16.0,0.8977661607557043,0.7386144029903141,0.9826399485665462,-0.0006245580873298628,0.29029813408851624,0.3504906892776489,0.2581981420516968,0.6298409700393677,0.251632422208786,0,0.9476435780525208,0.14240692555904388,0.7060725823044777,0.44514140261049073,0.1993693065283402,0.3714097737858455,0.0645434522857935,0.003526302874977445,0.046238307462548686,0.3251714663232968
ood_inverted,train_mixed,pre_softmax,8,16,24.0,0.04396110207253794,0.8218966368836337,-0.5,-0.022013597397363017,0.5017396211624146,0.4624517858028412,0.5415424704551697,0.5039597749710083,0.4534570872783661,0,0.9763912558555603,0.18423734605312347,0.7387450829148292,0.35052093366337045,0.04591939982249893,0.25914047351110897,0.031902091056612236,0.0039934141341919464,0.023529487979886146,0.23561098553122284
ood_inverted,train_mixed,pre_softmax,9,8,0.0,0.8802490781851254,0.6677864267997006,0.9652523394257445,-0.0005895180165686802,0.2746472954750061,0.42312777042388916,0.2152423858642578,0.8898133039474487,0.19095882773399353,0,0.8613167405128479,0.13722333312034607,0.6440887182950973,0.6600505791633546,0.38324017405775207,0.5770074576316738,0.14734062993404828,0.0017250179309803075,0.10365594633312789,0.4733515112985459
ood_inverted,train_mixed,pre_softmax,9,8,0.5,0.8869728422475115,0.6750106827125557,0.9580325276075146,-0.0003363715877498908,0.2669316530227661,0.4132256805896759,0.2178870141506195,0.8791108727455139,0.1889215111732483,0,0.8792599439620972,0.14436964690685272,0.6587928548455237,0.5983905852540916,0.3466865589558684,0.5228793773646246,0.13215507781081492,0.002101775313739619,0.09313908706169233,0.4297402903029323
ood_inverted,train_mixed,pre_softmax,9,8,1.0,0.6996522853724999,0.6627640267623667,0.9489760873112839,-0.0002001331040455842,0.40258824825286865,0.42736223340034485,0.2351435273885727,0.8724715113639832,0.20087610185146332,0,0.8934508562088013,0.14803896844387054,0.669827289879322,0.5848433111992022,0.33669849327883683,0.5103998658230926,0.11337858526511635,0.0016095689330005393,0.0798478803654816,0.430551985457611
ood_inverted,train_mixed,pre_softmax,9,8,2.0,0.6161162932466757,0.5403814011455911,0.927050287662721,-0.0006076904530117668,0.4475310742855072,0.49169275164604187,0.26622274518013,0.8067938685417175,0.2236851304769516,0,0.8938732147216797,0.15531237423419952,0.6723049625754356,0.5535444178788809,0.2917087136272698,0.4749937066033975,0.1105326736861888,0.0018665185300973013,0.07793282713936134,0.3970608794640362
ood_inverted,train_mixed,pre_softmax,9,8,3.0,0.7061822295633,0.43907428628701245,0.9082963926203136,-0.0010067136091424383,0.36714786291122437,0.47826194763183594,0.28307050466537476,0.6609122157096863,0.24492277204990387,0,0.7553390264511108,0.1593782603740692,0.5765507966279984,0.49836220784191576,0.1714458478754117,0.4002872998519645,0.26323033663224793,0.002000641731035835,0.1848614281618843,0.21542587169008018
ood_inverted,train_mixed,pre_softmax,9,8,5.0,0.6846214666013258,0.5317849780885073,0.9081417937159654,-0.0006873029501143124,0.3124861717224121,0.36158034205436707,0.24068692326545715,0.5324004292488098,0.2111802101135254,0,0.9382912516593933,0.1779506951570511,0.7101890847086907,0.4613458659487609,0.23980426236001995,0.3948833848721386,0.07074454473662839,0.0017755509052196626,0.05005384658720577,0.3448295382849328
ood_inverted,train_mixed,pre_softmax,9,8,8.0,0.5349439055900026,0.4394993584113431,0.9561278175684903,-0.000887811515534968,0.3003460466861725,0.32577869296073914,0.1881152093410492,0.4428899586200714,0.1764248013496399,0,0.9420972466468811,0.18319787085056305,0.7144274339079856,0.48060775086274454,0.20042199884804648,0.3965520252583351,0.0639829894904067,0.002298570304683186,0.045477663734689644,0.35107436152364546
ood_inverted,train_mixed,pre_softmax,9,8,12.0,0.3174314047496471,0.15467307385290407,0.8680498315613492,-0.00014249569037424234,0.39218029379844666,0.4354453384876251,0.24581278860569,0.47656112909317017,0.21073728799819946,0,0.9378626346588135,0.1853509098291397,0.7121091172099113,0.4446435988275683,0.13170344299568262,0.3507615520780026,0.0877242772012129,0.0022584188988594837,0.06208451971050687,0.2886770323674957
ood_inverted,train_mixed,pre_softmax,9,8,16.0,0.4683563745669068,0.522036175802025,0.9275621482678269,-0.000671576245233906,0.44856056571006775,0.42613518238067627,0.2567218244075775,0.64422208070755,0.2264600396156311,0,0.9443709254264832,0.17203493416309357,0.7126701280474663,0.4666964181997537,0.1736885371246537,0.37879405387722365,0.07489230765503696,0.0028154956941793853,0.05326926406677968,0.32552478981044397
ood_inverted,train_mixed,pre_softmax,9,8,24.0,0.14037327277510533,0.11609500299201629,0.38535602267662095,-0.004192230571999907,0.5165027976036072,0.5186260342597961,0.49507802724838257,0.5287790298461914,0.4413248300552368,0,0.9476379156112671,0.18975672125816345,0.7202735573053359,0.3090231251815828,0.031643998851858444,0.2258093872826655,0.06346618162456397,0.001882279676074708,0.04499101104001718,0.18081837624264832
ood_inverted,train_mixed,pre_softmax,9,16,0.0,0.9091985322604822,0.813579383756655,0.9989253577822966,-0.0020307326351996927,0.2544158399105072,0.321239709854126,0.19170984625816345,0.8898133039474487,0.19095882773399353,0,0.9085555076599121,0.13722333312034607,0.6771558552980422,0.5762982098722078,0.340744973702415,0.50563223902127,0.11311651236897657,0.003268283727996773,0.08016204377668262,0.42547019524458735
ood_inverted,train_mixed,pre_softmax,9,16,0.5,0.954145859701872,0.8084813310746204,0.9982717668256609,-0.0023242024495796695,0.22056955099105835,0.3211056590080261,0.1901143193244934,0.8791108727455139,0.1889215111732483,0,0.883270800113678,0.14436964690685272,0.6616004541516304,0.5794300569400823,0.34203020112154997,0.5082101001945226,0.1339460191455748,0.0031317847508424623,0.0947017488271551,0.4135083513673675
ood_inverted,train_mixed,pre_softmax,9,16,1.0,0.9438942596079144,0.8073059233075301,0.9975210342222061,-0.0015338804599644487,0.23855645954608917,0.3302885591983795,0.20254096388816833,0.8724715113639832,0.20087610185146332,0,0.8893203735351562,0.14803896844387054,0.6669359520077706,0.5911840822263128,0.3332498051442617,0.5138037991016975,0.12781698742545144,0.004465075418648764,0.09081141382341064,0.42299238527828686
ood_inverted,train_mixed,pre_softmax,9,16,2.0,0.9089749976777178,0.7558030668946315,0.9964689555914485,-0.0010307738483045679,0.27676260471343994,0.3660784959793091,0.2257441133260727,0.8067938685417175,0.2236851304769516,0,0.8815311193466187,0.15531237423419952,0.6636654958128929,0.5596146888599594,0.2871083981297661,0.47786280164090134,0.13370601735629573,0.0028160075376121897,0.09443901441069065,0.3834237872302107
ood_inverted,train_mixed,pre_softmax,9,16,3.0,0.8933478561252078,0.7559833172968651,0.9942999104582263,-0.0015544884636473546,0.2892889380455017,0.3464311361312866,0.24729394912719727,0.6609122157096863,0.24492277204990387,0,0.8913314938545227,0.1593782603740692,0.6717455238103867,0.5540034109102585,0.2591656046433841,0.4655520690301962,0.12152551809158818,0.003530074348884472,0.08612688496877706,0.3794251840614191
ood_inverted,train_mixed,pre_softmax,9,16,5.0,0.8505148555967966,0.7011840017991602,1.0,-0.002678700158706861,0.259197860956192,0.3071659505367279,0.2111802101135254,0.5324004292488098,0.2111802101135254,0,0.8878625631332397,0.1779506951570511,0.6748890027403831,0.5250125534282912,0.2446214688919145,0.4408952280673782,0.1259585429002279,0.003070857316618444,0.08909223722514506,0.3518029908422331
ood_inverted,train_mixed,pre_softmax,9,16,8.0,0.8379590758931212,0.45948384128238545,0.992209336515795,-0.002483814328168376,0.2196030616760254,0.3204535245895386,0.17850074172019958,0.4428899586200714,0.1764248013496399,0,0.9305506348609924,0.18319787085056305,0.7063448056578635,0.4836852084172837,0.19613354658336962,0.39741970986710945,0.08677040409197745,0.0037955156923114805,0.06187793757207765,0.3355417722950318
ood_inverted,train_mixed,pre_softmax,9,16,12.0,0.6986634330272498,0.15529754355816336,0.9925961100358224,-0.001051396211116951,0.2908397316932678,0.43527933955192566,0.21270541846752167,0.47656112909317017,0.21073728799819946,0,0.9405547976493835,0.1853509098291397,0.7139936313033104,0.4561484212526987,0.16063558007745485,0.36749456890012555,0.0753075884293204,0.0036682323027793723,0.05381578159135809,0.31367878730876747
ood_inverted,train_mixed,pre_softmax,9,16,16.0,0.7255144328255397,0.7632635238363197,0.9849594100858282,-0.0018081337913425305,0.34112969040870667,0.3253595530986786,0.23274342715740204,0.64422208070755,0.2264600396156311,0,0.9014901518821716,0.17203493416309357,0.6826535865664483,0.501773569713105,0.17480645683917176,0.40368343585092503,0.1246200879198881,0.0037103649777049503,0.08834717103723315,0.31533626481369187
ood_inverted,train_mixed,pre_softmax,9,16,24.0,0.3621764158234724,0.17050130926270993,0.6313880229383372,-0.007769700621167118,0.4971051812171936,0.513867974281311,0.47356149554252625,0.5287790298461914,0.4413248300552368,0,0.9650883078575134,0.18975672125816345,0.7324888318777084,0.3658535739487543,0.047985406164184445,0.27049312361338335,0.0486086577440763,0.003202710910125848,0.03498687369389116,0.23550624991949218
ood_inverted,train_mixed,pre_softmax,10,8,0.0,0.8044346342481665,0.871297957311998,0.9789778040250784,-0.0003497600584271602,0.36091530323028564,0.316043496131897,0.24377982318401337,0.9007693529129028,0.2296718806028366,0,0.8832578063011169,0.11267935484647751,0.652084270864725,0.5683754277673605,0.3098435905825014,0.49081587661190273,0.11917205016963117,0.0020705352910992845,0.0840415957060716,0.4067742809058311
ood_inverted,train_mixed,pre_softmax,10,8,0.5,0.8309381950558953,0.8593699770325298,0.9729748262965405,-0.0009476649374823424,0.33281174302101135,0.3134056031703949,0.23586450517177582,0.8999693989753723,0.21741844713687897,0,0.8822778463363647,0.11162771284580231,0.651082806289196,0.6005580539391405,0.3496698777000559,0.5252916010674151,0.12067328672901267,0.0023638365396122063,0.08518045167219253,0.4401111493952226
ood_inverted,train_mixed,pre_softmax,10,8,1.0,0.850218517728676,0.9122841479900214,0.9727753798671395,-0.0012775868508062664,0.3293386995792389,0.28777503967285156,0.24726571142673492,0.89870685338974,0.22903412580490112,0,0.9295341372489929,0.11161012202501297,0.6841569326817989,0.5707157103527514,0.3318581485538842,0.4990584418130912,0.07852177219129541,0.0015262857746276184,0.05542312626629507,0.44363531554679614
ood_inverted,train_mixed,pre_softmax,10,8,2.0,0.8267533246459731,0.6311205531539061,0.964387951068202,-0.0008475141297276533,0.3629918694496155,0.46574121713638306,0.29070404171943665,0.797215461730957,0.2720000445842743,0,0.9275858998298645,0.11465414613485336,0.6837063737213611,0.552237464387424,0.2927353889290154,0.4743868417499014,0.07940243801881353,0.0013419933270512631,0.05598430461128484,0.4184025371386166
ood_inverted,train_mixed,pre_softmax,10,8,3.0,0.7531942269895733,0.4107183783603718,0.9586042173290249,-0.0037404643725640428,0.3859769403934479,0.5085334181785583,0.31247007846832275,0.6555107831954956,0.29765641689300537,0,0.9218369126319885,0.11269328743219376,0.67909382507205,0.5441477157923642,0.24596890281915823,0.4546940719004024,0.08065922990376873,0.0017899896802384475,0.056998457836709635,0.39769561406369275
ood_inverted,train_mixed,pre_softmax,10,8,5.0,0.8267955886928015,0.5857586897670287,0.9377070752767707,-0.000282165001410825,0.30740058422088623,0.3749161660671234,0.276333749294281,0.5389899611473083,0.2588852047920227,0,0.8991665244102478,0.12173689901828766,0.6659376367926597,0.5045149445040831,0.20342193806852135,0.41418704257341454,0.10678070017496577,0.0011791159175415984,0.0751002248977385,0.33908681767567606
ood_inverted,train_mixed,pre_softmax,10,8,8.0,0.6251929774098257,0.6442119724348563,0.9227489069595042,-0.00022255352526008755,0.29388412833213806,0.2890247404575348,0.21785804629325867,0.45362207293510437,0.19812025129795074,0,0.8967134952545166,0.13986457884311676,0.6696588203310966,0.4613406491416847,0.15083510819033308,0.3681889868562792,0.1099736154157841,0.0018642504981671577,0.077540805940499,0.2906481809157802
ood_inverted,train_mixed,pre_softmax,10,8,12.0,0.531443338494453,0.22750982643780548,0.8959538478691876,0.0006226035246137034,0.37197813391685486,0.44013768434524536,0.29023370146751404,0.4911586046218872,0.26690050959587097,0,0.8591405749320984,0.15886357426643372,0.6490574747323989,0.4112108594304418,0.06974994760556892,0.3087725858829799,0.1526573016028212,0.0023588251407211567,0.10756775866419119,0.2012048272187887
ood_inverted,train_mixed,pre_softmax,10,8,16.0,0.6489255240724657,0.9054396172899278,0.990210127721663,-0.0025529513939374334,0.3968237340450287,0.3008691966533661,0.2691589891910553,0.6395680904388428,0.2654968798160553,0,0.9407082796096802,0.14776724576950073,0.7028259694576263,0.346653674448519,0.13829708325755496,0.2841466970912298,0.06410463855211701,0.002028237686071322,0.0454817182923033,0.2386649787989265
ood_inverted,train_mixed,pre_softmax,10,8,24.0,-0.2675934097785131,0.161116195153406,-0.5,-0.0008027720876307965,0.523272693157196,0.5075799822807312,0.5342162847518921,0.5134775638580322,0.4768730401992798,0,0.942052960395813,0.17444057762622833,0.7117692455649376,0.28999760175743483,0.032619513470439225,0.21278417527133614,0.061624763381775916,0.0023501700528773214,0.043842385383106336,0.1689417898882298
ood_inverted,train_mixed,pre_softmax,10,16,0.0,0.9065677687091267,1.0,0.9984909603167327,-0.004669891851711949,0.29237401485443115,0.2296718806028366,0.23068459331989288,0.9007693529129028,0.2296718806028366,0,0.9210527539253235,0.11267935484647751,0.6785407342016696,0.5479092056769349,0.3151442061979368,0.47807970583323545,0.08789284886283366,0.003321528981822774,0.0625214528985304,0.41555825293470505
ood_inverted,train_mixed,pre_softmax,10,16,0.5,0.8909296558542816,1.0,0.987877931551861,-0.003009526054225393,0.2918645143508911,0.21741844713687897,0.22569237649440765,0.8999693989753723,0.21741844713687897,0,0.9211512804031372,0.11162771284580231,0.6782942101359367,0.5645944895113548,0.3339847269016447,0.4954115607284418,0.09553790765031267,0.0029658742593826766,0.06776629763303367,0.4276452630954081
ood_inverted,train_mixed,pre_softmax,10,16,1.0,0.8927778515535577,1.0,0.9858763859512085,-0.0026947345335802233,0.3008378744125366,0.22903412580490112,0.23849232494831085,0.89870685338974,0.22903412580490112,0,0.9479755759239197,0.11161012202501297,0.6970659397542476,0.5591966850270373,0.3251663433665819,0.4889875825289007,0.06457071153595528,0.00269682478351935,0.0460085455102245,0.4429790370186762
ood_inverted,train_mixed,pre_softmax,10,16,2.0,0.8897810030524922,1.0,0.9825052111394542,-0.002089392426675927,0.3298887610435486,0.2720000445842743,0.28118857741355896,0.797215461730957,0.2720000445842743,0,0.9084672331809998,0.11465414613485336,0.6703233070671558,0.5891023612246067,0.29572291207184104,0.501088526478777,0.09546232127525844,0.0036186619149983722,0.06790922346718041,0.4331793030115966
ood_inverted,train_mixed,pre_softmax,10,16,3.0,0.8955608114860588,0.9523748292747927,0.9872927146140777,-0.002760751524034778,0.3350304365158081,0.31469929218292236,0.3022037744522095,0.6555107831954956,0.29765641689300537,0,0.9683380722999573,0.11269328743219376,0.7116446368396281,0.5462648795520356,0.2424076384130047,0.45510770721032634,0.04021246472895401,0.0032946900132475006,0.02913713231424206,0.42597057489608425
ood_inverted,train_mixed,pre_softmax,10,16,5.0,0.867835488015648,0.8013326444478397,0.9858919627235775,-0.003242343986799955,0.29590511322021484,0.3145328760147095,0.26283693313598633,0.5389899611473083,0.2588852047920227,0,0.9462557435035706,0.12173689901828766,0.6989000901579856,0.5418806118249155,0.22547295619207514,0.44695831513506334,0.06548058575034499,0.00436339755740937,0.0471454292924643,0.39981288584259905
ood_inverted,train_mixed,pre_softmax,10,16,8.0,0.8277913947953152,0.7706355553634846,0.985713999940629,-0.002500811101455072,0.24211986362934113,0.2567232847213745,0.2017703503370285,0.45362207293510437,0.19812025129795074,0,0.8887009024620056,0.13986457884311676,0.6640500053763388,0.529490336721818,0.19175882201410888,0.42817088230950523,0.11948262217331429,0.002911713609262686,0.0845113496040988,0.34365953270540645
ood_inverted,train_mixed,pre_softmax,10,16,12.0,0.7505029001895452,0.8604631877858611,0.9644735917100308,-0.0012099904144306872,0.3228522539138794,0.2981927692890167,0.27486759424209595,0.4911586046218872,0.26690050959587097,0,0.9593204259872437,0.15886357426643372,0.7191833704710007,0.45759518230741936,0.16057026290227805,0.3684877064858769,0.054698649402453836,0.0023886979247415554,0.03900566395914015,0.32948204252673674
ood_inverted,train_mixed,pre_softmax,10,16,16.0,0.8106916112952245,0.8818904651280813,0.9652462720926418,-0.004737348514115207,0.3363116979598999,0.30967825651168823,0.27849724888801575,0.6395680904388428,0.2654968798160553,0,0.9435304403305054,0.14776724576950073,0.7048014819622039,0.39993314009577585,0.16554214627277147,0.3296158419488745,0.06295871814941822,0.0036288654823359973,0.04515976234929355,0.28445607959958097
ood_inverted,train_mixed,pre_softmax,10,16,24.0,-0.18260866733320089,0.9636888110180062,-0.5,-0.032846893613972465,0.5201618671417236,0.4782021939754486,0.5428938269615173,0.5134775638580322,0.4768730401992798,0,0.9452329277992249,0.17444057762622833,0.7139952227473259,0.3495368059394708,0.04890993476085097,0.2593487445858848,0.06861299176183477,0.0029973628777111992,0.048928303096597694,0.21042044148928712
ood_inverted,train_mixed,pre_softmax,11,8,0.0,0.8424324145688923,0.8539701282085259,0.987975928612185,-0.0035002090882782525,0.29764324426651,0.2895665764808655,0.19575940072536469,0.8873655200004578,0.18734227120876312,0,0.9631349444389343,0.1349782645702362,0.7146879404783248,0.5933487991889479,0.3433747422376199,0.5183565821035494,0.04385901287519811,0.001162622776127444,0.031050095845476907,0.4873064862580725
ood_inverted,train_mixed,pre_softmax,11,8,0.5,0.8358875562633687,0.8829258508024285,0.9851598718327809,-0.0019985924431141244,0.29871436953544617,0.26628637313842773,0.19580668210983276,0.8749716281890869,0.1855759620666504,0,0.8963752388954163,0.13501161336898804,0.6679661512374877,0.653487147930927,0.3457082915244997,0.5611534910089988,0.11067702445781302,0.0019525160648890467,0.07805967193993582,0.483093819069063
ood_inverted,train_mixed,pre_softmax,11,8,1.0,0.8795888804835017,0.9023068463950227,0.9894996066242778,-0.0025312245920449646,0.28696325421333313,0.2719309628009796,0.21423622965812683,0.8689799904823303,0.2072882056236267,0,0.9267852902412415,0.135539248585701,0.6894114777445792,0.6272597076830233,0.3535024735631007,0.5451325374470465,0.07680274826837141,0.0015954618371749455,0.05424056233901247,0.490891975108034
ood_inverted,train_mixed,pre_softmax,11,8,2.0,0.863709609402128,0.7079021491163426,0.9755491102666337,-0.002257661308429069,0.30707848072052,0.39244145154953003,0.24580444395542145,0.7802831530570984,0.23240841925144196,0,0.9393393397331238,0.1336926519870758,0.6976453334093093,0.6109453760946271,0.316535314537514,0.5226223576274931,0.06885892695256857,0.0017997295920708098,0.048741167744419236,0.4738811898830739
ood_inverted,train_mixed,pre_softmax,11,8,3.0,0.8643092202395403,0.22821501376315162,0.9562492096033689,-0.004177582384249258,0.31959760189056396,0.5715823173522949,0.28317615389823914,0.6619882583618164,0.26584455370903015,0,0.9353711009025574,0.13860900700092316,0.6963424727320671,0.5859102055738297,0.2804112856925437,0.4942605296094439,0.06833254538582778,0.001957781245595497,0.048420116143758095,0.4458404134656858
ood_inverted,train_mixed,pre_softmax,11,8,5.0,0.7564447934691587,0.35831585254277387,0.881291500204792,-0.00244436547390205,0.28651896119117737,0.4147639870643616,0.24630342423915863,0.5301844477653503,0.20806512236595154,0,0.9206984043121338,0.15381932258605957,0.6906346797943115,0.5518567521259641,0.24733728634835453,0.4605009123926812,0.0966124552529034,0.001950531227981195,0.06821387804542674,0.3922870343472545
ood_inverted,train_mixed,pre_softmax,11,8,8.0,0.5921246669974839,0.6859029091745303,0.8497471668730913,-0.002199100876396728,0.2859727442264557,0.2599945366382599,0.21460682153701782,0.45000159740448,0.17298416793346405,0,0.8659138679504395,0.16766051948070526,0.6564378634095192,0.4818585806824698,0.1530074040775354,0.3832032277009894,0.14125152685270026,0.0018644173288500695,0.0994353939955452,0.28376783370544423
ood_inverted,train_mixed,pre_softmax,11,8,12.0,0.5014357270234794,0.4352709862311876,0.848577017432097,-0.0030210857807820165,0.3565022051334381,0.373343825340271,0.26814061403274536,0.48413801193237305,0.2295973002910614,0,0.9641718864440918,0.15776894986629486,0.7222510054707527,0.48106407816303387,0.146085896106723,0.3805706235461406,0.03847073909611598,0.0015471225513835423,0.027393654132696246,0.35317696941344434
ood_inverted,train_mixed,pre_softmax,11,8,16.0,0.8207910076424937,0.7137945563171151,0.883992419104571,-0.00019495843042755955,0.3216480016708374,0.36306142807006836,0.29718562960624695,0.6393386125564575,0.2522844076156616,0,0.9246014952659607,0.16014684736728668,0.6952651008963584,0.5294671333958391,0.20527451234889002,0.43220934708175435,0.07668390825662519,0.001845735291515903,0.0542324563670924,0.37797689071466195
ood_inverted,train_mixed,pre_softmax,11,8,24.0,0.17374464720802485,0.34779554612438757,0.600594281146122,-0.00645597411261951,0.5191299915313721,0.5014811754226685,0.4758473038673401,0.5367477536201477,0.43534743785858154,0,0.9275429248809814,0.21380169689655304,0.713420556485653,0.31727095449656073,0.045889999928593224,0.23585666812617045,0.08102022148792976,0.001724712349253281,0.05723156874632681,0.17862509937984364
ood_inverted,train_mixed,pre_softmax,11,16,0.0,0.9360302475011316,0.8944700115043788,0.9889360424021875,-0.0009331222973251282,0.23212258517742157,0.2612157166004181,0.19508729875087738,0.8873655200004578,0.18734227120876312,0,0.904577910900116,0.1349782645702362,0.673698017001152,0.6226339906459794,0.337008955014413,0.5369464799565095,0.11643818528774086,0.003024325596004302,0.08241402738021988,0.4545324525762896
ood_inverted,train_mixed,pre_softmax,11,16,0.5,0.9454362907590605,0.9515840634818531,0.9884597627211844,-0.0011101370033563488,0.22319194674491882,0.2189536988735199,0.19353175163269043,0.8749716281890869,0.1855759620666504,0,0.8903195858001709,0.13501161336898804,0.6637271940708159,0.6313510172962862,0.3406903682045131,0.5441528225687542,0.13042639419566737,0.0037523482465633353,0.09242418041093615,0.45172864215781805
ood_inverted,train_mixed,pre_softmax,11,16,1.0,0.9407371412439537,0.9855471579752582,0.9949044016824626,-0.0013154260753605914,0.24650195240974426,0.21685153245925903,0.210659921169281,0.8689799904823303,0.2072882056236267,0,0.9250671863555908,0.135539248585701,0.6882088050246238,0.5879738540653077,0.32672021972366183,0.509597763762814,0.09278197166156155,0.0038321426784024074,0.06609702296661381,0.44350074079620017
ood_inverted,train_mixed,pre_softmax,11,16,2.0,0.9361792101345842,1.0,0.9942850500299846,-0.0027416790012394455,0.2673742175102234,0.23240841925144196,0.2355394959449768,0.7802831530570984,0.23240841925144196,0,0.9308844804763794,0.1336926519870758,0.6917269319295883,0.5929350805904099,0.3054737967176162,0.5066966954285718,0.08399675389018757,0.004316229325445777,0.060092596520765026,0.4466040989078067
ood_inverted,train_mixed,pre_softmax,11,16,3.0,0.936564995109603,0.9241885029291601,0.9986496771796346,-0.0010199831076112271,0.2909739315509796,0.29587680101394653,0.2663794755935669,0.6619882583618164,0.26584455370903015,0,0.928073525428772,0.13860900700092316,0.6912341699004173,0.5861528157666469,0.2702655264841026,0.49138662898188357,0.0904355263645148,0.0036151543051625703,0.06438941474670913,0.42699721423517445
ood_inverted,train_mixed,pre_softmax,11,16,5.0,0.8301252038783069,0.6312357340696899,0.9896990164528371,-0.0032598324416148686,0.26278507709503174,0.3268512189388275,0.21138326823711395,0.5301844477653503,0.20806512236595154,0,0.9161127209663391,0.15381932258605957,0.6874247014522552,0.5849129928365768,0.27932024276786943,0.4932351678159646,0.10745630535510531,0.0031023088835083696,0.07615010641362623,0.41708506140233836
ood_inverted,train_mixed,pre_softmax,11,16,8.0,0.8237787128519808,0.6899026240799986,0.9829812550345408,-0.003002421958733911,0.2218005359172821,0.25888654589653015,0.17769865691661835,0.45000159740448,0.17298416793346405,0,0.9312893152236938,0.16766051948070526,0.7022006765007972,0.5207393864936285,0.18198330269532123,0.41911256135413627,0.08847544009263142,0.00250411662729246,0.06268404305302973,0.35642851830110656
ood_inverted,train_mixed,pre_softmax,11,16,12.0,0.6480406380119165,0.5503800564081195,0.9237752765523444,-0.0010661553741735863,0.3191852867603302,0.34404388070106506,0.24899959564208984,0.48413801193237305,0.2295973002910614,0,0.9178978204727173,0.15776894986629486,0.6898591592907906,0.531674774361752,0.15231139654484538,0.41786576101668005,0.10888728700160921,0.0038507700850071895,0.0773763319266286,0.3404894290900514
ood_inverted,train_mixed,pre_softmax,11,16,16.0,0.8703686593081409,0.8370517881045174,0.8931096516434719,-0.004856097271013162,0.3024587631225586,0.31535419821739197,0.29365676641464233,0.6393386125564575,0.2522844076156616,0,0.931397557258606,0.16014684736728668,0.7000223442912101,0.5089653252285724,0.19614055799795424,0.4151178950593869,0.08567857223297493,0.0035802058811023074,0.06104906232741313,0.35406883273197376
ood_inverted,train_mixed,pre_softmax,11,16,24.0,0.2897323383581734,0.3953339231078964,0.08692493306254648,-0.004400972246306316,0.507368803024292,0.4966607689857483,0.5279335379600525,0.5367477536201477,0.43534743785858154,0,0.9183239936828613,0.21380169689655304,0.7069673046469689,0.39497406335380947,0.05773409014113556,0.29380207139000725,0.09657238329525242,0.0027199907666814868,0.06841666553668113,0.22538540585332612
ood_inverted,train_mixed,pre_softmax,12,8,0.0,0.6991172755197094,0.970256554339492,0.988344005863929,-0.0009756946561298813,0.3944154977798462,0.1990460902452469,0.18601317703723907,0.8981644511222839,0.17761445045471191,0,0.8922688961029053,0.12411317229270935,0.6618221789598465,0.4876350193045492,0.31264819338810373,0.43513897152961556,0.1138495884182793,0.0017180929945987858,0.08021013979117514,0.3549288317384404
ood_inverted,train_mixed,pre_softmax,12,8,0.5,0.7495608608247791,0.9912606412245512,0.9965166816677445,-0.0008120318661015493,0.36375391483306885,0.1933140903711319,0.1896076798439026,0.8923229575157166,0.18715134263038635,0,0.8014965653419495,0.12234703451395035,0.5977517060935497,0.5408893611528924,0.3082904070235589,0.47110967491409234,0.2113906380785766,0.0025656798643553967,0.14874315061431023,0.3223665242997821
ood_inverted,train_mixed,pre_softmax,12,8,1.0,0.7399872854966716,0.9998693526338901,0.9994976179607908,-0.0009878131326007792,0.3685499429702759,0.18898355960845947,0.18924041092395782,0.8798466324806213,0.18889328837394714,0,0.875191867351532,0.12230483442544937,0.6493257574737071,0.5527318571811044,0.3178746322572193,0.48227468970393883,0.13308619188258608,0.001817266293562924,0.09370551420587912,0.3885691754980597
ood_inverted,train_mixed,pre_softmax,12,8,2.0,0.798917126652267,0.9940359867549392,0.9986870630191936,-0.00023474115080067754,0.3529926836490631,0.23874446749687195,0.23602111637592316,0.8207837343215942,0.23525235056877136,0,0.838452160358429,0.12559518218040466,0.6245950669050216,0.5301408181030438,0.26470139122121183,0.4505089900384942,0.163786986870757,0.0012320454427439099,0.11502050444235305,0.33548848559614114
ood_inverted,train_mixed,pre_softmax,12,8,3.0,0.8172647110005428,0.9361250320514984,0.9564102376860588,-0.0013090651764551243,0.3432914912700653,0.2918723225593567,0.28309690952301025,0.6968415379524231,0.2642399072647095,0,0.8487032055854797,0.12721215188503265,0.6322558894753455,0.4741936578988162,0.154795973688629,0.37837435263575997,0.16131599747071046,0.0015962113857400484,0.11340006164521932,0.26497429099054065
ood_inverted,train_mixed,pre_softmax,12,8,5.0,0.7077833102693755,0.6801962856828387,0.9095129268614323,-9.898223211075292e-05,0.30260521173477173,0.31184160709381104,0.23506423830986023,0.5395777225494385,0.2047683149576187,0,0.8410438895225525,0.13107268512248993,0.6280525282025338,0.5052189268216147,0.19873631053330812,0.4132741419351227,0.17893017393432786,0.001719373196685534,0.12576693371303516,0.28750720822208753
ood_inverted,train_mixed,pre_softmax,12,8,8.0,0.35289684164992,0.5388224627585146,0.9730247596256443,-0.0020907838321416994,0.33053505420684814,0.2787340581417084,0.157760351896286,0.42885613441467285,0.15024474263191223,0,0.8960620760917664,0.14410749077796936,0.6704757004976272,0.3539609306459284,0.13627675366876826,0.2886556775527803,0.10906761081103888,0.00177368852243157,0.07687943412445669,0.21177624342832363
ood_inverted,train_mixed,pre_softmax,12,8,12.0,0.32921912027775757,0.3403498989900299,0.950453466270262,-0.0017490791712652081,0.4000677466392517,0.39699608087539673,0.22863101959228516,0.4909195303916931,0.2149580866098404,0,0.9134461879730225,0.14900349080562592,0.6841133788228034,0.38939256706648306,0.13419838081281513,0.3128343111903827,0.09470660084359206,0.0021700683384616743,0.06694564109205295,0.24588867009832974
ood_inverted,train_mixed,pre_softmax,12,8,16.0,0.4812586161255434,0.6332090903356901,0.8638462993488091,-9.923932233582249e-05,0.44759729504585266,0.38179612159729004,0.2819201648235321,0.6560032367706299,0.22295968234539032,0,0.9083714485168457,0.14542478322982788,0.6794874489307403,0.4643351537309577,0.15150567193104722,0.3704863091909845,0.10868408949961483,0.001332082640505169,0.07647848744188193,0.29400782174910256
ood_inverted,train_mixed,pre_softmax,12,8,24.0,0.23861236893356086,0.10929509017129833,0.6131759832620847,-0.0028097509210074103,0.4911426901817322,0.5039263367652893,0.45411524176597595,0.51473069190979,0.41587579250335693,0,0.8136929273605347,0.14282424747943878,0.6124323233962058,0.4035287383817019,0.05799812657803942,0.2998695548406031,0.20208454218528948,0.001861522412578482,0.1420176362534762,0.15785191858712694
ood_inverted,train_mixed,pre_softmax,12,16,0.0,0.9066943903471827,0.9898017366951274,0.9851221247924633,-0.000611887526188447,0.24484580755233765,0.18496280908584595,0.18833470344543457,0.8981644511222839,0.17761445045471191,0,0.9072476029396057,0.12411317229270935,0.6723072737455368,0.50177855720998,0.30404631218112005,0.44245888370132197,0.10691249621307708,0.003362946472183235,0.07584763129080892,0.36661125241051307
ood_inverted,train_mixed,pre_softmax,12,16,0.5,0.8352811490229775,0.9975912059831205,0.9899797702043641,-0.0012737075247511447,0.3033064007759094,0.18884995579719543,0.19421732425689697,0.8923229575157166,0.18715134263038635,0,0.9184182286262512,0.12234703451395035,0.6795968703925609,0.4898088656795676,0.29745178272987216,0.4321017407946589,0.09410787190838832,0.0032094749697643265,0.06683835282680112,0.3652633879678578
ood_inverted,train_mixed,pre_softmax,12,16,1.0,0.9250709750766318,0.9981138945695165,0.9936602815659931,-0.0003105516790990137,0.2406657487154007,0.19019649922847748,0.19327373802661896,0.8798466324806213,0.18889328837394714,0,0.9300726056098938,0.12230483442544937,0.6877422742545604,0.49949187588410815,0.2974142581196597,0.43886859055477356,0.08200072324427377,0.0032916811812234658,0.05838801062535867,0.38048057992941486
ood_inverted,train_mixed,pre_softmax,12,16,2.0,0.9092116713178023,0.9931989452121178,0.998853728218304,-0.0034798899566874076,0.2884117662906647,0.2392345815896988,0.23592352867126465,0.8207837343215942,0.23525235056877136,0,0.9432410001754761,0.12559518218040466,0.6979472547769546,0.44858823590342045,0.24426508125000848,0.3872912895073969,0.07574631617167149,0.003764472853468865,0.054151763176210704,0.33313952633118615
ood_inverted,train_mixed,pre_softmax,12,16,3.0,0.8677696745221141,0.9548887129261816,0.9959902731538578,-0.004095151581370298,0.32144296169281006,0.2837551236152649,0.2659745216369629,0.6968415379524231,0.2642399072647095,0,0.9173884987831116,0.12721215188503265,0.6803355947136879,0.5132319998181651,0.24085501217076546,0.43151890352394523,0.09351530568484057,0.00333057702908628,0.06645988708811428,0.36505901643583094
ood_inverted,train_mixed,pre_softmax,12,16,5.0,0.8513197415833837,0.8536994097427801,0.9776948168603948,-0.004382812180457961,0.2545478641986847,0.25375112891197205,0.21223630011081696,0.5395777225494385,0.2047683149576187,0,0.9171952605247498,0.13107268512248993,0.6813584879040718,0.496628278755917,0.23690133284310022,0.4187101949820719,0.09907516082193346,0.00303501570807429,0.07026311728777569,0.3484470776942962
ood_inverted,train_mixed,pre_softmax,12,16,8.0,0.8051143122635821,0.6762887720543946,1.0,-0.0032436779354274472,0.2045421153306961,0.24043437838554382,0.15024474263191223,0.42885613441467285,0.15024474263191223,0,0.8909506797790527,0.14410749077796936,0.6668977230787276,0.46578607103307423,0.1866070200551112,0.3820323557396853,0.1360750783719309,0.003411136546343809,0.09627589582425476,0.2857564599154305
ood_inverted,train_mixed,pre_softmax,12,16,12.0,0.5929154841942197,0.6238694121680336,0.9988502903891523,-0.010960147377955263,0.32729771733283997,0.3187556266784668,0.2152753621339798,0.4909195303916931,0.2149580866098404,0,0.9593244791030884,0.14900349080562592,0.7162281826138496,0.4502697962722316,0.17671631729824366,0.36820375258003524,0.056507046976276176,0.0034195376737646173,0.040580794185522705,0.32762295839451255
ood_inverted,train_mixed,pre_softmax,12,16,16.0,0.6853107668711751,0.8697243366303797,0.9520637942296739,-0.00014287159026988037,0.3592338263988495,0.27937471866607666,0.24371814727783203,0.6560032367706299,0.22295968234539032,0,0.923493504524231,0.14542478322982788,0.6900728881359101,0.4484447163812755,0.1735700235611239,0.36598230853523,0.10315648110955877,0.0041586461371777485,0.07345713061784445,0.2925251779173855
ood_inverted,train_mixed,pre_softmax,12,16,24.0,0.4340353690963576,0.21765651096466104,0.8629221409578477,-0.012277285032951264,0.47182416915893555,0.49321427941322327,0.4294266104698181,0.51473069190979,0.41587579250335693,0,0.9308062791824341,0.14282424747943878,0.6944116696715354,0.3714595634319411,0.06737857741190187,0.28023526762592926,0.09337273206727525,0.0035292709838811555,0.06641969374225702,0.21381557388367223
ood_inverted,train_mixed,pre_softmax,13,8,0.0,0.8294374861796996,0.7610296442351715,0.9695208825336721,-0.0005697944345808766,0.30460861325263977,0.3536483943462372,0.20418651401996613,0.899210512638092,0.18233683705329895,0,0.8493263721466064,0.1514734923839569,0.6399705082178115,0.6424985171004739,0.34967202300355,0.5546505688713967,0.15401229558141893,0.0022229030968704913,0.1084754778360544,0.44617509103534236
ood_inverted,train_mixed,pre_softmax,13,8,0.5,0.8347804452650929,0.9087371117095451,0.9622031274378096,-0.0009346683136645238,0.3006926476955414,0.2475118339061737,0.20906545221805573,0.9009671807289124,0.1818864494562149,0,0.8858069777488708,0.15385225415229797,0.666220560669899,0.5896144825632135,0.32134757640437284,0.5091344107155612,0.11440566565606902,0.0015902277939477342,0.08056103429743264,0.42857337641812854
ood_inverted,train_mixed,pre_softmax,13,8,1.0,0.8406566728039749,0.8849630861779668,0.9578481634807036,-0.0008978714537455586,0.2947828471660614,0.26414674520492554,0.21374964714050293,0.8760631084442139,0.18460334837436676,0,0.9176502227783203,0.1522134393453598,0.6880191877484321,0.5698167570366914,0.3184680894509256,0.4944121567609617,0.08464831016298124,0.0015709507415862837,0.05972510233656275,0.4346870544243989
ood_inverted,train_mixed,pre_softmax,13,8,2.0,0.84183085973613,0.2074437257033021,0.9389302489830282,-0.0030149157567773387,0.3028941750526428,0.6701928377151489,0.24667538702487946,0.7902989983558655,0.21131710708141327,0,0.8713192939758301,0.15341785550117493,0.6559488624334334,0.6031533294682105,0.2969648489675184,0.5112967853180028,0.12807805708946118,0.001599230614575424,0.09013440914699546,0.4211623761710074
ood_inverted,train_mixed,pre_softmax,13,8,3.0,0.7619181652885277,0.08856642289518865,0.9314700483842587,-0.00113463257157646,0.32988229393959045,0.6326716542243958,0.2536390721797943,0.6724977493286133,0.2228228747844696,0,0.8928266167640686,0.15404734015464783,0.6711928337812424,0.5499195682104205,0.24720676792233434,0.45910572812399464,0.11298961783641492,0.0019148195065396471,0.07966717833745234,0.3794385497865423
ood_inverted,train_mixed,pre_softmax,13,8,5.0,0.740633124266946,0.31288358419021634,0.9231372427590068,-0.0014297617232720175,0.28479546308517456,0.4218897521495819,0.22630265355110168,0.5221693515777588,0.20166803896427155,0,0.8733468651771545,0.16634976863861084,0.6612477362155914,0.5992247871021017,0.20710347086426148,0.4815883922307496,0.13972070927737046,0.0014498351684102569,0.09823944704468239,0.3833489451860672
ood_inverted,train_mixed,pre_softmax,13,8,8.0,0.6792908699837503,0.33852253247789477,0.9209801795185498,-0.0020958773535856524,0.2670718729496002,0.36176854372024536,0.19990843534469604,0.4558411240577698,0.17794948816299438,0,0.9297820925712585,0.17302413284778595,0.7027547046542167,0.5227033710389314,0.170427384874081,0.4170205751894762,0.07692898353410471,0.0018285273280855964,0.054398846672298974,0.3626217285171772
ood_inverted,train_mixed,pre_softmax,13,8,12.0,0.6044866262381375,0.08548130675316669,0.9606124651411998,-0.0004467341383256091,0.34991133213043213,0.4801654815673828,0.2605348527431488,0.5016186237335205,0.2506498098373413,0,0.9124438166618347,0.16012075543403625,0.6867468982934951,0.551677746850191,0.13690926147726964,0.4272472012383146,0.10086638879444465,0.001528061239191862,0.07106489052786881,0.3561823107104458
ood_inverted,train_mixed,pre_softmax,13,8,16.0,0.7246419265676334,0.6638748093318941,0.784021571837525,-1.5991759610673888e-05,0.3724154829978943,0.396650105714798,0.34873420000076294,0.6614109873771667,0.26259952783584595,0,0.9475213885307312,0.15115921199321747,0.708612735569477,0.5358960455315169,0.1987205866874254,0.4347434078782894,0.061968786011051824,0.001703829857729175,0.04388929916505503,0.3908541087132344
ood_inverted,train_mixed,pre_softmax,13,8,24.0,0.1470848448126275,0.13452629377838132,0.69738875074211,-0.008370329292056014,0.5133324265480042,0.5145567059516907,0.45968565344810486,0.5276710987091064,0.43018537759780884,0,0.9579096436500549,0.19223806262016296,0.7282081693410872,0.3830582740525549,0.0349831570709656,0.2786357389580781,0.04721622887514065,0.0021261887611623608,0.03368921684094716,0.24494652211713092
ood_inverted,train_mixed,pre_softmax,13,16,0.0,0.9257480859234709,0.9187657552463928,1.0,-0.0017682501444960606,0.23556607961654663,0.240571528673172,0.18233683705329895,0.899210512638092,0.18233683705329895,0,0.867856502532959,0.1514734923839569,0.6529415994882584,0.6395531923834039,0.33234364442846154,0.5473903279969212,0.14551288431200382,0.0038561281539425405,0.10301585746458543,0.4443744705323358
ood_inverted,train_mixed,pre_softmax,13,16,0.5,0.9519318471297586,0.9348959919361234,1.0,-0.0019526411373709813,0.21645133197307587,0.22870148718357086,0.1818864494562149,0.9009671807289124,0.1818864494562149,0,0.9142990112304688,0.15385225415229797,0.6861649841070174,0.5869446238912193,0.3298240791980909,0.5098084604832807,0.09082360521618671,0.004409521381229114,0.06489938006569942,0.44490908041758126
ood_inverted,train_mixed,pre_softmax,13,16,1.0,0.9383971912725878,0.9310770951212095,0.9971958326299856,-0.0008979576549219934,0.22719921171665192,0.23226076364517212,0.1865423172712326,0.8760631084442139,0.18460334837436676,0,0.9302459955215454,0.1522134393453598,0.6968362286686897,0.5625200347766475,0.31298672257413207,0.48766004111589284,0.08039793092955783,0.0030443404801456706,0.057191853794734175,0.43046818732115866
ood_inverted,train_mixed,pre_softmax,13,16,2.0,0.9448237010098387,0.9185681147333675,1.0,-0.0006148015058210157,0.24326318502426147,0.2584646940231323,0.21131710708141327,0.7902989983558655,0.21131710708141327,0,0.9051612019538879,0.15341785550117493,0.679638198018074,0.5646779440926859,0.2934158470912581,0.48329931499225753,0.09986688295518042,0.0038486747705792374,0.07106142049980006,0.41223789449245746
ood_inverted,train_mixed,pre_softmax,13,16,3.0,0.9167324835297677,0.9056950668336362,1.0,-0.002911737581754684,0.26026618480682373,0.2652294337749481,0.2228228747844696,0.6724977493286133,0.2228228747844696,0,0.9297122359275818,0.15404734015464783,0.6970127671957016,0.5260901107272722,0.24147605295411312,0.4407058933953244,0.08749384911283187,0.0031246817389238026,0.06218309890065944,0.37852279449466497
ood_inverted,train_mixed,pre_softmax,13,16,5.0,0.8895132938038064,0.6835194622548624,1.0,-0.00244517522601203,0.2370791733264923,0.30310046672821045,0.20166803896427155,0.5221693515777588,0.20166803896427155,0,0.8836740255355835,0.16634976863861084,0.6684767484664917,0.5797092277780954,0.23517305630808144,0.47634837633709115,0.1299803571906547,0.0029601111360521588,0.09187428337427393,0.3844740929628172
ood_inverted,train_mixed,pre_softmax,13,16,8.0,0.7933245400073098,0.37181012249884604,0.9837355820625586,-0.0009690604189223739,0.23538286983966827,0.3525182008743286,0.1824692338705063,0.4558411240577698,0.17794948816299438,0,0.9331254959106445,0.17302413284778595,0.7050950869917869,0.5316380560657927,0.19547118050347453,0.4307879933970973,0.07947842568671981,0.0037184312190235384,0.05675042734641092,0.3740375660506864
ood_inverted,train_mixed,pre_softmax,13,16,12.0,0.7419800416001869,0.2850549737113228,0.9696634032828902,-0.002567830677074155,0.3154047727584839,0.4300787150859833,0.25826334953308105,0.5016186237335205,0.2506498098373413,0,0.910348653793335,0.16012075543403625,0.6852802842855453,0.5410776678236997,0.1723325624617981,0.4304541362151292,0.10402765922750434,0.0032830571095896583,0.07380427859212993,0.3566498576229993
ood_inverted,train_mixed,pre_softmax,13,16,16.0,0.9111393964321338,0.647079351709011,0.9879261467660926,-0.0004906630542228259,0.29803815484046936,0.40334832668304443,0.26741471886634827,0.6614109873771667,0.26259952783584595,0,0.916524350643158,0.15115921199321747,0.6869148090481757,0.5294945502967641,0.1941167062841939,0.428881197092993,0.09156295863224595,0.003410086607822396,0.06511709702491887,0.36376410006807414
ood_inverted,train_mixed,pre_softmax,13,16,24.0,0.44171187602374506,0.05482779683028041,0.6464914624475478,-0.003238076254983831,0.48461049795150757,0.5223261713981628,0.46464741230010986,0.5276710987091064,0.43018537759780884,0,0.9444166421890259,0.19223806262016296,0.7187630683183669,0.3887432179043754,0.04557063987457781,0.2857914444954361,0.07139971264509026,0.0031916534571371025,0.05093729488870431,0.2348541496067318
ood_inverted,train_mixed,pre_softmax,14,8,0.0,0.7958224515145661,0.9656547475387183,0.9831993565658492,-0.001158066249109342,0.3192182779312134,0.19622200727462769,0.18351581692695618,0.8955703377723694,0.1713484227657318,0,0.917111337184906,0.10877251625061035,0.6746096909046173,0.5662668631402322,0.32564630867740246,0.4940806968013833,0.08544418854362401,0.0022449158011306146,0.06048440672087599,0.43359629008050726
ood_inverted,train_mixed,pre_softmax,14,8,0.5,0.8177739715874998,0.956058828111392,0.9865136256517189,-0.0015001248819381844,0.2998718023300171,0.20096001029014587,0.1791764348745346,0.8848056197166443,0.1695299595594406,0,0.9140154123306274,0.10967232286930084,0.6727124854922294,0.6001954285197963,0.3343107839668327,0.5204300351539073,0.0841171130820163,0.002465686381479035,0.05962168507185512,0.4608083500820522
ood_inverted,train_mixed,pre_softmax,14,8,1.0,0.79110119002756,0.948284562088529,0.9886811618890219,-0.0015655380133034501,0.31873175501823425,0.21012026071548462,0.18220677971839905,0.8653715252876282,0.17438562214374542,0,0.9363334774971008,0.109670490026474,0.6883345812559127,0.5804714262229442,0.315160387424504,0.5008781145834121,0.06360193326364505,0.0023023089676406476,0.045212045974843726,0.4556660686085684
ood_inverted,train_mixed,pre_softmax,14,8,2.0,0.7754145904631885,0.9264934553474308,0.9781896526422464,-0.0011348644140069376,0.3461393415927887,0.2612282931804657,0.23217341303825378,0.78194659948349,0.21991531550884247,0,0.9058228135108948,0.11481436342000961,0.6685202784836293,0.5780074881115831,0.31192639683701484,0.4981831607292126,0.09209252187802763,0.0016315935269620812,0.06495424337270796,0.43322891735650465
ood_inverted,train_mixed,pre_softmax,14,8,3.0,0.7513180234180856,0.8683117421587465,0.9569209534160125,-0.0014983841395284972,0.34665045142173767,0.2980867326259613,0.2613053321838379,0.6585201621055603,0.24342335760593414,0,0.9412359595298767,0.12101353704929352,0.6951692327857016,0.506403371338107,0.2373209035840792,0.4256786310118986,0.06054534293741065,0.0021462652230801477,0.043025619623111494,0.38265301138878716
ood_inverted,train_mixed,pre_softmax,14,8,5.0,0.684910531017607,0.7556723880106484,0.9463654813159365,-0.0006602987179448875,0.3040342330932617,0.2814476191997528,0.22057992219924927,0.5226521492004395,0.2034602165222168,0,0.8974208831787109,0.12047719955444336,0.6643377780914306,0.5006937766396629,0.20141268325665548,0.4109094486247606,0.10908790476384067,0.0021492831354308697,0.07700631827531773,0.33390313034944286
ood_inverted,train_mixed,pre_softmax,14,8,8.0,0.4925016769096894,0.4586104206045309,0.944148364886763,-0.0010177864440685277,0.29781392216682434,0.30701136589050293,0.17524558305740356,0.43146952986717224,0.16008850932121277,0,0.9381930232048035,0.1279948353767395,0.6951335668563842,0.42709890335489953,0.1614751064033356,0.3474117642694303,0.06368551683196433,0.0016132561780682897,0.04506383863579551,0.30234792563363483
ood_inverted,train_mixed,pre_softmax,14,8,12.0,0.5100040749933348,0.21741272136005088,0.9436236343816395,-6.832200180152697e-06,0.3609027862548828,0.44513824582099915,0.236066073179245,0.5077301859855652,0.21983562409877777,0,0.941951334476471,0.12825100123882294,0.6978412345051765,0.4282373138485107,0.15279083009183647,0.34560336872150843,0.06315219863163879,0.0016539034887904228,0.04470271008878428,0.30090065863272414
ood_inverted,train_mixed,pre_softmax,14,8,16.0,0.7107121792101043,0.6309211972002453,0.9352912890062045,0.0008330876797364482,0.34748831391334534,0.38044509291648865,0.25472840666770935,0.6410400867462158,0.2280011922121048,0,0.9249761700630188,0.12700624763965607,0.68558519333601,0.42671526738837484,0.1681176625556268,0.34913598593855044,0.07923590148522808,0.002085752791663395,0.05609085687715867,0.2930451290613918
ood_inverted,train_mixed,pre_softmax,14,8,24.0,0.211439793830367,0.06085632973701276,0.36514217842274854,-0.0009508801521408243,0.501104474067688,0.5117895603179932,0.4901980757713318,0.5161077976226807,0.44514989852905273,0,0.9195599555969238,0.14251387119293213,0.6864461302757263,0.36585949301832144,0.0268725557475881,0.26416341183710146,0.09429338386111896,0.0016311193500045556,0.06649470450778464,0.19766870732931682
ood_inverted,train_mixed,pre_softmax,14,16,0.0,0.9246268906999363,0.9660991351950374,0.994014675615323,-9.686901962914474e-05,0.22593528032302856,0.19590017199516296,0.1756831258535385,0.8955703377723694,0.1713484227657318,0,0.9189364910125732,0.10877251625061035,0.6758872985839843,0.5681541004275877,0.3197700292214372,0.49363887906574255,0.08931204969775353,0.004781192525439666,0.06395279254605936,0.4296860865196832
ood_inverted,train_mixed,pre_softmax,14,16,0.5,0.933365251888713,0.9549497340042841,0.9942643055963212,-4.108218902319325e-05,0.2171921730041504,0.20175331830978394,0.17363256216049194,0.8848056197166443,0.1695299595594406,0,0.9337314963340759,0.10967232286930084,0.6865137442946434,0.5476409557372517,0.3094375500115784,0.4761799340195497,0.07665834016919693,0.0027617484510588292,0.054489362653755494,0.42169057136579424
ood_inverted,train_mixed,pre_softmax,14,16,1.0,0.9238244431429204,0.9500777841387553,0.9952529452551869,-0.00027887951936801225,0.22702185809612274,0.2088811695575714,0.17766577005386353,0.8653715252876282,0.17438562214374542,0,0.9117294549942017,0.109670490026474,0.6711117655038833,0.562868256648982,0.3078870725316675,0.4863739014137876,0.09613339757892514,0.0033630452016401094,0.06830229186573962,0.418071609548048
ood_inverted,train_mixed,pre_softmax,14,16,2.0,0.9143825611395476,0.9386416799238524,0.9915476940132562,-0.002304301839785323,0.26803499460220337,0.2544006109237671,0.2246657758951187,0.78194659948349,0.21991531550884247,0,0.9244019389152527,0.11481436342000961,0.6815256662666798,0.5204588827900711,0.29971498047661355,0.45423571209603386,0.07991173597556867,0.0035867482990398084,0.057014239672610004,0.39722147242342387
ood_inverted,train_mixed,pre_softmax,14,16,3.0,0.8776505451565917,0.9270170255423521,0.9864373260627839,-0.001561133911351588,0.2942102253437042,0.27371835708618164,0.24905318021774292,0.6585201621055603,0.24342335760593414,0,0.9176030158996582,0.12101353704929352,0.6786261722445487,0.5191711626917359,0.24392046506353635,0.43659595340327606,0.09063597214409547,0.0037357734794985797,0.0645659125447164,0.3720300408585597
ood_inverted,train_mixed,pre_softmax,14,16,5.0,0.8227667487309417,0.8049928368046323,0.9907674889526945,-0.006012154276853393,0.26003164052963257,0.2657049298286438,0.20640715956687927,0.5226521492004395,0.2034602165222168,0,0.9485118389129639,0.12047719955444336,0.7001014471054077,0.49458366301113443,0.21854596331997397,0.4117723531037863,0.06409311571450926,0.0036924897457720745,0.04597292792388811,0.36579942517989816
ood_inverted,train_mixed,pre_softmax,14,16,8.0,0.8045972473642757,0.5898611646165247,1.0,-0.003764865414544814,0.2131171077489853,0.2713924050331116,0.16008850932121277,0.43146952986717224,0.16008850932121277,0,0.9620428085327148,0.1279948353767395,0.7118284165859222,0.4482774202576487,0.18407293919304926,0.36901607593826885,0.0485322974470932,0.002796423440303094,0.03481153524505617,0.3342045406932127
ood_inverted,train_mixed,pre_softmax,14,16,12.0,0.711927370399503,0.4548286755930052,1.0,7.556827471987073e-05,0.3027701675891876,0.3767874836921692,0.21983562409877777,0.5077301859855652,0.21983562409877777,0,0.9537217020988464,0.12825100123882294,0.7060804918408394,0.48338067013826835,0.17632876188619867,0.3912650976626474,0.062414479050762806,0.0035866836581464464,0.04476614043297789,0.3464989572296695
ood_inverted,train_mixed,pre_softmax,14,16,16.0,0.856078691791146,0.6325860737914664,0.9863720247338869,-0.001860701982075483,0.2874462902545929,0.37975743412971497,0.23363007605075836,0.6410400867462158,0.2280011922121048,0,0.9487951993942261,0.12700624763965607,0.702258513867855,0.4680228343945332,0.1940015015642263,0.3858164345454411,0.06363443798465818,0.0043054540054504415,0.045835742790895855,0.33998069175454526
ood_inverted,train_mixed,pre_softmax,14,16,24.0,0.4805833968933435,0.028049284487885517,0.026771644283463087,-0.0065721610515457685,0.48200660943984985,0.5141174793243408,0.5142081379890442,0.5161077976226807,0.44514989852905273,0,0.9689936637878418,0.14251387119293213,0.7210497260093689,0.3789094219106909,0.05348005494492053,0.28128061182095976,0.04501800395936262,0.003572241164166292,0.03258427512080372,0.24869633670015603
ood_inverted,train_mixed,pre_softmax,15,8,0.0,0.9108172520736298,0.823697712876883,0.96368078428765,-0.0009920716958072083,0.23835968971252441,0.29989850521087646,0.20101836323738098,0.881735622882843,0.1753634810447693,0,0.8547590970993042,0.14098839461803436,0.6406278863549232,0.6676842297683265,0.3531551890321104,0.5733255175474616,0.14712519300006743,0.0016335156414276277,0.10347768979247549,0.4698478277549861
ood_inverted,train_mixed,pre_softmax,15,8,0.5,0.9200308441809933,0.9001972261047091,0.9598470503959183,-0.0011852862813833225,0.21880562603473663,0.23286563158035278,0.19058001041412354,0.871013343334198,0.162115678191185,0,0.852973222732544,0.13882625102996826,0.6387291312217712,0.7009206796332683,0.3639914387462863,0.5998419073671737,0.15406314511852404,0.0018285643850836975,0.10839277089849192,0.49144913646868177
ood_inverted,train_mixed,pre_softmax,15,8,1.0,0.8708860617959229,0.9135473499725014,0.9606244500594618,-0.001503389989915111,0.2637160122394562,0.23483392596244812,0.20296229422092438,0.8533139228820801,0.1763046830892563,0,0.902129590511322,0.13814814388751984,0.6729351565241813,0.6756860952287955,0.3659835457863894,0.5827753303960737,0.10093449392418641,0.0020662432092448334,0.07127401870970393,0.5115013116863697
ood_inverted,train_mixed,pre_softmax,15,8,2.0,0.9140912868481255,0.8594353225812085,0.9538803647118068,-0.0018635257005555376,0.24860675632953644,0.2814844846725464,0.22467204928398132,0.7984688878059387,0.19692926108837128,0,0.8931316137313843,0.1383586823940277,0.6666997343301773,0.6578420352885248,0.3243939381354112,0.5578076061425907,0.10701173020262489,0.0018964560822128495,0.07547714796650128,0.48233045817608944
ood_inverted,train_mixed,pre_softmax,15,8,3.0,0.879433235043021,0.4820219866307574,0.9234408784031968,-0.0006774938901372507,0.2903677523136139,0.4491719603538513,0.27278244495391846,0.6417863368988037,0.2421896755695343,0,0.841608464717865,0.13457424938678741,0.6294982001185416,0.5208977538512979,0.15666647138959497,0.41162836911278694,0.14501175553116474,0.0022415856175770034,0.10218070455708843,0.3094476645556985
ood_inverted,train_mixed,pre_softmax,15,8,5.0,0.8671902856016208,0.41153202588535204,0.8804228787794727,-7.64437983568017e-05,0.23660537600517273,0.3868910074234009,0.23224098980426788,0.5226228833198547,0.19280195236206055,0,0.8881511092185974,0.14153820276260376,0.6641672372817993,0.627573002745345,0.2609136804811016,0.517575206066072,0.11801575348033022,0.001479150887720669,0.08305477270254735,0.43452043336352464
ood_inverted,train_mixed,pre_softmax,15,8,8.0,0.68142856420155,0.3375519394342724,0.8756447264828151,-0.0017639742360368738,0.2414921671152115,0.3448076844215393,0.18314117193222046,0.4462229907512665,0.14577943086624146,0,0.918378472328186,0.16348037123680115,0.6919090420007705,0.555931795046833,0.18750133736627378,0.4454026577426652,0.09115085953700353,0.0017019589659357406,0.06431618936568319,0.381086468376982
ood_inverted,train_mixed,pre_softmax,15,8,12.0,0.5974292218882375,0.11210817669128557,0.8941245979772348,-0.0015587301982461013,0.3151010274887085,0.44988998770713806,0.23269936442375183,0.48102596402168274,0.20329442620277405,0,0.9657570123672485,0.18200968205928802,0.7306328132748603,0.4681012298195514,0.15359053012231075,0.3737480199103792,0.03806778374514441,0.0015188576428468148,0.027103105914455132,0.34664491399592406
ood_inverted,train_mixed,pre_softmax,15,8,16.0,0.8430601030973329,0.3116381831908746,0.8834864772339247,-0.0010100218432656128,0.28507497906684875,0.5005872249603271,0.26868051290512085,0.6269686222076416,0.2214297503232956,0,0.8507319092750549,0.15980686247348785,0.6434543952345848,0.5720825711342588,0.13597843969873358,0.4412513317036012,0.14007946508707025,0.0024215932964250053,0.09878210354987667,0.34246922815372455
ood_inverted,train_mixed,pre_softmax,15,8,24.0,0.25349198004011003,0.13450694995759374,0.2526077001858731,-0.002594518842219639,0.4877370595932007,0.5042144656181335,0.4878595173358917,0.5228413939476013,0.38435837626457214,0,0.9024980664253235,0.22739920020103455,0.6999684065580368,0.4672899876554315,0.0480740711167592,0.3415252126938298,0.12153698360164567,0.0017748499009360651,0.08560834349143277,0.25591686920239703
ood_inverted,train_mixed,pre_softmax,15,16,0.0,0.9430425371518488,0.9564354206638822,0.9961234568547117,-0.0020689466623710928,0.21559664607048035,0.2061362862586975,0.17810176312923431,0.881735622882843,0.1753634810447693,0,0.8959153890609741,0.14098839461803436,0.6694372907280921,0.6495351514308068,0.3312646789716321,0.5540540096930543,0.11558515133946135,0.0036058209666350316,0.08199135222761345,0.47206265746544085
ood_inverted,train_mixed,pre_softmax,15,16,0.5,0.9210204325252326,0.9549880871245534,0.9891302933533098,-0.001880802215241792,0.21810410916805267,0.19402451813220978,0.16982118785381317,0.871013343334198,0.162115678191185,0,0.8429133892059326,0.13882625102996826,0.6316872477531433,0.6782328429865472,0.340876096513358,0.5770258190445904,0.17445524268642787,0.0036508136394850545,0.12321391397234502,0.45381190507224534
ood_inverted,train_mixed,pre_softmax,15,16,1.0,0.9351102465082841,0.9478780782941225,0.9846432093308786,-0.0014263540188928737,0.2202356457710266,0.2115917056798935,0.18670137226581573,0.8533139228820801,0.1763046830892563,0,0.9112291932106018,0.13814814388751984,0.6793048784136771,0.6155227230111158,0.3342553771828052,0.5311425192626226,0.10436938875476875,0.0037685977517358383,0.07418915145385888,0.4569533678087637
ood_inverted,train_mixed,pre_softmax,15,16,2.0,0.9356979344437183,0.8994442493122322,0.984041548488095,-0.002664048066418684,0.2356095016002655,0.2574175298213959,0.206528902053833,0.7984688878059387,0.19692926108837128,0,0.898996114730835,0.1383586823940277,0.6708048850297927,0.6236774523844267,0.3219463409093327,0.5331581189418985,0.10736584248075143,0.0027538896044591436,0.07598225661786373,0.45717586232403473
ood_inverted,train_mixed,pre_softmax,15,16,3.0,0.8746389440104699,0.7904452627970011,0.9757967470597743,-0.0007292531107179698,0.2922835350036621,0.3259270489215851,0.25186121463775635,0.6417863368988037,0.2421896755695343,0,0.9268696904182434,0.13457424938678741,0.6891810581088066,0.5883910839763009,0.2663836909269541,0.4917888660614968,0.07837257724167201,0.00327190984360792,0.05584237702225278,0.43594648903924405
ood_inverted,train_mixed,pre_softmax,15,16,5.0,0.9030787513890453,0.7927155927457546,0.9982197450174637,0.0006111889504555635,0.22476860880851746,0.2611686885356903,0.19338911771774292,0.5226228833198547,0.19280195236206055,0,0.9213759899139404,0.14153820276260376,0.6874246537685393,0.5733469015920767,0.2619363638504818,0.4799237402695982,0.08585038290118685,0.003238862858672059,0.061066926888432405,0.4188568133811658
ood_inverted,train_mixed,pre_softmax,15,16,8.0,0.8173550147189629,0.5470140349182187,0.995078270839035,-0.003778215974605437,0.20065394043922424,0.2818761467933655,0.14725813269615173,0.4462229907512665,0.14577943086624146,0,0.9271211624145508,0.16348037123680115,0.6980289250612258,0.5547391526906497,0.2032359356650654,0.44928818758297434,0.09025219285869501,0.0034713557925682634,0.06421794173885699,0.38507024584411736
ood_inverted,train_mixed,pre_softmax,15,16,12.0,0.750651348774842,0.5592796061089004,1.0,-0.0054214323148828155,0.2725464105606079,0.3256963789463043,0.20329442620277405,0.48102596402168274,0.20329442620277405,0,0.9621798992156982,0.18200968205928802,0.7281288340687752,0.5220348458112525,0.19105988804566112,0.42274235848157504,0.049171041012397665,0.004160847265943789,0.0356679828884615,0.38707437559311353
ood_inverted,train_mixed,pre_softmax,15,16,16.0,0.9084054445497898,0.8151864691465481,0.9758970456750852,-0.0042041130391108255,0.258574903011322,0.29637882113456726,0.23120443522930145,0.6269686222076416,0.2214297503232956,0,0.9228503108024597,0.15980686247348785,0.6939372763037681,0.5655834757451413,0.22983037341002077,0.46485754504460514,0.07815114957868607,0.0039083240610141715,0.0558783019233845,0.40897924312122064
ood_inverted,train_mixed,pre_softmax,15,16,24.0,0.3504016489914712,0.13560148569345382,0.4703086199100914,-0.0016992635018386092,0.47431671619415283,0.5040628910064697,0.4577116370201111,0.5228413939476013,0.38435837626457214,0,0.9628045558929443,0.22739920020103455,0.7421829491853714,0.42062063219842416,0.062148600393223535,0.31307902265686394,0.05349055727146801,0.004490886037340342,0.03879065590122971,0.2742883667556342
ood_inverted,train_mixed,pre_softmax,16,8,0.0,0.00796452573442773,0.9089630603823521,0.9512076212258057,0.00030445697932749793,0.8613119721412659,0.2684593200683594,0.2406626045703888,0.8665525913238525,0.20855745673179626,0,0.9425584673881531,0.14209207892417908,0.7024185508489608,0.6023256342971581,0.3328313123232838,0.5214773377049958,0.06103279909750614,0.0017469938875227578,0.04324705753451112,0.4782302801704847
ood_inverted,train_mixed,pre_softmax,16,8,0.5,-0.009693136044968177,0.9120866980896303,0.9570515308859443,0.0003018132673673956,0.870743989944458,0.26673227548599243,0.23726831376552582,0.8643923997879028,0.2091256082057953,0,0.8885940313339233,0.13884861767292023,0.6636704072356223,0.6086101096698864,0.359563347702519,0.5338960810796761,0.1180826547315158,0.0013820226231344005,0.08307246509900137,0.4508236159806748
ood_inverted,train_mixed,pre_softmax,16,8,1.0,0.8237155808600923,0.89420195665174,0.9496236298602164,-0.00022031973254707805,0.3192170262336731,0.27453795075416565,0.23940791189670563,0.8413441777229309,0.2074759304523468,0,0.828665018081665,0.13802474737167358,0.6214729368686676,0.6757647772915653,0.3740547733210643,0.5852517761004149,0.17875887921406852,0.0025531536231996397,0.12589716153680786,0.45935461456360704
ood_inverted,train_mixed,pre_softmax,16,8,2.0,0.814618415431887,0.8417499284104724,0.9408627078682734,-0.000988177367637477,0.341420441865921,0.32754772901535034,0.2768700122833252,0.7579459547996521,0.24663230776786804,0,0.8475993275642395,0.1462826132774353,0.6372043132781982,0.6213041204662951,0.30988167906970066,0.5278773880473168,0.15154331264563248,0.00199722022395116,0.10667948491912808,0.42119790312818867
ood_inverted,train_mixed,pre_softmax,16,8,3.0,0.7736334065057339,0.7207779291330554,0.9660523782862637,-0.0011118715438390586,0.35466432571411133,0.3750084936618805,0.2806019186973572,0.6524372100830078,0.26753541827201843,0,0.9166008830070496,0.1538243442773819,0.6877679213881492,0.5429442385291765,0.25875601175711704,0.4576877704975586,0.09098816394928722,0.0015473181798396354,0.06415591021845293,0.3935318602791057
ood_inverted,train_mixed,pre_softmax,16,8,5.0,0.8575255136580598,0.80742751741334,0.9884245691728415,-0.0016526783288040936,0.2671872079372406,0.2821566164493561,0.22807423770427704,0.5234180092811584,0.22461546957492828,0,0.9272162318229675,0.1625146120786667,0.6978057458996771,0.48465851556606665,0.20112800876080184,0.39959936352448716,0.06759221740141363,0.0017065020704310422,0.04782650280211885,0.3517728607223683
ood_inverted,train_mixed,pre_softmax,16,8,8.0,0.6605665735035644,0.5556441822676342,0.9221089709719933,-0.0012435139880671315,0.2676475942134857,0.29592418670654297,0.19716189801692963,0.44567033648490906,0.1761702597141266,0,0.8710405826568604,0.18566933274269104,0.6654292076826095,0.43423153983413276,0.0971478164689376,0.3331064228245742,0.1389839929286244,0.0018738207998117349,0.09785094128998059,0.2352554815345936
ood_inverted,train_mixed,pre_softmax,16,8,12.0,0.5879341760708681,0.06395626804962057,0.9327093964765366,-0.0013128301648468942,0.33193790912628174,0.4516107738018036,0.2531936764717102,0.46621793508529663,0.23782497644424438,0,0.93667072057724,0.18710047006607056,0.7117996454238891,0.42770416763083596,0.13690765454397633,0.340465213704778,0.06821387735673246,0.0018742307212147994,0.04831198336607715,0.29215323033870083
ood_inverted,train_mixed,pre_softmax,16,8,16.0,0.10243511918978347,0.26548081045900607,0.9003640736973424,-0.0009388567140257482,0.5687984824180603,0.5086787939071655,0.27457886934280396,0.6065692901611328,0.2378402054309845,0,0.92372065782547,0.2041051834821701,0.70783601552248,0.45641305955671385,0.1436596595582727,0.36258703955718147,0.09583010617412846,0.0016441761721989656,0.06757432717354961,0.29501271238363186
ood_inverted,train_mixed,pre_softmax,16,8,24.0,0.47139610455583464,0.5631255148310417,-0.23429716477563137,-0.006569517625782895,0.49057361483573914,0.48707565665245056,0.5174841284751892,0.5085495710372925,0.4704161286354065,0,0.9735162854194641,0.24804756045341492,0.7558756679296493,0.2639388478262523,0.020530720146497566,0.19091640952232586,0.03667667340986547,0.0020274573600384945,0.026281908594917375,0.16463450092740847
ood_inverted,train_mixed,pre_softmax,16,16,0.0,0.9379089159107669,0.9139827959613297,0.9978836118308485,-0.0036311997837911577,0.24941308796405792,0.2651563584804535,0.2099500298500061,0.8665525913238525,0.20855745673179626,0,0.8930563926696777,0.14209207892417908,0.6677670985460281,0.6066794610950756,0.32526718532804905,0.5222557783649676,0.12176311212375512,0.0035787156756034665,0.08630779318930962,0.435947985175658
ood_inverted,train_mixed,pre_softmax,16,16,0.5,0.9344707727552126,0.9086525033650406,0.999328333584617,-0.005658407507491323,0.2520647346973419,0.26898258924484253,0.20956572890281677,0.8643923997879028,0.2091256082057953,0,0.9192649722099304,0.13884861767292023,0.6851400658488273,0.586979579365007,0.32773621766249283,0.5092065708542527,0.0967392924579148,0.004589887887589649,0.06909447108681724,0.4401120997674355
ood_inverted,train_mixed,pre_softmax,16,16,1.0,0.9308217197266888,0.892421767570769,0.998880535033729,-0.002505608021105182,0.2513258457183838,0.27566635608673096,0.20818552374839783,0.8413441777229309,0.2074759304523468,0,0.8709693551063538,0.13802474737167358,0.6510859727859497,0.6315670705014327,0.35054885293677135,0.5472616052320343,0.13266646822315553,0.004505127408038336,0.09421806597862037,0.4530435392534139
ood_inverted,train_mixed,pre_softmax,16,16,2.0,0.9481851522882507,0.851038469265813,0.9994029494593963,-0.0026731031281461578,0.27312594652175903,0.32279837131500244,0.2469375878572464,0.7579459547996521,0.24663230776786804,0,0.8727172017097473,0.1462826132774353,0.6547868251800537,0.5713353925075852,0.3045098109845809,0.49128771805068394,0.13344649553614374,0.0038197596360057358,0.09455847476610232,0.3967292432845816
ood_inverted,train_mixed,pre_softmax,16,16,3.0,0.9452167108098769,0.7243228326770375,1.0,-0.005151000440490057,0.28862160444259644,0.37364405393600464,0.26753541827201843,0.6524372100830078,0.26753541827201843,0,0.9290828108787537,0.1538243442773819,0.6965052708983421,0.494312876327351,0.2409943517528009,0.4183173189549859,0.08067757471986081,0.0029869138331826742,0.05737037645385737,0.3609469425011286
ood_inverted,train_mixed,pre_softmax,16,16,5.0,0.9164323252909804,0.7776543726981131,0.9896032868849601,-0.0020330835880713726,0.24958570301532745,0.291052907705307,0.22772203385829926,0.5234180092811584,0.22461546957492828,0,0.9344735741615295,0.1625146120786667,0.7028858855366706,0.5036179116609578,0.2270310582448019,0.420641855636111,0.07843870457092872,0.003154576022244571,0.05585346600632347,0.36478838962978755
ood_inverted,train_mixed,pre_softmax,16,16,8.0,0.8006843363240334,0.7413062945804465,0.9917813622632153,-0.0034585060006046718,0.22988584637641907,0.24588823318481445,0.1783851832151413,0.44567033648490906,0.1761702597141266,0,0.8986920118331909,0.18566933274269104,0.6847852081060409,0.5088305338259587,0.18100228562901244,0.41048205936687476,0.1139858846690881,0.003962001057654041,0.08097871958565787,0.3295033397812169
ood_inverted,train_mixed,pre_softmax,16,16,12.0,0.7200335195122498,0.6114299344589668,0.9772571518644771,-0.0039375770852221334,0.30176734924316406,0.32657164335250854,0.24301928281784058,0.46621793508529663,0.23782497644424438,0,0.9157269597053528,0.18710047006607056,0.697139012813568,0.4622705736667875,0.16194740137551533,0.3721736219794058,0.09256020003327392,0.003734732106898017,0.06591255965536115,0.30626106232404465
ood_inverted,train_mixed,pre_softmax,16,16,16.0,0.6974819549330996,0.8760545063869495,0.9763226010598509,-0.006873472165476729,0.34938740730285645,0.2835425138473511,0.24657075107097626,0.6065692901611328,0.2378402054309845,0,0.9393092393875122,0.2041051834821701,0.7187480226159095,0.44774822964094385,0.16268982098858376,0.3622307070452358,0.0747331663754387,0.003478696446906382,0.053356825396879,0.30887388164835683
ood_inverted,train_mixed,pre_softmax,16,16,24.0,0.5301458486056774,0.5789428437899067,-0.006241276202653128,-0.02260020350968234,0.4883332848548889,0.486472487449646,0.5087875723838806,0.5085495710372925,0.4704161286354065,0,0.9050883054733276,0.24804756045341492,0.7079760819673537,0.3813762550633415,0.05236148260429239,0.2826718233256268,0.1200002039610859,0.0035607267338974074,0.08506836079292936,0.19760346253269745
ood_inverted,train_mixed,pre_softmax,17,8,0.0,0.9326550264919038,0.9989151575331982,0.9961260195004762,-7.596213186267352e-05,0.2525373101234436,0.20777232944965363,0.20965665578842163,0.8826339244842529,0.20703941583633423,0,0.8669283390045166,0.09752186387777328,0.6361063964664936,0.5926341826108378,0.3426902887901581,0.5176510144646339,0.13421273557328783,0.0013548479432103136,0.09435536928426456,0.42329564518036933
ood_inverted,train_mixed,pre_softmax,17,8,0.5,0.7559242830461004,0.9872655871863969,0.9926143242716627,-0.0002921617950787213,0.37459298968315125,0.21808937191963196,0.21447092294692993,0.8859797716140747,0.20947447419166565,0,0.9150852560997009,0.09680356830358505,0.6696007497608661,0.5678235927682921,0.34212066394556506,0.500112714121474,0.09443263248076761,0.0019218536705548227,0.06667939883770377,0.43343331528377016
ood_inverted,train_mixed,pre_softmax,17,8,1.0,0.7752846267287881,0.9858765310010844,0.9935166322068906,-0.0009648318000223013,0.36618974804878235,0.22649066150188446,0.2214224934577942,0.8804856538772583,0.2171216607093811,0,0.8711228370666504,0.09745611250400543,0.6390228196978569,0.5726667675354645,0.3120295752615914,0.4944756098533026,0.12747009841866108,0.0016023114463173803,0.08970976232695797,0.4047658475263446
ood_inverted,train_mixed,pre_softmax,17,8,2.0,0.8002719517713502,0.9457089288221333,0.9896932404155458,-2.6065307579019554e-05,0.35595470666885376,0.27846428751945496,0.25502896308898926,0.7823483943939209,0.2495374083518982,0,0.8992507457733154,0.0995459258556366,0.6593392997980118,0.5676799012634962,0.2836690975296664,0.4824766601433472,0.10838845132278163,0.001437001380057081,0.07630301633996427,0.40617364380338294
ood_inverted,train_mixed,pre_softmax,17,8,3.0,0.8077560931159153,0.7148739097571533,0.9717076673152168,0.00028057129704533806,0.33497917652130127,0.3707334101200104,0.2718673646450043,0.6459182500839233,0.2609764635562897,0,0.9080861806869507,0.10459467768669128,0.6670387297868728,0.5359374933503748,0.23924324388108298,0.4469292185095872,0.09640836917387952,0.002108007244799101,0.06811826059515538,0.37881095791443187
ood_inverted,train_mixed,pre_softmax,17,8,5.0,0.8249236214885068,0.19974622240821327,0.986368700157187,-7.673449626967508e-05,0.2744427025318146,0.4628615975379944,0.22578562796115875,0.5230620503425598,0.22167736291885376,0,0.948325514793396,0.11414851248264313,0.6980724141001701,0.41773255620626004,0.17226812678485395,0.3440932273798382,0.06000634930960658,0.0023843412545253946,0.04271974689308222,0.301373480486756
ood_inverted,train_mixed,pre_softmax,17,8,8.0,0.7138442936985238,0.8283970322759387,0.9767725081777204,-0.00034431286245118636,0.26534029841423035,0.23590201139450073,0.1977718025445938,0.44878727197647095,0.19180269539356232,0,0.9131865501403809,0.11552358418703079,0.6738876603543759,0.3932962866033174,0.1450333776136493,0.31881741390641694,0.10967304706962622,0.0014881841229950532,0.07721758818563686,0.2415998257207801
ood_inverted,train_mixed,pre_softmax,17,8,12.0,0.0027235611459427893,0.21599351864776636,0.9855114393838499,-0.0011425905498340027,0.4872274398803711,0.4395992159843445,0.2677476704120636,0.48783567547798157,0.2645120322704315,0,0.9011110067367554,0.11673959344625473,0.6657995827496052,0.30189971843794583,0.08650541983214093,0.23728142885620435,0.11518285525531802,0.0016351357206317652,0.08111853939491215,0.1561628894612922
ood_inverted,train_mixed,pre_softmax,17,8,16.0,0.630008706989385,0.5894036976502799,0.9379742894208458,-0.0005898126279224008,0.3878033757209778,0.40273571014404297,0.2745502293109894,0.6194866299629211,0.2517405152320862,0,0.9086257815361023,0.10935386270284653,0.6688442058861255,0.42864405281780127,0.17903106098032298,0.3537601552665578,0.09924728679167194,0.002463867068815178,0.0702122608748149,0.2835478943917429
ood_inverted,train_mixed,pre_softmax,17,8,24.0,-0.003456884079044349,-0.032662954130894324,0.009139055133686447,-0.00793900374046687,0.5184683203697205,0.5211171507835388,0.5173259377479553,0.5181547999382019,0.42746028304100037,0,0.8651716709136963,0.12719979882240295,0.6437801092863082,0.37038556044107795,0.02476526074862911,0.2666994705333433,0.155725529421764,0.001232289448204806,0.10937755742969622,0.15732191310364707
ood_inverted,train_mixed,pre_softmax,17,16,0.0,0.9352664122538124,0.9972148982826471,0.9967455167123307,-0.0038919784959233214,0.2507730722427368,0.20892101526260376,0.20923812687397003,0.8826339244842529,0.20703941583633423,0,0.9000322222709656,0.09752186387777328,0.6592791147530079,0.5455993496888593,0.32305340707929564,0.47883556690599016,0.12409442294752593,0.003368554685103147,0.08787666246879909,0.39095890443719106
ood_inverted,train_mixed,pre_softmax,17,16,0.5,0.9423215919857447,0.9872144632775928,0.9977515392129191,-0.003425323916548688,0.2484942227602005,0.21812395751476288,0.21099556982517242,0.8859797716140747,0.20947447419166565,0,0.8720452785491943,0.09680356830358505,0.6394727654755115,0.5679602329844027,0.31923923634087664,0.4933439339913448,0.14274637139022472,0.003771521851280133,0.10105391652854133,0.39229001746280345
ood_inverted,train_mixed,pre_softmax,17,16,1.0,0.9184638059137235,0.9888286440573038,0.9989469334423299,-0.0012556830327166753,0.27120983600616455,0.2245323359966278,0.21782022714614868,0.8804856538772583,0.2171216607093811,0,0.9348626136779785,0.09745611250400543,0.6836406633257865,0.5134624135746586,0.2920272139087747,0.4470318536748934,0.08553780443324377,0.003958210653979705,0.06106392629946454,0.38596792737542884
ood_inverted,train_mixed,pre_softmax,17,16,2.0,0.9414728129333148,0.9790852195722493,0.9945049745024239,-0.002145857210217824,0.2807213366031647,0.26068103313446045,0.25246521830558777,0.7823483943939209,0.2495374083518982,0,0.8898804783821106,0.0995459258556366,0.6527801126241684,0.5653347888319937,0.27814757524942374,0.4791786247572227,0.1256303140110563,0.003071865702829251,0.08886277951858816,0.39031584523863455
ood_inverted,train_mixed,pre_softmax,17,16,3.0,0.8961159223978812,0.927534952765466,0.9883186648894055,0.00030704905189895437,0.3009657859802246,0.28887128829956055,0.2654730975627899,0.6459182500839233,0.2609764635562897,0,0.8819624781608582,0.10459467768669128,0.6487521380186081,0.5411568658344221,0.23294994683782025,0.44869479013544156,0.15096860395399925,0.003419205557645481,0.10670378443509312,0.34199100570034846
ood_inverted,train_mixed,pre_softmax,17,16,5.0,0.8505941781458572,0.8941853051066412,0.996108542527128,-0.0019794731267092215,0.2667059898376465,0.25356829166412354,0.22285018861293793,0.5230620503425598,0.22167736291885376,0,0.9480322003364563,0.11414851248264313,0.6978670939803123,0.4387628240639655,0.1917981012466164,0.36467340721876074,0.07962701869706534,0.0033245787476934674,0.056736286712253774,0.30793712050650696
ood_inverted,train_mixed,pre_softmax,17,16,8.0,0.8105364838559422,0.8315004288254925,0.9993849567982452,-0.0017323494574926985,0.24049189686775208,0.2351044863462448,0.19196075201034546,0.44878727197647095,0.19180269539356232,0,0.8871718049049377,0.11552358418703079,0.6556773386895657,0.4287488762435022,0.15692653625125494,0.347202174245828,0.1540226718680211,0.003779125085372294,0.10894960783322645,0.23825256641260156
ood_inverted,train_mixed,pre_softmax,17,16,12.0,0.6886072432394057,0.6504528325756542,0.9992851135744615,-0.0010348971868678687,0.3340533971786499,0.34257417917251587,0.2646716833114624,0.48783567547798157,0.2645120322704315,0,0.9460258483886719,0.11673959344625473,0.6972399719059468,0.36474845642997256,0.11990807596721843,0.2912963422911463,0.07965565380843398,0.0033385500944482947,0.05676052269423827,0.23453581959690806
ood_inverted,train_mixed,pre_softmax,17,16,16.0,0.7386341534414003,0.7848785268007357,1.0,-0.002523114366273156,0.3478567898273468,0.33085060119628906,0.2517405152320862,0.6194866299629211,0.2517405152320862,0,0.911465585231781,0.10935386270284653,0.6708320684731006,0.43491484123789836,0.1805719980385304,0.358611988278088,0.11078339572737173,0.004309557529177977,0.0788412442679136,0.2797707440101744
ood_inverted,train_mixed,pre_softmax,17,16,24.0,0.19433669065126447,-0.04147669412786462,0.31191839650526104,-0.007768131143403841,0.5005295276641846,0.5219165086746216,0.4898655116558075,0.5181547999382019,0.42746028304100037,0,0.9444851875305176,0.12719979882240295,0.6992995709180831,0.3240003919827338,0.0490611370244481,0.24151861549524806,0.07770855222669071,0.003592826634806103,0.05547383454912533,0.18604478094612273
ood_inverted,train_mixed,pre_softmax,18,8,0.0,0.7525425438193973,0.9247833587009863,0.9656489207034674,-0.0009614457666165841,0.3790436089038849,0.2637101411819458,0.2363463193178177,0.8829505443572998,0.21334463357925415,0,0.8649868369102478,0.10101035982370377,0.6357938937842845,0.5590333588362679,0.34484707164057904,0.4947774726775612,0.13596971033450223,0.0019792763268567833,0.09577258013220859,0.39900489254535265
ood_inverted,train_mixed,pre_softmax,18,8,0.5,0.7812953165172029,0.9337941745689515,0.9628527098533406,-0.0012653910343547725,0.36134064197540283,0.25881388783454895,0.23927749693393707,0.8866145610809326,0.2143029421567917,0,0.9203929901123047,0.10167018324136734,0.6747761480510234,0.4863965722356861,0.2972147035512397,0.4296420116303522,0.08472633295892273,0.0018999330301977585,0.05987841298030524,0.369763598650047
ood_inverted,train_mixed,pre_softmax,18,8,1.0,0.8074860653022952,0.9403061935266096,0.96792668738572,-0.0006865272775489315,0.3402126729488373,0.2563785910606384,0.23894494771957397,0.8498858213424683,0.21870075166225433,0,0.8734778761863708,0.10492829233407974,0.6429130010306834,0.5143697223811728,0.2996936243389977,0.44996689296852027,0.13062775721605258,0.0015480256266407865,0.09190383773922903,0.35806305522929127
ood_inverted,train_mixed,pre_softmax,18,8,2.0,0.813317258928626,0.9294835453932762,0.9546672427435984,-0.002076435942105411,0.3647213280200958,0.30411192774772644,0.29097241163253784,0.7890670895576477,0.2673201858997345,0,0.9006601572036743,0.10259794443845749,0.6612414933741093,0.5361105938884683,0.28289156749290567,0.4601448859697994,0.10580114432320153,0.0016049656833915485,0.07454229073125854,0.3856025952385409
ood_inverted,train_mixed,pre_softmax,18,8,3.0,0.8747584224416639,0.8782389752751042,0.96485188479363,0.000559186610606613,0.33447134494781494,0.3331606090068817,0.3005431890487671,0.6638952493667603,0.2873068153858185,0,0.8784273862838745,0.10264283418655396,0.6456920206546783,0.49558801302839806,0.24292765651777518,0.41978990607521116,0.12216340174363827,0.0022408468866925817,0.08618663528655456,0.3336032707886566
ood_inverted,train_mixed,pre_softmax,18,8,5.0,0.8467359291500312,0.7748378241459685,0.9592271984682267,9.269643945705737e-05,0.3018333315849304,0.32305341958999634,0.26863253116607666,0.5517399311065674,0.2565988004207611,0,0.8719828724861145,0.1055322140455246,0.6420476749539376,0.4410381545348805,0.17660986812087687,0.3617096686106794,0.13586239316036386,0.002335727049912193,0.09580439332722836,0.26590527528345104
ood_inverted,train_mixed,pre_softmax,18,8,8.0,0.577189618068987,0.7513625142866214,0.8970071047872987,-0.002178211966986552,0.3001600503921509,0.25372421741485596,0.21489425003528595,0.4540432393550873,0.1874355524778366,0,0.8839386701583862,0.12188968062400818,0.6553239732980728,0.3752914802120402,0.13949351976945049,0.3045520920792632,0.14194989107030387,0.0015385201972366689,0.0998264798083837,0.2047256122708795
ood_inverted,train_mixed,pre_softmax,18,8,12.0,0.1362054460691854,0.6534561251240371,0.9387438321526591,-0.003078770640401227,0.44601187109947205,0.33495256304740906,0.27369821071624756,0.47525665163993835,0.26054584980010986,0,0.879223644733429,0.12371019273996353,0.6525696091353893,0.3565936410653362,0.11504493219444853,0.2841290284040699,0.15351841873569128,0.0020128242520409045,0.10806674039059616,0.17606228801347373
ood_inverted,train_mixed,pre_softmax,18,8,16.0,0.5508523579343383,0.7825112560446121,0.9331891214285833,-0.0020772470093638473,0.42834651470184326,0.3411746919155121,0.28447553515434265,0.635628879070282,0.2593350112438202,0,0.9177775979042053,0.12428390979766846,0.6797294914722443,0.3476467022746009,0.14431892836265184,0.2866483701010162,0.10700983839346534,0.002041807188436984,0.07551942903195684,0.21112894106905933
ood_inverted,train_mixed,pre_softmax,18,8,24.0,0.5424630101830682,0.09202164626575068,-0.5,-0.013058782827718886,0.4818136394023895,0.5038145184516907,0.5414924025535583,0.5083091259002686,0.45946618914604187,0,0.9191663861274719,0.14750294387340546,0.687667353451252,0.31309297995915053,0.032683750875385886,0.22897021123402111,0.0950883450009572,0.001843845100953561,0.0671149950309561,0.16185521620306503
ood_inverted,train_mixed,pre_softmax,18,16,0.0,0.8838496783416027,0.9934175547125486,0.9924565540185024,-0.002903030347807301,0.2911195755004883,0.21775227785110474,0.21839576959609985,0.8829505443572998,0.21334463357925415,0,0.9684122204780579,0.10101035982370377,0.7081916622817516,0.4337408446674461,0.3052865471142973,0.39520455540150146,0.041174621669205935,0.002451688183827379,0.029557741623592367,0.3656468137779091
ood_inverted,train_mixed,pre_softmax,18,16,0.5,0.88097950291268,0.9966559739070393,0.9928261335829776,-0.0021906079358139196,0.29432180523872375,0.21655116975307465,0.21912601590156555,0.8866145610809326,0.2143029421567917,0,0.9352375864982605,0.10167018324136734,0.6851673655211925,0.47299820649266877,0.302623276373333,0.421885727456868,0.08063913659739297,0.003731608719056785,0.05756687823389211,0.36431884922297586
ood_inverted,train_mixed,pre_softmax,18,16,1.0,0.8968174762648184,1.0,0.9948932333222682,-0.0010561376990518912,0.2838280200958252,0.21870075166225433,0.2219240665435791,0.8498858213424683,0.21870075166225433,0,0.9260606169700623,0.10492829233407974,0.6797209195792674,0.47081419880936193,0.29090656392499015,0.4168419083440503,0.08091164310768506,0.003376984482158488,0.05765124552002708,0.35919066282402323
ood_inverted,train_mixed,pre_softmax,18,16,2.0,0.9023574162469803,1.0,0.981227652766583,-0.0009753856774700702,0.318264901638031,0.2673201858997345,0.277114599943161,0.7890670895576477,0.2673201858997345,0,0.9132449626922607,0.10259794443845749,0.6700508572161198,0.5249111696556076,0.2844952306478199,0.45278638795327125,0.09956720318605194,0.0046032721861116385,0.07107802388606985,0.38170836406720143
ood_inverted,train_mixed,pre_softmax,18,16,3.0,0.9285589643920951,1.0,0.9913390968226156,0.002172803224004411,0.3142106831073761,0.2873068153858185,0.29056841135025024,0.6638952493667603,0.2873068153858185,0,0.9410011768341064,0.10264283418655396,0.6894936740398407,0.44978729894523595,0.24020820400627577,0.3869135704635479,0.06963732043037363,0.0038990771635022798,0.049915847450312224,0.33699772301323566
ood_inverted,train_mixed,pre_softmax,18,16,5.0,0.9173773814427181,0.9061530341473286,1.0,0.0007435910459278546,0.28098413348197937,0.2842969000339508,0.2565988004207611,0.5517399311065674,0.2565988004207611,0,0.9565333724021912,0.1055322140455246,0.7012330248951911,0.42437389557952865,0.2213703638258064,0.36347283605341196,0.05791317712973054,0.004138069849852615,0.04178064494576716,0.3216921911076448
ood_inverted,train_mixed,pre_softmax,18,16,8.0,0.8051031819768889,0.8673069174550333,0.981827423259416,-0.0017421447965454894,0.23939654231071472,0.22281254827976227,0.19228050112724304,0.4540432393550873,0.1874355524778366,0,0.9329690933227539,0.12188968062400818,0.6896452695131301,0.37568186649761126,0.18584892540028092,0.31873198416841214,0.08579681030544317,0.003761339428087354,0.06118616904223642,0.2575458151261757
ood_inverted,train_mixed,pre_softmax,18,16,12.0,0.6994068567432655,0.8205292276395625,1.0,-0.005454924762984907,0.32508644461631775,0.29908016324043274,0.26054584980010986,0.47525665163993835,0.26054584980010986,0,0.9415817260742188,0.12371019273996353,0.6962202660739422,0.3554113893276426,0.14223177644203774,0.29145750546196114,0.0732780211664884,0.003102317924110448,0.052225310193775014,0.23923219526818612
ood_inverted,train_mixed,pre_softmax,18,16,16.0,0.7129536562770789,0.9481363028218737,1.0,-0.003795878247094345,0.3673487901687622,0.2788510024547577,0.2593350112438202,0.635628879070282,0.2593350112438202,0,0.9364821910858154,0.12428390979766846,0.6928227066993713,0.3685530566323597,0.17552891489430092,0.31064581411094205,0.079821101118564,0.004903570260601313,0.05734584186117519,0.25329997224976686
ood_inverted,train_mixed,pre_softmax,18,16,24.0,0.4613425981010399,-0.031478488275956326,-0.4936612856085526,-0.015163857155147639,0.48577579855918884,0.5098466277122498,0.5324209928512573,0.5083091259002686,0.45946618914604187,0,0.9493880271911621,0.14750294387340546,0.7088225021958351,0.32926207219889325,0.04828865274292883,0.2449700463621039,0.06656098076306516,0.003039557616917671,0.04750455381922091,0.19746549254288298
ood_inverted,train_mixed,pre_softmax,19,8,0.0,0.6731244845476909,0.8734358797573691,0.9800375839728533,0.0001124971292695741,0.43899741768836975,0.31036603450775146,0.24191099405288696,0.8712490797042847,0.22909198701381683,0,0.947980523109436,0.0977383404970169,0.6929078683257103,0.49772403755211414,0.2821207094267383,0.43304303911450137,0.05384679066895515,0.001647056391359401,0.03818687038567642,0.39485616872882495
ood_inverted,train_mixed,pre_softmax,19,8,0.5,0.5427299239258668,0.8714955850551052,0.9856807161221147,0.0007080117517542726,0.5184866189956665,0.3100200593471527,0.23761656880378723,0.8626254796981812,0.22853687405586243,0,0.8866028785705566,0.0979430302977562,0.6500049240887165,0.5518515926464382,0.29331684012393583,0.47429116688968753,0.1280564446030027,0.0013062265683589462,0.09003137919260956,0.38425978769707797
ood_inverted,train_mixed,pre_softmax,19,8,1.0,0.8011030934014997,0.8499005430401074,0.9725971287791025,0.0008495460976166316,0.3566707968711853,0.3266247808933258,0.25107690691947937,0.849933385848999,0.23420415818691254,0,0.9513603448867798,0.09805996716022491,0.6953702315688133,0.467632921061252,0.27629152748083824,0.4102305029871278,0.054300767539682604,0.0019780175726617968,0.03860394254957636,0.3716265604375515
ood_inverted,train_mixed,pre_softmax,19,8,2.0,0.18150611056669444,0.8272726158808089,0.9560350606334739,-0.00040536877530753066,0.6716181635856628,0.3496350347995758,0.285433292388916,0.7621182203292847,0.26351210474967957,0,0.9132731556892395,0.10055648535490036,0.6694581545889378,0.5567762871901196,0.30307268853468644,0.48066520759348963,0.0853336610266695,0.0019509006623294014,0.06031883291736747,0.4203463746761222
ood_inverted,train_mixed,pre_softmax,19,8,3.0,0.6016581490338299,0.789975156938086,0.9227555572241659,-0.00027645839727754304,0.41836845874786377,0.349305659532547,0.30061018466949463,0.639018714427948,0.27228179574012756,0,0.9125470519065857,0.10379922389984131,0.6699227035045623,0.5078089282160585,0.23761612224879566,0.4267510864258796,0.08229661939508326,0.002025670492248577,0.058215334724232855,0.36853575170164676
ood_inverted,train_mixed,pre_softmax,19,8,5.0,0.5415435159370972,0.8125786517818737,0.9311909467312546,-0.0005325309165048565,0.3558783233165741,0.27615484595298767,0.2412656992673874,0.5151703357696533,0.22102589905261993,0,0.9014400243759155,0.10677944123744965,0.6630418494343757,0.4228225547411958,0.17623908166498137,0.34884751281833143,0.10286975736679527,0.001948525229986202,0.07259338772575255,0.27625412509257885
ood_inverted,train_mixed,pre_softmax,19,8,8.0,0.5183418750627137,0.6337458580717571,0.9429488957716616,0.00015189937380279107,0.3125406801700592,0.2790531516075134,0.18932968378067017,0.46295133233070374,0.1727747917175293,0,0.9174015522003174,0.11191882193088531,0.6757567331194877,0.4224891377087231,0.1605368370811776,0.3439034475204594,0.08152745565287445,0.0017177514783482165,0.05758454440051657,0.28631890311994285
ood_inverted,train_mixed,pre_softmax,19,8,12.0,0.013807994080279384,0.38035815948022234,0.8415880851970123,-0.00047237622991889056,0.45085981488227844,0.3708447813987732,0.270161896944046,0.45387399196624756,0.23558181524276733,0,0.9268029928207397,0.11824290454387665,0.6842349663376808,0.3133129457696041,0.08260114671808438,0.24409940605414818,0.07226280757844528,0.0016958190948912326,0.051092711033379055,0.19300669502076911
ood_inverted,train_mixed,pre_softmax,19,8,16.0,0.2917179515076138,0.8171136033475052,0.8754682873284796,0.0006637746177201557,0.49954748153686523,0.31295573711395264,0.29223135113716125,0.6031497120857239,0.2480045109987259,0,0.9295760989189148,0.11608199775218964,0.6855278685688971,0.2795240303025407,0.0962188477097671,0.22453247552470862,0.07943769446224047,0.0019054260112892892,0.05617801392695511,0.16835446159775352
ood_inverted,train_mixed,pre_softmax,19,8,24.0,-0.043650511441408975,-0.2829911871146011,-0.43193606203299656,-0.011435415989126327,0.48737969994544983,0.49630627036094666,0.5018613934516907,0.4857516884803772,0.44845518469810486,0,0.8266457319259644,0.1161935031414032,0.613510063290596,0.3304212066019334,0.018403338296037835,0.23681584611016473,0.19090675910266242,0.0018137545731378808,0.13417885774380506,0.10263698836635968
ood_inverted,train_mixed,pre_softmax,19,16,0.0,0.8582118251793683,0.9148191832573827,1.0,-0.0022686921069364112,0.3201422691345215,0.2837914526462555,0.22909198701381683,0.8712490797042847,0.22909198701381683,0,0.9194991588592529,0.0977383404970169,0.6729709133505821,0.4989051570706897,0.272069458643173,0.4308544475424347,0.10165533054150278,0.0029672633022154614,0.07204891036971657,0.3588055371727181
ood_inverted,train_mixed,pre_softmax,19,16,0.5,0.8086220828884172,0.9041735892158492,0.9986357002705757,-0.0011766042348258403,0.3498874306678772,0.2892993092536926,0.22940196096897125,0.8626254796981812,0.22853687405586243,0,0.937289297580719,0.0979430302977562,0.6854854173958301,0.5003398363441872,0.289985291262912,0.4372334728198046,0.08083339100154252,0.003264091694336316,0.05756260120938066,0.37967087161042395
ood_inverted,train_mixed,pre_softmax,19,16,1.0,0.8350944240333261,0.8886263797470573,0.9984921912014042,-0.0018643354938467078,0.3357413411140442,0.3027801513671875,0.23513256013393402,0.849933385848999,0.23420415818691254,0,0.914701521396637,0.09805996716022491,0.6697090551257133,0.5241775346626896,0.2945747771818858,0.4552967074184484,0.11543397858935289,0.0038210656551989873,0.08195010470910671,0.3733466027093417
ood_inverted,train_mixed,pre_softmax,19,16,2.0,0.9259416590533007,0.8617566956527456,1.0,-0.0038960111341927845,0.3004380464553833,0.3324410617351532,0.26351210474967957,0.7621182203292847,0.26351210474967957,0,0.9176608324050903,0.10055648535490036,0.6725295282900333,0.5164308771242133,0.27649634854553196,0.4444505185506089,0.11027123139310224,0.00410623065900483,0.07842173117287302,0.3660287873777359
ood_inverted,train_mixed,pre_softmax,19,16,3.0,0.9384166572604176,0.8061401718836609,0.9942154209014088,-0.002064417732051353,0.294866681098938,0.34337735176086426,0.2744032144546509,0.639018714427948,0.27228179574012756,0,0.8882430791854858,0.10379922389984131,0.6529099225997924,0.5336258315444651,0.23767244286255362,0.4448398149398916,0.13859041063212496,0.0038450044574364697,0.0981667887797184,0.3466730261601732
ood_inverted,train_mixed,pre_softmax,19,16,5.0,0.8341271059908258,0.8329271890113421,0.9938386091905455,-0.0027556651193110897,0.26981648802757263,0.2701694369316101,0.22283823788166046,0.5151703357696533,0.22102589905261993,0,0.9185788631439209,0.10677944123744965,0.6750390365719795,0.4657771279352293,0.1988505757931055,0.3856991622925921,0.10261370386343571,0.0028404813907492287,0.07268173712162976,0.3130174251709623
ood_inverted,train_mixed,pre_softmax,19,16,8.0,0.7837571709291096,0.7894992034783005,0.9909056540562114,-0.005399771113627818,0.23552338778972626,0.2338571846485138,0.17541375756263733,0.46295133233070374,0.1727747917175293,0,0.9306393265724182,0.11191882193088531,0.6850231751799583,0.44044855501206004,0.18189586414753228,0.3628827477527017,0.08940964985211819,0.004659347330999079,0.06398455909578245,0.29889818865691925
ood_inverted,train_mixed,pre_softmax,19,16,12.0,0.6030972043791734,0.8004977698654001,1.0,-0.0035004989985896974,0.32222259044647217,0.27913159132003784,0.23558181524276733,0.45387399196624756,0.23558181524276733,0,0.930450975894928,0.11824290454387665,0.6867885544896125,0.4180279937366673,0.1544606879542211,0.33895780200193343,0.09028839520670173,0.003866078361961542,0.06436170015327967,0.27459610184865374
ood_inverted,train_mixed,pre_softmax,19,16,16.0,0.6339799485520126,0.8395465001182585,0.9913345524352787,-0.0033312926389702582,0.3779947757720947,0.3049888014793396,0.25108200311660767,0.6031497120857239,0.2480045109987259,0,0.9355195760726929,0.11608199775218964,0.6896883025765418,0.3345172600699827,0.14609902594724666,0.27799178983316186,0.07655790230109305,0.003547191936030713,0.054654689191574346,0.22333710064158752
ood_inverted,train_mixed,pre_softmax,19,16,24.0,0.45109923345716174,-0.2899758123092732,-0.12489542239762581,-0.022381804336204906,0.468927264213562,0.4965667724609375,0.49040985107421875,0.4857516884803772,0.44845518469810486,0,0.8789218068122864,0.1161935031414032,0.6501033157110214,0.3424748973254048,0.042087223391500894,0.2523585951452336,0.14926107420490786,0.003527638200787771,0.10554104340367183,0.1468175517415618
